sequence,frame,filename,avg_magnitude,avg_direction,mii,density,dci,cpi,cri,ground_truth,normal_anomaly_score,cpi_plus_anomaly
Test003,1,001.tif,0.0,0.0,0.0,1.0,0.0,0.0,0.0,0,0.999761782286739,0.29992853468602165
Test003,2,002.tif,0.2210608571767807,210.435302734375,0.3325643837451935,0.0159557493883629,0.7990763187408447,0.156658318826345,0.1566583216190338,0,0.32411402806922096,0.2068950315992078
Test003,3,003.tif,0.2250871956348419,184.28599548339844,0.350011944770813,0.0110360599936177,0.7891698479652405,0.0986800716645566,0.1276692003011703,0,0.3627358971964537,0.1778968193241257
Test003,4,004.tif,0.2423862963914871,185.34054565429688,0.4173763394355774,0.0092277417296032,0.760310173034668,0.0844108638397404,0.1132497563958168,0,0.42035718518276344,0.1851947602426473
Test003,5,005.tif,0.2130096405744552,202.28659057617188,0.3775845766067505,0.0060365918519306,0.7753812074661255,0.0367642861025418,0.0941283926367759,0,0.4068783492994822,0.1477985050616239
Test003,6,006.tif,0.2123100161552429,204.5059051513672,0.3509511351585388,0.0064620785022869,0.6454996466636658,0.036613761054264,0.082625463604927,0,0.3396364263879036,0.12752056065435585
Test003,7,007.tif,0.2277984470129013,201.5789794921875,0.3781498968601227,0.0038293798532071,0.6965581178665161,0.0070584034348801,0.0527054779231548,0,0.3937593807792167,0.12306869663818107
Test003,8,008.tif,0.2347326278686523,195.95474243164065,0.3837900459766388,0.0047867248165088,0.7419466972351074,0.0199520357408471,0.0369598679244518,0,0.4078532477958049,0.13632239935733442
Test003,9,009.tif,0.2332822978496551,204.15040588378903,0.3900752067565918,0.0054781406233379,0.7254207134246826,0.0290779578263787,0.0258932895958423,0,0.4048276326414336,0.14180286027089517
Test003,10,010.tif,0.218837484717369,217.20542907714844,0.3557183742523193,0.0030581852994362,0.5660022497177124,0.0,0.0185404326766729,0,0.33517241045730706,0.10055172313719211
Test003,11,011.tif,0.2012546956539154,192.0857696533203,0.3189971148967743,0.0082703967663014,0.5698943734169006,0.0499667772221287,0.0212110355496406,0,0.27150255650145716,0.11642751100592723
Test003,12,012.tif,0.2241262942552566,213.0118103027344,0.3537890315055847,0.0090947771513668,0.4997164011001587,0.0597743004534199,0.0317542143166065,0,0.2911690814658916,0.12919273475716142
Test003,13,013.tif,0.2361187040805816,208.75802612304688,0.3759528696537018,0.0078715030315923,0.4635537266731262,0.0483573127862141,0.03743527084589,0,0.3321404721606481,0.1334922605985443
Test003,14,014.tif,0.2351391762495041,207.7143402099609,0.3966997563838959,0.0080842463567705,0.524765133857727,0.0557222834794696,0.0427641347050666,0,0.33293536772709253,0.13888620875375646
Test003,15,015.tif,0.2195521295070648,188.4491729736328,0.3669794201850891,0.0069407509839378,0.4205605983734131,0.036352930067286,0.0500347204506397,0,0.34322960829698024,0.12841593353619427
Test003,16,016.tif,0.2133308053016662,218.4576416015625,0.3449628949165344,0.0109562812466758,0.3002281188964844,0.0636894218282034,0.0527792498469352,0,0.34216594708480097,0.14723237940518266
Test003,17,017.tif,0.2375582009553909,177.3702392578125,0.4091130197048187,0.010583980427614,0.3710898756980896,0.0770977245890427,0.0562439337372779,0,0.3787988790305178,0.16760807092148522
Test003,18,018.tif,0.2357061505317688,185.3580474853516,0.3974665105342865,0.014599510690352,0.3259798288345337,0.1115787620582534,0.0688882246613502,0,0.36279522006846665,0.1869436994613174
Test003,19,019.tif,0.225937932729721,181.1934356689453,0.3878444135189056,0.0122593341133921,0.3950830698013305,0.0917833447790345,0.0761004313826561,0,0.34324033332200554,0.16722044134192582
Test003,20,020.tif,0.2278089970350265,198.6347503662109,0.4053481221199035,0.0133762365705775,0.3652606010437011,0.1050440224958253,0.0898386463522911,0,0.3633111000091642,0.18252414574982695
Test003,21,021.tif,0.2352780103683471,182.92559814453125,0.421596497297287,0.0153175194128284,0.425317108631134,0.1365548316386176,0.1044117361307144,0,0.348324743672917,0.2000858052489074
Test003,22,022.tif,0.2499377727508545,215.9097442626953,0.4651439785957336,0.0167801297734283,0.4247481226921081,0.1680409841181875,0.1226003915071487,0,0.3801595825574635,0.23167656364997027
Test003,23,023.tif,0.2465412616729736,203.01792907714844,0.4229287803173065,0.0160355281353047,0.3254931569099426,0.1339402234790856,0.1270726770162582,0,0.3783575899695446,0.20726543342622328
Test003,24,024.tif,0.2268091142177581,194.81089782714844,0.3852482140064239,0.0147324752685884,0.2904336452484131,0.1057466648993716,0.1298653483390808,0,0.3627084262028174,0.18283519329040532
Test003,25,025.tif,0.2441924065351486,202.38104248046875,0.4061385691165924,0.0160089352196574,0.3131567239761352,0.1268371955416029,0.1342239826917648,0,0.3675845913688389,0.1990614142897737
Test003,26,026.tif,0.2168336659669876,203.43626403808597,0.3921153247356415,0.0206095096266354,0.3271090388298034,0.1685761862759241,0.1406282484531402,0,0.3260184806561548,0.21580887458999332
Test003,27,027.tif,0.2177910357713699,204.16839599609372,0.3784889876842499,0.01890756302521,0.274823248386383,0.1394291915338297,0.1349058896303177,0,0.34007931260027224,0.19962422785376246
Test003,28,028.tif,0.2374426424503326,202.2616271972656,0.4202287197113037,0.0201840229762791,0.3176593780517578,0.1751407120349739,0.1431459933519363,0,0.35754874209279197,0.22986312105231932
Test003,29,029.tif,0.2241421490907669,195.23489379882807,0.3846873044967651,0.0195989788320391,0.2782214283943176,0.1486573088017647,0.1517281234264373,0,0.34106329514097977,0.20637910470352921
Test003,30,030.tif,0.2338148802518844,186.72244262695312,0.3926998376846313,0.0244920753111371,0.3754456043243408,0.2156419276942892,0.1694890558719635,0,0.28799486808587493,0.2373478098117649
Test003,31,031.tif,0.220664694905281,174.0058135986328,0.3931018412113189,0.0223912349750026,0.4961481094360351,0.2147498158011807,0.1787237823009491,0,0.2556939495365448,0.2270330559217899
Test003,32,032.tif,0.2378655076026916,183.564697265625,0.4058731198310852,0.0225773853845335,0.4672056436538696,0.2182120009425638,0.1944803446531295,0,0.2786570472868135,0.2363455148458387
Test003,33,033.tif,0.2452849000692367,224.94497680664065,0.3932450413703918,0.0210881821082863,0.4284682869911194,0.1895951481079315,0.197371244430542,0,0.2885911226770508,0.21929394047866724
Test003,34,034.tif,0.2557007670402527,215.54676818847656,0.4167478084564209,0.024093181576428,0.4020521640777588,0.229198479133813,0.2134794741868972,0,0.30455126171402114,0.25180431390787544
Test003,35,035.tif,0.259837657213211,191.45237731933597,0.4297918081283569,0.0231358366131262,0.3893091082572937,0.2230352621231258,0.2149581462144851,0,0.32683716792990547,0.2541758338651597
Test003,36,036.tif,0.2708166539669037,189.7061004638672,0.4573564827442169,0.0226571641314753,0.3577128648757934,0.2258873762922761,0.2171856611967086,0,0.3653310848793979,0.2677204888684126
Test003,37,037.tif,0.2523835599422455,218.9236297607422,0.4269146025180816,0.0254228273587916,0.2362270355224609,0.2173214794152248,0.2170075476169586,0,0.363460348431763,0.26116314012018627
Test003,38,038.tif,0.2360013723373413,219.5448303222656,0.410768449306488,0.0243059249016062,0.1775290966033935,0.1868806444340918,0.2164646685123443,0,0.3736475815950958,0.242910725582393
Test003,39,039.tif,0.2530528604984283,205.6788024902344,0.4301998019218445,0.0254494202744388,0.1806214451789856,0.2086115009813618,0.2123472690582275,0,0.3840323043487456,0.2612377419915769
Test003,40,040.tif,0.2359127700328827,205.0628967285156,0.4125643968582153,0.0255026061057334,0.2280173301696777,0.2083808549760371,0.2094163596630096,0,0.3527433771582845,0.2516896116307113
Test003,41,041.tif,0.2379619032144546,202.30319213867188,0.4129239022731781,0.028986278055526,0.2388715744018554,0.2437173445596019,0.2129823714494705,0,0.33112562759057806,0.2699398294688947
Test003,42,042.tif,0.2325939536094665,215.4587554931641,0.3799026310443878,0.0247048186363152,0.149026334285736,0.1682206513370216,0.2031621932983398,0,0.353162277976766,0.22370313932894492
Test003,43,043.tif,0.2456647008657455,232.46261596679688,0.3948659002780914,0.0276832251888097,0.1835610270500183,0.2082939032574431,0.2074448615312576,0,0.3398896397374691,0.24777262420145088
Test003,44,044.tif,0.2443651854991912,234.4800262451172,0.3931549489498138,0.0290660568024678,0.2614957690238952,0.2366153736063705,0.2130456268787384,0,0.3037529743043885,0.2567566538157759
Test003,45,045.tif,0.2557597160339355,193.7771453857422,0.4152280390262604,0.0293585788745878,0.2166064381599426,0.2436770907874256,0.2201048880815506,0,0.33888124624603233,0.2722383374250076
Test003,46,046.tif,0.2490955293178558,194.7639312744141,0.4126455187797546,0.0285076055738751,0.1797505021095276,0.2259051215257095,0.216542437672615,0,0.3532606846397234,0.2641117904599136
Test003,47,047.tif,0.25344118475914,196.21263122558597,0.4116659462451935,0.0314594192107222,0.1043621897697448,0.2329699339793746,0.2294922769069671,0,0.3619918364693665,0.27167650472637217
Test003,48,048.tif,0.242367073893547,209.44482421875,0.4151285886764526,0.0336666312094458,0.1650255918502807,0.2700759490987733,0.2418487071990966,0,0.3334617632202136,0.28909169333520535
Test003,49,049.tif,0.2328463792800903,188.8747711181641,0.3931373953819275,0.0346505690883948,0.1851105093955993,0.2667844969811821,0.2478825151920318,0,0.29987226237151343,0.2767108265982815
Test003,50,050.tif,0.2357963770627975,201.1441345214844,0.3837198615074157,0.0332145516434421,0.1981658935546875,0.2508294909668464,0.2493129968643188,0,0.2938934537307112,0.26374867979600586
Test003,51,051.tif,0.2146794497966766,181.4880828857422,0.3251019716262817,0.0312732688011913,0.1639139652252197,0.1843659166160602,0.2410051524639129,0,0.25788784831362377,0.20642249612532926
Test003,52,052.tif,0.2255271226167678,222.38397216796875,0.3629271984100342,0.034863312413573,0.163605511188507,0.2383346513383251,0.2420781105756759,0,0.2761306308335473,0.24967344518689172
Test003,53,053.tif,0.2235733866691589,211.9829864501953,0.3567434251308441,0.0319646846080204,0.106019914150238,0.1974472085146995,0.2275523692369461,0,0.30718768819641984,0.23036935241921558
Test003,54,054.tif,0.2558815479278564,233.01632690429688,0.4153046309947967,0.0347037549196894,0.1085350513458252,0.2638449710568845,0.2269644439220428,0,0.34721407145646166,0.28885570117675763
Test003,55,055.tif,0.2601284980773926,210.7484436035156,0.4544103741645813,0.0355015423891075,0.2036070823669433,0.3295226905935987,0.2427031099796295,0,0.34736262781367155,0.3348746717596205
Test003,56,056.tif,0.2537791132926941,222.7336578369141,0.4353947341442108,0.0372300819061801,0.203720211982727,0.3307903023044012,0.2719879746437073,0,0.3221261911073696,0.3281910689452917
Test003,57,057.tif,0.2696305513381958,214.5873565673828,0.4562008678913116,0.0390649930858419,0.1175751090049743,0.340553997796183,0.2924318313598633,0,0.3792657877395912,0.3521675347792054
Test003,58,058.tif,0.2749846279621124,219.2440490722656,0.4717327058315277,0.0400755238804382,0.1122042536735534,0.3593161664492033,0.3248056471347809,0,0.3992580553647369,0.3712987331238633
Test003,59,059.tif,0.2899787425994873,227.77220153808597,0.5099973678588867,0.0408467184342091,0.2016327977180481,0.3963416648975275,0.3513049781322479,0,0.407877204576755,0.39980232680129574
Test003,60,060.tif,0.268102616071701,183.4727478027344,0.4675037264823913,0.0432134879268163,0.2031437754631042,0.4215157063841302,0.3697035610675812,0,0.38256486908178977,0.40983045519342803
Test003,61,061.tif,0.258641630411148,230.6865692138672,0.4437500238418579,0.0443835762152962,0.1914657950401306,0.4047901518449259,0.3845035433769226,0,0.3712130891068607,0.3947170330235063
Test003,62,062.tif,0.2551887631416321,200.1640625,0.4469664692878723,0.0447026912030635,0.157684326171875,0.3990385138656075,0.3962004482746124,0,0.38634402941559964,0.3952301685306051
Test003,63,063.tif,0.2502468526363373,207.3331298828125,0.4462180733680725,0.049648973513456,0.08226078748703,0.4150874133025481,0.4073546826839447,0,0.43181700898880016,0.4201062920084237
Test003,64,064.tif,0.2566285133361816,202.1855316162109,0.4698293805122375,0.0462716732262525,0.0828012228012085,0.4087075064262666,0.4098278880119324,0,0.4352667268278442,0.41667527254673986
Test003,65,065.tif,0.2575761973857879,206.88128662109372,0.4179103374481201,0.0472822040208488,0.2157922387123108,0.4137783373528415,0.4082804322242737,0,0.35479887645598596,0.3960844990837848
Test003,66,066.tif,0.2619387209415436,221.665283203125,0.4531899988651275,0.0502606105733432,0.2339754700660705,0.4914780094461111,0.4256179332733154,0,0.3949686813486911,0.4625252110168851
Test003,67,067.tif,0.2861121892929077,200.16458129882807,0.4827856123447418,0.0506595043080523,0.2283614873886108,0.5109595322522561,0.4480021595954895,0,0.4232266113003669,0.4846396559666893
Test003,68,068.tif,0.2699082195758819,207.69232177734372,0.4472328424453735,0.046909903201787,0.3508057594299316,0.4945681952451184,0.4638982713222503,0,0.33474755858071537,0.44662200424579745
Test003,69,069.tif,0.2623913884162903,202.70635986328125,0.4323206543922424,0.0508456547175832,0.2440174221992492,0.4765175487903078,0.4774603247642517,0,0.3765916646402967,0.44653978354530444
Test003,70,070.tif,0.2641343474388122,199.82223510742188,0.4583518803119659,0.0487448143814487,0.2339776754379272,0.4816002620966793,0.4910246729850769,0,0.3920477414696859,0.4547345059085812
Test003,71,071.tif,0.2529329061508178,219.3470458984375,0.4154566824436188,0.0470162748643761,0.2558915019035339,0.4239437121563011,0.4775178432464599,0,0.33774640616791973,0.3980845203597867
Test003,72,072.tif,0.2483280748128891,191.45782470703125,0.4172006547451019,0.0468301244548452,0.2186091542243957,0.4098183441364551,0.4572896361351013,0,0.35088291067847566,0.3921377140990613
Test003,73,073.tif,0.2414727061986923,218.45947265625,0.4093437194824219,0.0487448143814487,0.0946894884109497,0.3692730908825644,0.4322306215763092,0,0.39328060577230095,0.37647534534948535
Test003,74,074.tif,0.2374433428049087,213.69825744628903,0.4498210549354553,0.0437985320710562,0.1029925942420959,0.3738191654568833,0.411690890789032,0,0.4013582473026137,0.3820808900106024
Test003,75,075.tif,0.2500881254673004,205.8176727294922,0.4479900896549225,0.0451281778534198,0.1000191569328308,0.3830398323392012,0.3919788002967834,0,0.40704853512651595,0.3902424431753956
Test003,76,076.tif,0.2758149802684784,222.7927703857422,0.4582200646400451,0.046324859057547,0.1356164813041687,0.4186547974720333,0.3909210562705993,0,0.41047509391075887,0.41620088640365094
Test003,77,077.tif,0.2688087522983551,200.5109100341797,0.4595081210136413,0.0483193277310924,0.2809937596321106,0.4970115012391434,0.4083596765995025,0,0.37615800385089726,0.46075545202266954
Test003,78,078.tif,0.2452242821455001,200.47071838378903,0.399972528219223,0.0471758323582597,0.3403840661048889,0.4407475271115236,0.4226545691490173,0,0.29413307011242484,0.39676319001179394
Test003,79,079.tif,0.2329464107751846,195.306640625,0.4008281826972961,0.0457930007446016,0.299074113368988,0.4123732599193348,0.4303653836250305,0,0.30205529650459506,0.3792778708949129
Test003,80,080.tif,0.394059419631958,199.3518829345703,0.4818470776081085,0.1281246675885544,0.5055246949195862,0.7527623474597931,0.504309892654419,0,0.641465158626839,0.7193731908099068
Test003,81,081.tif,0.4523118436336517,215.4290771484375,0.5680270195007324,0.0492766726943942,0.5828240513801575,0.639192579037947,0.5484174489974976,0,0.41878694429802354,0.5730708886159699
Test003,82,082.tif,0.2586872279644012,203.78732299804688,0.4167967736721039,0.047494947346027,0.303648829460144,0.4486300124933619,0.5387411713600159,0,0.32524449855192905,0.411614358310932
Test003,83,083.tif,0.2563812732696533,197.9213104248047,0.4262262880802154,0.0469630890330815,0.2964239120483398,0.4509511569901304,0.5407818555831909,0,0.3337982759742947,0.41580529268537963
Test003,84,084.tif,0.2294837683439254,200.4631805419922,0.3844875395298004,0.0452877353473034,0.2872800230979919,0.3856466323549637,0.5354365110397339,0,0.28719344153520376,0.3561106751090357
Test003,85,085.tif,0.2126896381378173,202.76307678222656,0.3506264686584472,0.0477342835868524,0.1722978353500366,0.3249003041568895,0.4498641490936279,0,0.3086176869527043,0.3200155189956339
Test003,86,086.tif,0.2367099821567535,205.2815093994141,0.4029510617256164,0.0474417615147324,0.2290142774581909,0.4035852024329233,0.4027426838874817,0,0.33740511476618873,0.38373117613290286
Test003,87,087.tif,0.2655465006828308,200.6679534912109,0.4459174275398254,0.0480799914902669,0.1986220479011535,0.4464703426936063,0.402310699224472,0,0.3891318265156145,0.4292687878402087
Test003,88,088.tif,0.2432737052440643,212.4165802001953,0.3929245769977569,0.0476279119242633,0.3169811964035034,0.4282157003841078,0.3977636694908142,0,0.29809225643325976,0.38917866719885336
Test003,89,089.tif,0.2427395582199096,187.4078521728516,0.3688705563545227,0.0422827358791617,0.484429657459259,0.410070100690948,0.4026483595371246,0,0.17446341106362984,0.33938809380275253
Test003,90,090.tif,0.2488235980272293,205.63278198242188,0.3922841250896454,0.0442240187214126,0.4167900681495666,0.4305676971022539,0.4237818121910095,0,0.24031322645972675,0.3734913559094957
Test003,91,091.tif,0.2664023339748382,214.72103881835935,0.4371683299541473,0.0486650356345069,0.3492774367332458,0.5022202592159429,0.4435088038444519,1,0.33513773370166966,0.4520955015616609
Test003,92,092.tif,0.2526691555976867,219.19845581054688,0.3977402746677398,0.0454472928411871,0.2823629379272461,0.3995187889072709,0.4341185092926025,1,0.30304881289220853,0.37057779610275215
Test003,93,093.tif,0.2495532184839248,207.236328125,0.3634374141693115,0.0498617168386341,0.4499131441116333,0.4691737764903204,0.4423101544380188,1,0.23064673888511655,0.3976156652087592
Test003,94,094.tif,0.2568313181400299,210.95675659179688,0.3816715180873871,0.048478885224976,0.3782843947410583,0.4478078122680299,0.4498577117919922,1,0.26913213527761304,0.39420510917090484
Test003,95,095.tif,0.2712946832180023,168.05906677246094,0.4785880744457245,0.0486650356345069,0.4537248015403747,0.5792537715795552,0.479594886302948,1,0.3385001519911254,0.5070276857030263
Test003,96,096.tif,0.2696646749973297,234.4194183349609,0.4674325585365295,0.049941495585576,0.3102701306343078,0.5363158042806846,0.4864140152931213,1,0.3818521691271155,0.4899767137346138
Test003,97,097.tif,0.2432276606559753,224.14205932617188,0.387751430273056,0.0497553451760451,0.3480915427207947,0.4553258687324614,0.497575432062149,1,0.2937110722126629,0.4068414297765218
Test003,98,098.tif,0.2375534176826477,228.48162841796875,0.3741921782493591,0.0545952558238485,0.3056145310401916,0.4658815511228955,0.4969169497489929,1,0.32222911649681996,0.4227858207350728
Test003,99,099.tif,0.230694368481636,178.94760131835938,0.3344912230968475,0.0557919370279757,0.3419516682624817,0.4404191804525694,0.4954392313957214,1,0.27666478277920237,0.3912928611505593
Test003,100,100.tif,0.2468178123235702,212.72879028320312,0.3674056231975555,0.0566960961599829,0.4103179574012756,0.5248227945175005,0.4845530390739441,1,0.29008558736048384,0.4544016323703955
Test003,101,101.tif,0.2697348892688751,171.344482421875,0.3540796637535095,0.0585310073396447,0.4833926558494568,0.5595485697511243,0.4891995787620544,1,0.259989895231311,0.46968096739518034
Test003,102,102.tif,0.2614513039588928,236.72933959960935,0.3881941437721252,0.0617487501329645,0.3515405058860779,0.5603199522573454,0.5101984143257141,1,0.357470035455396,0.4994649772167606
Test003,103,103.tif,0.2381001412868499,206.84014892578125,0.3543100953102112,0.0625199446867354,0.3549345731735229,0.5128866392616025,0.519599437713623,1,0.3289649554255647,0.45771013411079114
Test003,104,104.tif,0.245780810713768,219.26866149902344,0.3768869340419769,0.0599670247845973,0.3888880610466003,0.5599723725750818,0.5435100793838501,1,0.3250140390078122,0.4894848725049009
Test003,105,105.tif,0.2539888024330139,190.12843322753903,0.4228542149066925,0.0585576002552919,0.5107249021530151,0.6698691649624139,0.5725193619728088,1,0.31914814874491926,0.5646528600971654
Test003,106,106.tif,0.2786615192890167,219.8855438232422,0.4586551785469055,0.0609243697478991,0.4617735743522644,0.7176018185625919,0.6041299700737,1,0.3805147756999603,0.6164757057038023
Test003,107,107.tif,0.2672485411167145,193.57904052734372,0.4236495792865753,0.0619083076268482,0.3811511993408203,0.6265340861913604,0.6173728108406067,1,0.3803035363511519,0.5526649212392978
Test003,108,108.tif,0.2492900192737579,228.219970703125,0.3974586129188537,0.0603659185193064,0.2425527572631836,0.5192591416224839,0.6186473369598389,1,0.3935282744687584,0.48153988147636617
Test003,109,109.tif,0.2589000463485718,191.94322204589844,0.4173171520233154,0.06257313051803,0.2892006635665893,0.5713770835164773,0.6209282875061035,1,0.40660932700538543,0.5219467565631497
Test003,110,110.tif,0.2434873580932617,216.81817626953125,0.4048223197460174,0.0618285288799063,0.2411328554153442,0.5292262344814698,0.592799723148346,1,0.4071976049244084,0.49261764561435134
Test003,111,111.tif,0.267007440328598,191.97882080078125,0.4391782879829407,0.0636368471439208,0.3958079814910888,0.6563784066122236,0.5805549621582031,1,0.39755090096303725,0.5787301549174676
Test003,112,112.tif,0.2823565304279327,202.8838348388672,0.4805122315883636,0.0659770237208807,0.5102353096008301,0.755117654800415,0.6062716841697693,1,0.4086113479566055,0.6511657627472721
Test003,113,113.tif,0.2839077711105346,199.0530242919922,0.4601787030696869,0.0653387937453462,0.5055004954338074,0.7416743211545842,0.6507547497749329,1,0.3897612507918057,0.6361004000457506
Test003,114,114.tif,0.2773352861404419,207.7750701904297,0.4711926579475403,0.0670407403467716,0.4923769235610962,0.7461884617805481,0.685716986656189,1,0.4112470177787705,0.6457060285800148
Test003,115,115.tif,0.2595054805278778,163.95314025878906,0.4099248349666595,0.065126050420168,0.5826387405395508,0.7073775946737766,0.7213472723960876,1,0.3597552573996201,0.6030908934915297
Test003,116,116.tif,0.2527692019939422,231.516357421875,0.428099513053894,0.0691947665142006,0.5525548458099365,0.7186881132927843,0.7338092923164368,1,0.38655355611205444,0.6190477461385653
Test003,117,117.tif,0.2399352639913559,200.73324584960935,0.3668852746486664,0.0669343686841825,0.6317557096481323,0.6695306520840838,0.7166918516159058,1,0.3460329436847891,0.5724813395642954
Test003,118,118.tif,0.2574413418769836,194.09083557128903,0.3736437559127807,0.069141580682906,0.467978835105896,0.5974417087440257,0.6878452897071838,1,0.3438047323604906,0.5213506158289651
Test003,119,119.tif,0.2530496120452881,204.58648681640625,0.3799906373023987,0.0657376874800553,0.3623225092887878,0.5538162384565141,0.6493708491325378,1,0.36688018756141205,0.4977354231879835
Test003,120,120.tif,0.2601251602172851,214.7439117431641,0.3949983716011047,0.0624135730241463,0.388674259185791,0.5887526533002762,0.6256459355354309,1,0.3548485493144229,0.5185814221045202
Test003,121,121.tif,0.268052339553833,208.2014617919922,0.4227265417575836,0.0624933517710881,0.4068861603736877,0.6380632037960667,0.6095208525657654,1,0.37420772347211095,0.5589065596988799
Test003,122,122.tif,0.2861616015434265,221.99212646484372,0.4747844934463501,0.0609509626635464,0.456526517868042,0.728263258934021,0.6212674379348755,1,0.3962099760803952,0.6286472740779332
Test003,123,123.tif,0.2911211252212524,203.28805541992188,0.4681002199649811,0.0638229975534517,0.4626984000205993,0.7313492000102997,0.6480489373207092,1,0.40241999441755083,0.6326704383324749
Test003,124,124.tif,0.27591273188591,205.2848358154297,0.4221824705600738,0.0649133070949899,0.5948168039321899,0.7312396468036372,0.6835335493087769,1,0.3735802366389901,0.6239418237542431
Test003,125,125.tif,0.2816624939441681,196.13699340820312,0.4166329205036163,0.0639559621316881,0.5836604833602905,0.7176148884769225,0.7093061208724976,1,0.3601711946499184,0.6103817803288212
Test003,126,126.tif,0.2742410600185394,210.69866943359372,0.4084905087947845,0.0640623337942772,0.5849705934524536,0.7064638126769278,0.7229861617088318,1,0.3537572415569613,0.6006518413409379
Test003,127,127.tif,0.2681650519371032,212.9714813232422,0.4246032834053039,0.0632379534092117,0.5076354742050171,0.6911590517113506,0.7155653238296509,1,0.34676898169628834,0.5878420307068319
Test003,128,128.tif,0.2813003063201904,215.2392578125,0.4433648586273193,0.0631315817466227,0.5405714511871338,0.7348304806412365,0.7162615656852722,1,0.3659824981652269,0.6241760858984335
Test003,129,129.tif,0.2945326566696167,213.55255126953125,0.4639554023742676,0.062972024252739,0.6159122586250305,0.8023562469187561,0.7304848432540894,1,0.4066591523828924,0.6836471185579969
Test003,130,130.tif,0.2891237735748291,207.94900512695312,0.4347525537014007,0.0640091479629826,0.5849321484565735,0.7445233743943251,0.7358666062355042,1,0.37699854101528985,0.6342659243806146
Test003,131,131.tif,0.2924242615699768,199.8423767089844,0.4618430137634277,0.0675991915753643,0.6005510091781616,0.7916127536952817,0.7528964281082153,1,0.421948495934379,0.6807134763670109
Test003,132,132.tif,0.285416841506958,214.73704528808597,0.4555826187133789,0.0689554302733751,0.6012364029884338,0.7828781592828054,0.7712401747703552,1,0.42330010237885196,0.6750047422116192
Test003,133,133.tif,0.3005406260490417,203.43490600585935,0.4882314205169678,0.072465695138815,0.4848516583442688,0.7424258291721344,0.7727592587471008,1,0.4517133963131451,0.6552120993144376
Test003,134,134.tif,0.3109592199325561,208.46673583984372,0.4755091369152069,0.0704712264652696,0.5465956926345825,0.7732978463172913,0.7669475674629211,1,0.4303472202733166,0.6704126585040988
Test003,135,135.tif,0.2865319848060608,201.99888610839844,0.409873366355896,0.0706307839591532,0.5802323818206787,0.7060997881430712,0.7592628598213196,1,0.386483979834759,0.6102150456505775
Test003,136,136.tif,0.2943986356258392,213.59523010253903,0.4058074653148651,0.0730773321987022,0.5608177185058594,0.6904970828034953,0.7390397787094116,1,0.38885208316131903,0.6000035829108423
Test003,137,137.tif,0.2964957058429718,213.46446228027344,0.4463258385658264,0.0738485267524731,0.5161294341087341,0.7269027598694315,0.7278446555137634,1,0.41541571928189913,0.6334566476931718
Test003,138,138.tif,0.29397714138031,197.4598693847656,0.4333831369876861,0.0685831294543133,0.4852453470230102,0.6926943810198568,0.7178983688354492,1,0.38880390946967647,0.6015272395548027
Test003,139,139.tif,0.3079249262809753,212.47561645507807,0.4648017585277557,0.0689288373577279,0.3654476404190063,0.6783511161810463,0.6989090442657471,1,0.45156745655634056,0.6103160182936345
Test003,140,140.tif,0.296004444360733,221.94351196289065,0.4395206868648529,0.0689288373577279,0.3768031001091003,0.647372428903692,0.6871635913848877,1,0.4283336893755877,0.5816608070452606
Test003,141,141.tif,0.2890292108058929,223.0625,0.4178225994110107,0.066987554515477,0.4271407723426819,0.6410800138887318,0.6772801280021667,1,0.3857413712125859,0.564478421085888
Test003,142,142.tif,0.3025678992271423,200.880126953125,0.4854153394699096,0.0669609615998298,0.3927872776985168,0.6963936388492584,0.6711782217025757,1,0.4512438364856671,0.6228486981401811
Test003,143,143.tif,0.2818481922149658,199.5211181640625,0.4490423798561096,0.0634506967343899,0.4019461870193481,0.6737499990436386,0.6673893928527832,1,0.4031275020362515,0.5925632499414224
Test003,144,144.tif,0.2740785777568817,201.00189208984372,0.4205530285835266,0.0641952983725135,0.4229737520217895,0.6429555032519404,0.6603103280067444,1,0.37564224816972835,0.5627615267272768
Test003,145,145.tif,0.2830186486244201,201.20933532714844,0.4202653169631958,0.0658440591426443,0.5168890953063965,0.6894960059820066,0.6687350273132324,1,0.3532375457083585,0.5886184678999121
Test003,146,146.tif,0.2833190560340881,217.3359832763672,0.4013855457305908,0.0674928199127752,0.5686304569244385,0.6879918674516476,0.6781173944473267,1,0.35955025667885476,0.5894593842198097
Test003,147,147.tif,0.3065625429153442,193.51638793945312,0.4494003057479858,0.072465695138815,0.5959102511405945,0.7712510075529846,0.6930888891220093,1,0.43277985713691636,0.6697096624281641
Test003,148,148.tif,0.2844200432300567,231.5469665527344,0.4119028449058532,0.0736357834272949,0.6054300665855408,0.7216412831653967,0.7026671171188354,1,0.4103851975137476,0.6282644574699019
Test003,149,149.tif,0.2849293351173401,211.4697723388672,0.4265893995761871,0.0736357834272949,0.5557379722595215,0.7180900798786727,0.7176940441131592,1,0.40762346966727625,0.6249500968152537
Test003,150,150.tif,0.2884928286075592,237.33786010742188,0.4206173419952392,0.075311137113073,0.3627856969833374,0.6129547272877804,0.7023857831954956,1,0.4460249586297744,0.5628757966903786
Test003,151,151.tif,0.2739377319812774,229.13153076171875,0.4071306586265564,0.0773853845335602,0.2966880202293396,0.5603508044684701,0.676857590675354,1,0.463103056022263,0.5311764799346079
Test003,152,152.tif,0.293362557888031,226.6009521484375,0.4284515678882599,0.0776513136900329,0.3705613613128662,0.62820183472358,0.6482478380203247,1,0.46011644677518226,0.5777762183390607
Test003,153,153.tif,0.2816087305545807,203.7782745361328,0.4163038432598114,0.0808424635677055,0.5019714832305908,0.6762932412058447,0.6391781568527222,1,0.42738991075540766,0.6016222420707136
Test003,154,154.tif,0.2774679958820343,205.15255737304688,0.4095897972583771,0.0825710030847782,0.501192569732666,0.666168719658632,0.6287938356399536,1,0.43008663853824936,0.5953440953225172
Test003,155,155.tif,0.2728140354156494,195.66937255859372,0.4293373823165893,0.0824114455908945,0.4534359574317932,0.6709235238725848,0.6403876543045044,1,0.45843204180059716,0.6071760792509885
Test003,156,156.tif,0.2636234164237976,216.54364013671875,0.3958539962768554,0.0847250292522072,0.3256396651268005,0.5584759735765956,0.6400126218795776,1,0.4778635913969058,0.5342922589226886
Test003,157,157.tif,0.2882018387317657,190.88357543945312,0.4691072404384613,0.0850175513243272,0.4646549820899963,0.7323274910449982,0.6608377695083618,1,0.4956550619515624,0.6613257623169674
Test003,158,158.tif,0.2816163599491119,198.1865234375,0.3912577331066131,0.0895383469843633,0.6078684329986572,0.6929259825912677,0.6641643643379211,1,0.4659941155587869,0.6248464224815234
Test003,159,159.tif,0.3097797632217407,182.94268798828125,0.4367638826370239,0.0832890118072545,0.6967930793762207,0.8033701763693744,0.6916046142578125,1,0.49699379344561945,0.7114572614922479
Test003,160,160.tif,0.3216976225376129,217.79006958007807,0.4558039307594299,0.0839804276140836,0.5802493095397949,0.7727055050737413,0.711961030960083,1,0.48313231211212937,0.6858335471852576
Test003,161,161.tif,0.2927345633506775,214.78851318359372,0.4144270122051239,0.0864801616849271,0.6234487295150757,0.7343105437123858,0.7471279501914978,1,0.4746042608237593,0.6563986588457978
Test003,162,162.tif,0.3102300465106964,231.376708984375,0.4622741639614105,0.0857355600468035,0.5429896116256714,0.7634572033190095,0.7533538937568665,1,0.48524558222234626,0.6799937169900104
Test003,163,163.tif,0.2935529053211212,227.5706329345703,0.415533572435379,0.0865599404318689,0.5502907037734985,0.6993359934178738,0.7546359300613403,1,0.455780088842064,0.6262692220451308
Test003,164,164.tif,0.2988419830799103,200.65814208984372,0.4312122762203216,0.0891926390809488,0.632010817527771,0.7629294657744958,0.7465477585792542,1,0.5000910305571797,0.6840779352093009
Test003,165,165.tif,0.3190092146396637,202.54888916015625,0.4678361713886261,0.0878364003829379,0.5733827352523804,0.7866913676261902,0.7493449449539185,1,0.5055090333063779,0.7023366673302465
Test003,166,166.tif,0.3017141222953796,215.58969116210935,0.4322269856929779,0.0935272843314541,0.5352317094802856,0.716011194858673,0.7456849813461304,1,0.49332770843151286,0.649206148930525
Test003,167,167.tif,0.2811508476734161,209.5196533203125,0.426611840724945,0.0884480374428252,0.4988865256309509,0.6896968952209976,0.7309330105781555,1,0.46974478001932973,0.6237112606604972
Test003,168,168.tif,0.2819775342941284,203.79965209960935,0.4184710085391998,0.0877566216359961,0.5764096975326538,0.7166546405632235,0.734396755695343,1,0.4703054428400353,0.642749881246267
Test003,169,169.tif,0.287611722946167,207.75515747070312,0.4118169844150543,0.0903095415381342,0.5962751507759094,0.7169393314097258,0.7251987457275391,1,0.481387948294128,0.6462739164750464
Test003,170,170.tif,0.3041017055511474,211.81784057617188,0.4327501356601715,0.0924369747899159,0.6162118911743164,0.7572598296341548,0.7193123698234558,1,0.509987459873644,0.6830781187060015
Test003,171,171.tif,0.2743397355079651,205.81466674804688,0.3805742561817169,0.095574938836294,0.6654955148696899,0.7062489623789667,0.7173599600791931,1,0.49838466797417136,0.6438896740575281
Test003,172,172.tif,0.2688066959381103,204.6168212890625,0.3771645724773407,0.0942187001382831,0.7067780494689941,0.7219463416271297,0.7238098382949829,1,0.5011181873510276,0.655697895344299
Test003,173,173.tif,0.28094282746315,216.19839477539065,0.3983592689037323,0.0936070630783959,0.6463465690612793,0.7224619582007037,0.7249712347984314,1,0.4981863419306044,0.6551792733196738
Test003,174,174.tif,0.2896563708782196,223.15792846679688,0.4127718806266784,0.0895649399000106,0.5108407735824585,0.6756066993819869,0.716704785823822,1,0.46079865962533073,0.6111642874549901
Test003,175,175.tif,0.2946405708789825,213.4080352783203,0.4241511523723602,0.0851771088182108,0.5707650184631348,0.7220682541731676,0.7096664309501648,1,0.46205201349820635,0.6440633819706792
Test003,176,176.tif,0.2921052873134613,220.6617431640625,0.4079937636852264,0.0850707371556217,0.5834581851959229,0.7049873504764465,0.7094141244888306,1,0.4527371593119818,0.629312293127107
Test003,177,177.tif,0.2839839160442352,207.744384765625,0.3870837688446045,0.0859748962876289,0.6111977100372314,0.6885385606171422,0.7027325630187988,1,0.4482773700883851,0.616460203458515
Test003,178,178.tif,0.2744413912296295,230.8700714111328,0.3513691425323486,0.086373790022338,0.5729939341545105,0.6176520704670945,0.6817706227302551,1,0.41018711593286605,0.5554125841068259
Test003,179,179.tif,0.2711091637611389,202.1845703125,0.3657103776931762,0.0857621529624508,0.5288145542144775,0.6163565266122187,0.6699205636978149,1,0.40591017047302413,0.5532226197704604
Test003,180,180.tif,0.2893762588500976,225.25994873046875,0.4156019687652588,0.0799914902669928,0.4835361242294311,0.6660578752486559,0.658718466758728,1,0.42832834722605573,0.5947390168418758
Test003,181,181.tif,0.2855512797832489,207.28602600097656,0.4205781519412994,0.0833687905541963,0.4503514766693115,0.6566807933147749,0.649057149887085,1,0.4567264534210401,0.5966944913466544
Test003,182,182.tif,0.2930251061916351,227.38064575195312,0.4643625020980835,0.0830762684820763,0.5364232063293457,0.7632019970647983,0.6639898419380188,1,0.4739851363156582,0.6764369388400562
Test003,183,183.tif,0.2866127789020538,214.0323028564453,0.4132493734359741,0.0810286139772364,0.5422058701515198,0.6919815907690521,0.6788557767868042,1,0.42700888397690184,0.612489778731407
Test003,184,184.tif,0.2608323693275451,225.3046417236328,0.3678772151470184,0.0781033932560365,0.5670846700668335,0.638633401412443,0.6833111047744751,1,0.3825792462285088,0.5618171548572627
Test003,185,185.tif,0.2605057954788208,199.8001251220703,0.3587600886821747,0.0790075523880438,0.5136421918869019,0.5986927389092126,0.6698380708694458,1,0.36600107719793196,0.5288852403958284
Test003,186,186.tif,0.2857189476490021,233.23768615722656,0.388034462928772,0.0811083927241782,0.4507126212120056,0.6096744798776568,0.6604368090629578,1,0.4207228483465463,0.5529889904183236
Test003,187,187.tif,0.3118403851985931,204.2620086669922,0.4853400588035583,0.0823848526752473,0.5359068512916565,0.7679534256458282,0.6613870859146118,1,0.4863705238249818,0.6834785550995743
Test003,188,188.tif,0.2911970615386963,188.8923492431641,0.4075965881347656,0.0818264014466546,0.5712260007858276,0.6982953715826287,0.6626498699188232,1,0.43453725245225505,0.6191679358435165
Test003,189,189.tif,0.2743288278579712,186.7889862060547,0.3782185912132263,0.0783161365812147,0.5752222537994385,0.6576967235643736,0.6664625406265259,1,0.3950809913822493,0.5789120039097363
Test003,190,190.tif,0.2814848721027374,202.87094116210935,0.3856295943260193,0.0785820657376874,0.4921342730522156,0.6268983544611051,0.6721036434173584,1,0.39421778060624124,0.5570941823046459
Test003,191,191.tif,0.2947478890419006,199.7014617919922,0.4301270842552185,0.0836081267950218,0.4828160405158996,0.6867585977159085,0.687520444393158,1,0.45607024376521055,0.6175520915306991
Test003,192,192.tif,0.3015944063663482,217.4558563232422,0.4508772492408752,0.0858951175406871,0.5200178623199463,0.7354463147951009,0.6810190081596375,1,0.47139183862813483,0.6562299719450111
Test003,193,193.tif,0.3069166243076324,220.3784637451172,0.4704651534557342,0.0830762684820763,0.6078053712844849,0.8039026856422424,0.7021405100822449,1,0.4971849029042351,0.7118873508208402
Test003,194,194.tif,0.3075966835021972,218.8304901123047,0.4558962285518646,0.0864269758536326,0.5383039712905884,0.7518666635979052,0.7209745049476624,1,0.48221073560984573,0.6709698852014873
Test003,195,195.tif,0.2927203774452209,226.54171752929688,0.4248560965061188,0.0871981704074034,0.5694161057472229,0.7224159351106397,0.7400780320167542,1,0.4708238951651139,0.6469383231269819
Test003,196,196.tif,0.3047438561916351,228.0980224609375,0.4254695773124695,0.0851771088182108,0.5704314708709717,0.7238131372559413,0.7474889159202576,1,0.4629606598018231,0.6455573940197059
Test003,197,197.tif,0.2928424477577209,205.48146057128903,0.4048905670642853,0.08265078183172,0.4957002401351928,0.6566088823840732,0.7317214608192444,1,0.4282665571441292,0.58810618481209
Test003,198,198.tif,0.2901938557624817,221.5792694091797,0.4305798709392547,0.08265078183172,0.448883593082428,0.6704488943310167,0.705030620098114,1,0.4616673587181339,0.6078144336471518
Test003,199,199.tif,0.2715698778629303,193.69143676757807,0.3886880278587341,0.0800978619295819,0.5607651472091675,0.6656483826364785,0.6877870559692383,1,0.40801411913260277,0.5883581035853158
Test003,200,200.tif,0.2743424773216247,211.3341522216797,0.4025209248065948,0.077358791617913,0.488217830657959,0.6494318029251519,0.6731902360916138,1,0.40388052501304406,0.5757664195515195
Test004,1,001.tif,0.0,0.0,0.0,1.0,0.0,0.0,0.0,0,0.999761782286739,0.29992853468602165
Test004,2,002.tif,0.2811530232429504,236.9623107910156,0.4101042151451111,0.0326561004148494,0.9222010374069214,0.4526466402859516,0.4526466429233551,0,0.35001202458325775,0.4218562555751434
Test004,3,003.tif,0.2839378714561462,190.9726409912109,0.4391555488109588,0.0141208382087012,0.8430742025375366,0.1676315881190868,0.3101391196250915,0,0.43972829621190657,0.24926060054693272
Test004,4,004.tif,0.2703352570533752,179.81539916992188,0.4109094738960266,0.0119934049569194,0.8350592851638794,0.1278806949881199,0.2493863105773925,0,0.42440390977009856,0.2168376594227135
Test004,5,005.tif,0.2620802223682403,190.51431274414065,0.4073765277862549,0.0064620785022869,0.8347072601318359,0.0465010123477998,0.1986649930477142,0,0.4464158118134993,0.16647545218750964
Test004,6,006.tif,0.2639538645744324,204.09280395507807,0.4035414159297943,0.0084033613445378,0.8645062446594238,0.0756190005718022,0.1740557849407196,0,0.44326383804167124,0.1859124518127629
Test004,7,007.tif,0.2677997350692749,198.63482666015625,0.42057865858078,0.0057440697798106,0.901094913482666,0.0383161120653432,0.0911896750330925,0,0.4777707788071527,0.17015251208788607
Test004,8,008.tif,0.2858872413635254,194.1240081787109,0.4631674289703369,0.0034570790341453,0.9267223477363586,0.003148444784159,0.0582930520176887,0,0.5234226397114834,0.1592307032623563
Test004,9,009.tif,0.261065274477005,188.1609039306641,0.3883262574672699,0.0030049994681416,0.8250027894973755,0.0,0.0327169150114059,0,0.44405675142811374,0.1332170254284341
Test004,10,010.tif,0.2405860871076584,197.18394470214844,0.3639971315860748,0.0042016806722689,0.7734213471412659,0.0120459072067944,0.0258258935064077,0,0.40358779551386903,0.12950847369891677
Test004,11,011.tif,0.2507061064243316,197.09249877929688,0.3943818211555481,0.0108233166684395,0.8166724443435669,0.1063316403299096,0.0319684222340583,0,0.4107829806034411,0.19766704241196903
Test004,12,012.tif,0.2533941864967346,205.88015747070312,0.3871203660964966,0.014892032762472,0.8788261413574219,0.1677983578280126,0.0578648671507835,0,0.40429096618613614,0.23874614033544966
Test004,13,013.tif,0.2782962322235107,208.1967010498047,0.4411729276180267,0.0111956174875013,0.9275332689285278,0.1287252562785436,0.0829802304506301,0,0.47728167353515194,0.2332921814555261
Test004,14,014.tif,0.2811194658279419,195.9693145751953,0.4202435910701751,0.0101053079459631,0.875445544719696,0.1042507432664711,0.1038303822278976,0,0.4518712513219194,0.20853689568310557
Test004,15,015.tif,0.2735252678394317,195.3997344970703,0.4000619351863861,0.0051856185512179,0.8431349396705627,0.027693347484128,0.1069598644971847,0,0.4487216847765977,0.1540018486718689
Test004,16,016.tif,0.2668427526950836,201.99002075195312,0.3974806666374206,0.0123657057759812,0.9805858731269836,0.141848058210192,0.1140631586313247,0,0.45382654449913773,0.2354416040968757
Test004,17,017.tif,0.2529033422470093,190.1454162597656,0.3923729658126831,0.0141740240399957,0.8987480401992798,0.1607968789301542,0.1126628667116165,0,0.41802873306140353,0.23796643516952898
Test004,18,018.tif,0.2785363793373108,208.4759063720703,0.4365217387676239,0.0117806616317413,0.917405903339386,0.1364626473088419,0.1142103299498558,0,0.468631203924722,0.23611321429360593
Test004,19,019.tif,0.2765089571475982,202.2260284423828,0.4063157141208648,0.0134028294862248,0.8078210353851318,0.144933603931693,0.1223469004034996,0,0.40588808837698453,0.22321994926528044
Test004,20,020.tif,0.2591748237609863,204.3957061767578,0.3723561465740204,0.0130837144984576,0.7664686441421509,0.1283236537931573,0.1424729824066162,0,0.3650179035629171,0.19933192872408523
Test004,21,021.tif,0.2526580989360809,202.9376220703125,0.3695783615112304,0.0163280502074247,0.8046045303344727,0.1741925798680514,0.1489418745040893,0,0.3584271330527635,0.22946294582346505
Test004,22,022.tif,0.241691768169403,200.49571228027344,0.3498556315898895,0.0161153068822465,0.8860433101654053,0.1740883834539593,0.1516001671552658,0,0.36829003801640703,0.2323488798226936
Test004,23,023.tif,0.2372186779975891,205.00425720214844,0.3362624943256378,0.0181363684714392,0.8394235372543335,0.1902507985940643,0.1623578071594238,0,0.32979306981038015,0.23211347995895903
Test004,24,024.tif,0.257646769285202,202.17803955078125,0.3816611170768738,0.0178704393149664,0.9575987458229064,0.2188655203674047,0.1771441847085952,0,0.40950235743614516,0.2760565714880268
Test004,25,025.tif,0.2561406791210174,200.2259826660156,0.3712360560894012,0.0214870758429954,0.8428641557693481,0.2498977640202835,0.2014590054750442,0,0.3459326001181554,0.27870821484964503
Test004,26,026.tif,0.2623139023780823,197.31784057617188,0.3965298533439636,0.0224710137219444,0.8671472072601318,0.2798501152070731,0.2225905209779739,0,0.3717440959857702,0.3074183094406822
Test004,27,027.tif,0.2456985116004943,203.4856109619141,0.3783964514732361,0.0270449952132751,0.9329196214675904,0.3492654328908632,0.257625937461853,0,0.35358894071256186,0.35056248523737277
Test004,28,028.tif,0.2360279113054275,198.20181274414065,0.3366297781467438,0.0217795979151154,0.8158761262893677,0.2332206254308877,0.2662198841571808,0,0.30201899368501284,0.25386013590712525
Test004,29,029.tif,0.2445021271705627,199.71319580078125,0.3545985519886017,0.021939155408999,0.8740678429603577,0.2533061649210462,0.2731080055236816,0,0.33860431641309363,0.2788956103686604
Test004,30,030.tif,0.2541495263576507,197.96603393554688,0.3821197748184204,0.0251568982023189,0.8183515667915344,0.3015927363535844,0.2834469974040985,0,0.3283906387175197,0.309632107062765
Test004,31,031.tif,0.2402578443288803,195.32716369628903,0.3695210218429565,0.0260344644186788,0.8298600912094116,0.3086841808666905,0.2892138063907623,1,0.3155720459336907,0.31075054038679056
Test004,32,032.tif,0.2259245365858078,201.3695373535156,0.3396845459938049,0.0262206148282097,0.8522677421569824,0.2982919927592201,0.2790191173553467,1,0.29321237441211556,0.29676810725508873
Test004,33,033.tif,0.2114228010177612,208.78366088867188,0.3136754035949707,0.0291990213807041,0.8124744892120361,0.3107788506883393,0.2945307791233063,1,0.23370636372871456,0.2876571046004519
Test004,34,034.tif,0.2273775339126587,191.7519378662109,0.3344167470932007,0.0278959685139878,0.840633749961853,0.3142495048213334,0.3067194521427154,1,0.27404437373132984,0.3021879654943323
Test004,35,035.tif,0.2578195929527282,196.88299560546875,0.4229845702648163,0.0274172960323369,0.8370634913444519,0.3618236353707618,0.318765640258789,1,0.3606364263113021,0.3614674726529239
Test004,36,036.tif,0.2660253942012787,192.19683837890625,0.4370559155941009,0.0285873843208169,0.8143230676651001,0.3833705835376476,0.3337028920650482,1,0.3599299707604625,0.37633839970449207
Test004,37,037.tif,0.2464309930801391,191.43023681640625,0.3940376043319702,0.0317253483671949,0.9208202958106996,0.4263278648232476,0.3593100905418396,1,0.3395587461354941,0.4002971292169215
Test004,38,038.tif,0.2253091782331466,212.9132843017578,0.3257012367248535,0.0332145516434421,0.8165900707244873,0.3691553976766914,0.3709853887557983,1,0.22369606453065427,0.32551759773288025
Test004,39,039.tif,0.2358677834272384,206.61448669433597,0.3502416312694549,0.0347569407509839,0.8604018688201904,0.4199472153759807,0.3921249508857727,1,0.25765100269953134,0.3712583515730459
Test004,40,040.tif,0.2532397806644439,192.2040557861328,0.3934857845306396,0.032416764174024,0.731878399848938,0.387938189876728,0.3973478674888611,1,0.26798595948428283,0.3519525207589944
Test004,41,041.tif,0.2488285303115844,196.54136657714844,0.3988476395606994,0.0325231358366131,0.7960814833641052,0.4098322782548071,0.4026401937007904,1,0.2963663862679642,0.37579251065875424
Test004,42,042.tif,0.2429844588041305,196.2919158935547,0.3861977756023407,0.0307414104882459,0.8356973528862,0.3855780076374758,0.3944902122020721,1,0.3079648703902128,0.36229406646329687
Test004,43,043.tif,0.2279038280248642,202.05296325683597,0.3430961966514587,0.0331613658121476,0.8099772930145264,0.379999998289202,0.3966591358184814,1,0.24028298971643436,0.3380848957173717
Test004,44,044.tif,0.2355637848377227,211.4687042236328,0.353801429271698,0.035448356557813,0.7796190977096558,0.4092672052841882,0.3945231437683105,1,0.2259681390130358,0.3542774854028425
Test004,45,045.tif,0.2466170936822891,187.9292755126953,0.4234363734722137,0.0341187107754494,0.823423445224762,0.4588974406204131,0.4087149500846863,1,0.32121163484078485,0.41759169888652464
Test004,46,046.tif,0.252688467502594,226.43014526367188,0.4074133336544037,0.035554728220402,0.866176962852478,0.4792071027414661,0.4225899577140808,1,0.31286240856744885,0.4293036944892609
Test004,47,047.tif,0.2596191465854645,196.11175537109372,0.4329929947853088,0.0366716306775874,0.8307709693908691,0.5071529770366027,0.4469049572944641,1,0.31908020215865107,0.45073114457321717
Test004,48,048.tif,0.2520674169063568,240.80177307128903,0.3608874976634979,0.033985746197213,0.9054620265960692,0.4301341097008087,0.4569317698478699,1,0.28976264024685405,0.3880226688646222
Test004,49,049.tif,0.2411503046751022,186.5156707763672,0.3592014014720917,0.0363525156898202,0.8853744864463806,0.4560241752640947,0.4662831425666809,1,0.26700147713354205,0.3993173658249289
Test004,50,050.tif,0.2480723559856414,197.52610778808597,0.3956787288188934,0.032709286246144,0.9470563530921936,0.4490787865096076,0.4643194079399109,1,0.344738603989444,0.4177767317535585
Test004,51,051.tif,0.2427034676074981,158.7659149169922,0.3830152153968811,0.0356079140516966,0.7976593971252441,0.4404645038119952,0.4565709233283996,1,0.26311862134169417,0.38726073907090486
Test004,52,052.tif,0.2442883849143982,193.62176513671875,0.3821764588356018,0.0359802148707584,0.9282482862472534,0.4823317257366462,0.4516066610813141,1,0.307836462553306,0.42998314678164407
Test004,53,053.tif,0.2434189021587371,173.47308349609375,0.391428530216217,0.0322837995957876,0.8703348636627197,0.4199104297674065,0.4495619237422943,1,0.3167511831522477,0.3889626557828589
Test004,54,054.tif,0.2292429357767105,194.2008514404297,0.3494465947151184,0.0336666312094458,0.8128554821014404,0.3921046381245227,0.4367780089378357,1,0.24513089267034416,0.3480125144882691
Test004,55,055.tif,0.2228652089834213,165.62826538085938,0.3566129803657532,0.0326029145835549,0.7489333152770996,0.367275729685214,0.4204173982143402,1,0.23443412729654844,0.3274232489686143
Test004,56,056.tif,0.2218147367238998,195.0717010498047,0.3623141050338745,0.0341718966067439,0.7969163060188293,0.404420307817878,0.4132085740566253,1,0.24963228042320051,0.35798389959947474
Test004,57,057.tif,0.2245279401540756,187.21987915039065,0.3786369860172272,0.033294330390384,0.8219678997993469,0.4120125864100832,0.3991447389125824,1,0.28110925556319766,0.3727415871560175
Test004,58,058.tif,0.2514917254447937,197.1427459716797,0.4386545121669769,0.0342250824380385,0.8275522589683533,0.4735927092470783,0.4098812043666839,1,0.33647507162330226,0.43245741795994547
Test004,59,059.tif,0.239337146282196,192.39059448242188,0.4079841375350952,0.0364854802680565,0.8671405911445618,0.4937857803104432,0.430217444896698,1,0.30863573687996393,0.4382407672812994
Test004,60,060.tif,0.218726709485054,200.4903259277344,0.3768175840377807,0.0346239761727475,0.8855745792388916,0.4463120420188198,0.4460246562957763,1,0.29487492319530884,0.4008809063717665
Test004,61,061.tif,0.2365564703941345,180.6622467041016,0.4424520134925842,0.0309807467290713,0.9265832304954528,0.4507236978926498,0.455285370349884,1,0.3886452978283532,0.4321001778733608
Test004,62,062.tif,0.2318167090415954,233.8267974853516,0.400992602109909,0.031140304222955,0.8630926609039307,0.4083743844348797,0.454557716846466,1,0.32956140825506963,0.3847304915809367
Test004,63,063.tif,0.2227049618959427,190.9707946777344,0.4035016000270843,0.0352090203169875,0.9289746284484864,0.4885009292940341,0.4575393795967102,1,0.332731678164633,0.44177015395521374
Test004,64,064.tif,0.2216788828372955,212.9210662841797,0.413966953754425,0.0344644186788639,0.8938263058662415,0.4757982993808505,0.4539418816566467,1,0.33456294940520714,0.4334276943881575
Test004,65,065.tif,0.2188790142536163,180.84576416015625,0.3736838102340698,0.0344644186788639,0.8165385127067566,0.4226493955606107,0.4492093622684479,1,0.2672400339777754,0.3760265870857601
Test004,66,066.tif,0.2331113219261169,197.6070251464844,0.4253746569156647,0.0386129135198383,0.8328413963317871,0.5304166356412966,0.4651479125022888,1,0.31883915620649006,0.4669433918108546
Test004,67,067.tif,0.2326831817626953,213.97390747070312,0.4391845762729645,0.0411924263376236,0.8318544626235962,0.5821309242814494,0.4998992085456848,1,0.34527462088778216,0.5110740332633492
Test004,68,068.tif,0.2027499228715896,195.21871948242188,0.3543969094753265,0.042016806722689,0.966411828994751,0.5569251075220238,0.5135840177536011,1,0.31560983134507337,0.4845305246689387
Test004,69,069.tif,0.2203333973884582,184.9342498779297,0.4292934238910675,0.0406605680246782,0.8445175886154175,0.5687087784623798,0.5321661829948425,1,0.3375465968183974,0.499360123969185
Test004,70,070.tif,0.2190473228693008,198.0627593994141,0.4080438017845154,0.0420433996383363,0.7311007976531982,0.5301686780523898,0.5536700487136841,1,0.28456720814217984,0.45648823707932673
Test004,71,071.tif,0.2172009199857711,201.33990478515625,0.4098678529262543,0.04015530262738,0.6987847089767456,0.4956017313013409,0.546707034111023,1,0.26350132478365285,0.42597160934603445
Test004,72,072.tif,0.2299925684928894,190.8582305908203,0.4711877703666687,0.0399159663865546,0.8242952823638916,0.5868140946307607,0.5476437211036682,1,0.36533561890851085,0.5203705519140858
Test004,73,073.tif,0.2010248601436615,199.1265106201172,0.3724307119846344,0.0365918519306456,0.8392108678817749,0.4570418987888951,0.5276670455932617,1,0.2619728750742596,0.3985211916745044
Test004,74,074.tif,0.2048175185918808,182.86517333984372,0.3846851289272308,0.0393841080736091,0.8123320937156677,0.4980845174532219,0.5135422348976135,1,0.27544144761468015,0.4312915965016593
Test004,75,075.tif,0.2177271395921707,197.3742218017578,0.4078900218009949,0.0393309222423146,0.6899626851081848,0.479917318512762,0.5034918785095215,1,0.2532049453602008,0.4119036065669936
Test004,76,076.tif,0.2190386801958084,226.8834686279297,0.3646263182163238,0.0374694181470056,0.7236189842224121,0.4275847998336226,0.4898885786533355,1,0.20803627346940123,0.36172024192435615
Test004,77,077.tif,0.2173648178577423,169.66763305664062,0.3994310796260834,0.0351824274013402,0.7912922501564026,0.446220456312468,0.4617697596549988,1,0.2800994708260881,0.39638416066655396
Test004,78,078.tif,0.23091521859169,190.16880798339844,0.4254139363765716,0.0390384001701946,0.8170413374900818,0.5318772732346259,0.4767368733882904,1,0.3156813935763092,0.46701850933713085
Test004,79,079.tif,0.218943789601326,170.32318115234375,0.40800341963768,0.037309860653122,0.7457599639892578,0.4697902630733282,0.4710780084133148,1,0.26251877393387935,0.40760881633149354
Test004,80,080.tif,0.2028447240591049,189.3155059814453,0.3595674633979797,0.0366982235932347,0.6506609916687012,0.3922308398624697,0.4535407125949859,1,0.17169670229840606,0.32607059859325055
Test004,81,081.tif,0.2099767327308654,160.33969116210938,0.3739632070064544,0.0400755238804382,0.5557765960693359,0.4146908676211246,0.4509619772434234,1,0.16591433437816316,0.3400579076482361
Test004,82,082.tif,0.2097533941268921,188.72064208984372,0.3834991753101349,0.0386395064354855,0.6677688360214233,0.4418659912709116,0.4500910341739654,1,0.2138983155387213,0.37347568855125446
Test004,83,083.tif,0.207650676369667,169.67149353027344,0.3992651700973511,0.0365652590149984,0.8676280975341797,0.4877248011475367,0.4412605166435241,1,0.29980285864102374,0.4313482183955828
Test004,84,084.tif,0.1947758495807647,204.27723693847656,0.3226645886898041,0.0375226039783001,0.976525604724884,0.4677025501726175,0.4408430159091949,1,0.2619368253620774,0.40597283272945545
Test004,85,085.tif,0.1851394027471542,189.30812072753903,0.3300197422504425,0.0357940644612275,0.7765432596206665,0.3930975375263796,0.4410163462162018,1,0.19606784259295862,0.3339886290463533
Test004,86,086.tif,0.1899867355823516,217.1678009033203,0.3134192824363708,0.0374960110626529,0.8389232158660889,0.4179457076605358,0.4416673183441162,1,0.1975749177059435,0.3518344706741581
Test004,87,087.tif,0.1928837895393371,186.84506225585935,0.3163688480854034,0.0338261887033294,0.787533700466156,0.3616435856875397,0.4256228506565094,1,0.19772224725508392,0.31246718415780295
Test004,88,088.tif,0.2221288532018661,229.00418090820312,0.4202124178409576,0.0342250824380385,0.8017266988754272,0.4520441633877169,0.4184866845607757,1,0.3099241942088867,0.4094081726340678
Test004,89,089.tif,0.2122103869915008,177.6066436767578,0.3632622063159942,0.0352356132326348,0.8900940418243408,0.4452568597431722,0.4139975607395172,1,0.2794015595514501,0.39550026968565555
Test004,90,090.tif,0.1813069432973861,192.1029815673828,0.3025739789009094,0.0362993298585256,0.7903715968132019,0.3801385309462662,0.4114057421684265,1,0.16684414000464376,0.31615021366377943
Test004,91,091.tif,0.1756932735443115,177.40394592285156,0.2984746098518371,0.035554728220402,0.8274747133255005,0.378714569206783,0.403559535741806,1,0.18262782093184915,0.31988854472430284
Test004,92,092.tif,0.1771193146705627,208.14224243164065,0.3417144417762756,0.0353153919795766,0.8540046215057373,0.418640222565188,0.4149588644504547,1,0.24283209939268136,0.365897785613436
Test004,93,093.tif,0.2047628462314605,192.3595428466797,0.3879546523094177,0.0350760557387511,0.7796562314033508,0.4321931355462309,0.4109886586666107,1,0.2646017069248843,0.3819157069598269
Test004,94,094.tif,0.1936874240636825,202.9481201171875,0.3274799883365631,0.035448356557813,0.8256561160087585,0.4007109632427926,0.4020794928073883,1,0.21535450430013026,0.34510402555999387
Test004,95,095.tif,0.1950931400060653,193.0627593994141,0.3600327670574188,0.0328156579087331,0.8786582946777344,0.4061545872892156,0.407282680273056,1,0.2857970236411982,0.37004731819481035
Test004,96,096.tif,0.1814379841089248,202.4197235107422,0.3261660635471344,0.0331879587277949,0.9299514889717102,0.3989514627854398,0.4113300740718841,1,0.2680428519509237,0.3596788795350849
Test004,97,097.tif,0.2014138847589492,167.35215759277344,0.3784728944301605,0.0329752154026167,0.8349272012710571,0.4108885250711905,0.4097797274589538,1,0.2875083531026674,0.3738744734806335
Test004,98,098.tif,0.2006350755691528,197.68649291992188,0.3415126204490661,0.0328954366556749,0.9250390529632568,0.4053461899371938,0.4044103622436523,1,0.28360239938768517,0.3688230527723412
Test004,99,099.tif,0.2106279879808426,166.9132080078125,0.371984988451004,0.0373896394000638,0.9194661378860474,0.4916328395382697,0.4225947260856628,1,0.29044188333835685,0.4312755526782958
Test004,100,100.tif,0.2106701433658599,169.74375915527344,0.3510155975818634,0.0341718966067439,0.8568528890609741,0.4117906166556853,0.4237218797206878,1,0.2605766519139959,0.3664264272331784
Test004,101,101.tif,0.2039957344532013,178.70407104492188,0.3355709314346313,0.0322837995957876,0.8554787635803223,0.3748743117068628,0.4189065098762512,1,0.2550622301972174,0.3389306872539692
Test004,102,102.tif,0.1816251575946808,195.492919921875,0.3255753219127655,0.0355281353047548,0.8562868237495422,0.4088136075286632,0.4184915423393249,1,0.22497276385501996,0.3536613544265702
Test004,103,103.tif,0.178947314620018,183.4163818359375,0.2977330088615417,0.0328688437400276,0.9220224618911744,0.3712139780959397,0.4116650521755218,1,0.23691988978790857,0.3309257516035304
Test004,104,104.tif,0.2156964838504791,199.1982269287109,0.3942904472351074,0.0306350388256568,0.91401869058609,0.4085350612285869,0.395045518875122,1,0.3432365036188484,0.38894549394566535
Test004,105,105.tif,0.201879546046257,203.9124298095703,0.3595277070999145,0.0264067652377406,0.9223531484603882,0.3266312680357481,0.3780136704444885,1,0.3359372201305092,0.3294230536641764
Test004,106,106.tif,0.1892019063234329,201.2268829345703,0.3503051698207855,0.0267524731411551,0.939638376235962,0.3295619087146421,0.3689511716365814,1,0.33131161810376564,0.33008682153137914
Test004,107,107.tif,0.1822632402181625,206.5087432861328,0.2887859642505646,0.024093181576428,0.9312450885772704,0.2580988365886222,0.3388082385063171,1,0.2828987313875254,0.2655388050282932
Test004,108,108.tif,0.1902709752321243,187.31057739257807,0.3126160502433777,0.026539729815977,0.9290478825569152,0.3020889827067642,0.3249832093715668,1,0.2921483120999986,0.29910678152473447
Test004,109,109.tif,0.2074118256568908,201.62982177734372,0.3416991531848907,0.0287469418147005,0.8523971438407898,0.3324618264875489,0.3097685873508453,1,0.2809080502606277,0.31699569361947255
Test004,110,110.tif,0.2082485407590866,186.36932373046875,0.3465243875980377,0.0304488884161259,0.9638270139694214,0.3845929101175155,0.3213608860969543,1,0.3161084638201942,0.3640475762283191
Test004,111,111.tif,0.2115483880043029,184.91043090820312,0.3634675145149231,0.0329486224869694,0.9074626564979552,0.4180809993963145,0.3390646874904632,1,0.2988970698135752,0.38232582052149267
Test004,112,112.tif,0.2271441370248794,205.92108154296875,0.4272688031196594,0.030847782150835,0.8098233938217163,0.4096387139489401,0.3693726658821106,1,0.3376865173762903,0.38805305497714515
Test004,113,113.tif,0.2552146911621094,201.67312622070312,0.5146399140357971,0.0294383576215296,0.819835901260376,0.4180130260162077,0.3925574719905853,1,0.4240401039266253,0.41982114938933296
Test004,114,114.tif,0.2276111096143722,196.3365020751953,0.3726919293403625,0.031140304222955,0.9130671620368958,0.4005227781152541,0.4061697125434875,1,0.3198373547443235,0.3763171511039749
Test004,115,115.tif,0.2458287328481674,221.19122314453125,0.3825973570346832,0.0317253483671949,0.8245189189910889,0.393988064013869,0.4080487191677093,1,0.29493573526670724,0.3642723653897204
Test004,116,116.tif,0.2243944704532623,211.693115234375,0.3467375934123993,0.0304754813317732,0.8609380125999451,0.3605467905025672,0.3965418934822082,1,0.2792368530444854,0.33615380926514266
Test004,117,117.tif,0.2653831839561462,168.06100463867188,0.5509857535362244,0.0324965429209658,0.8728501796722412,0.4804640641816294,0.4107069373130798,1,0.4543127579417692,0.47261867230967125
Test004,118,118.tif,0.2303353250026703,196.41734313964844,0.3827911913394928,0.0343048611849803,0.8894340991973877,0.4475400187426945,0.4166123270988464,1,0.30394943747887715,0.4044628443635493
Test004,119,119.tif,0.2250255197286605,177.3104705810547,0.3736409842967987,0.0321508350175513,0.9228440523147584,0.4182210658911074,0.4201520085334778,1,0.3186598768657076,0.38835270918348747
Test004,120,120.tif,0.2346457540988922,190.4683837890625,0.359440267086029,0.0348101265822784,0.908371090888977,0.4413218159692704,0.4296187460422516,1,0.2846754758856044,0.3943279139441706
Test004,121,121.tif,0.2310713529586792,183.2323760986328,0.366617888212204,0.0350760557387511,0.96256285905838,0.4659832544963743,0.4507060647010803,1,0.30977112768593384,0.41911961645324214
Test004,122,122.tif,0.2752192318439483,195.49798583984372,0.5052120089530945,0.0383735772790128,0.96865051984787,0.6065958473216244,0.4759324193000793,1,0.43116873627502716,0.5539677140076452
Test004,123,123.tif,0.2491160184144973,191.8165283203125,0.4186765849590301,0.0361929581959366,0.9388195872306824,0.5191121382730314,0.490246832370758,1,0.3450270271022833,0.4668866049218069
Test004,124,124.tif,0.2612999081611633,205.5604248046875,0.4855211973190307,0.0392777364110201,0.9259747266769408,0.6087314096024941,0.5283489227294922,1,0.40653543321744157,0.5480726166869783
Test004,125,125.tif,0.25258669257164,194.5307464599609,0.4058773517608642,0.0384799489416019,0.9629887938499452,0.551170236994136,0.5503185987472534,1,0.34420611591404426,0.4890810006701085
Test004,126,126.tif,0.2658621966838836,207.18099975585935,0.4304506182670593,0.0382672056164237,0.9844094514846802,0.5763110572619369,0.5723841786384583,1,0.3723973138068004,0.515136934225396
Test004,127,127.tif,0.2669869661331177,199.41905212402344,0.4525183439254761,0.0412987980002127,0.953486144542694,0.6372720368378155,0.5785194039344788,1,0.3967308454817692,0.5651096794310015
Test004,128,128.tif,0.2644500434398651,207.8283233642578,0.4640215635299682,0.0391979576640782,0.9142090678215028,0.600200761915594,0.59473717212677,1,0.38416594399207415,0.5353903165385381
Test004,129,129.tif,0.2642926275730133,198.31686401367188,0.4480510950088501,0.0401818955430273,0.854536771774292,0.5822986723124204,0.5894505381584167,1,0.3556952065581709,0.5143176325861455
Test004,130,130.tif,0.2577292323112488,227.12545776367188,0.4290435910224914,0.0359802148707584,0.9749472141265868,0.5347625047928769,0.5861690640449524,1,0.3674290994780157,0.4845624831984185
Test004,131,131.tif,0.2891446352005005,189.1246490478516,0.5350639820098877,0.0366184448462929,0.9644404649734496,0.5750348274476409,0.5859137773513794,1,0.44962264505517946,0.5374111727299025
Test004,132,132.tif,0.2718651294708252,211.6859588623047,0.4604680836200714,0.036139772364642,0.9877150654792786,0.5673471231512685,0.5719287991523743,1,0.3980459745314443,0.5165567785653211
Test004,133,133.tif,0.285298228263855,178.77239990234375,0.5222654938697815,0.0341453036910966,0.958589732646942,0.5308047739259653,0.5580495595932007,1,0.44889969903548643,0.5062332514588216
Test004,134,134.tif,0.2873849272727966,205.6832733154297,0.4802254736423492,0.0361663652802893,0.8774692416191101,0.5421263405549944,0.5500150918960571,1,0.38052928561966215,0.4936472240743947
Test004,135,135.tif,0.3088022172451019,176.15272521972656,0.5688660740852356,0.0364854802680565,0.8936642408370972,0.5521069660715644,0.5534839630126953,1,0.4565098320783917,0.5234278258736126
Test004,136,136.tif,0.2924925684928894,180.8466033935547,0.4845666885375976,0.033400702052973,0.8760833740234375,0.4961827175068379,0.5377135872840881,1,0.39733206140325217,0.46652752067576214
Test004,137,137.tif,0.2841686904430389,195.45187377929688,0.4840751886367798,0.0347569407509839,0.8506554365158081,0.5114886882726715,0.5265418887138367,1,0.38237147832786045,0.4727535252892281
Test004,138,138.tif,0.2882342636585235,193.4394073486328,0.4953760504722595,0.0346771620040421,0.8171272277832031,0.5009496112485847,0.5205708742141724,1,0.3820305896511621,0.46527390476935787
Test004,139,139.tif,0.2770319581031799,198.64675903320312,0.4702119529247284,0.0378151260504201,0.9256701469421388,0.583913061869659,0.5289282202720642,1,0.38635292096146945,0.5246450195972021
Test004,140,140.tif,0.3090017735958099,187.78672790527344,0.5249567627906799,0.0340655249441548,0.9011441469192504,0.5139049270850871,0.5212877988815308,1,0.4349869160810407,0.49022952378387313
Test004,141,141.tif,0.3117579817771911,187.4129943847656,0.5486171245574951,0.0351292415700457,0.8666999340057373,0.5220232905565668,0.5264558792114258,1,0.4390948686219506,0.4971447639761819
Test004,142,142.tif,0.305450290441513,191.9976043701172,0.5354848504066467,0.0345176045101584,0.9519386887550354,0.5353809857546141,0.5312343835830688,1,0.4556299271591525,0.5114556681759757
Test004,143,143.tif,0.3071642220020294,212.0937957763672,0.5279030203819275,0.0385065418572492,0.8964707255363464,0.5865686330745953,0.5483582019805908,1,0.42899789845052183,0.5392974126873732
Test004,144,144.tif,0.3007344305515289,205.52816772460935,0.5167091488838196,0.0381874268694819,0.8681403398513794,0.5725734262014582,0.5460902452468872,1,0.4099396823341003,0.5237833030412509
Test004,145,145.tif,0.3058731853961944,198.11924743652344,0.5409883260726929,0.0381076481225401,0.9844804406166076,0.6068412855673083,0.5646775364875793,1,0.462400686979082,0.5635091059908404
Test004,146,146.tif,0.3054603636264801,185.0888519287109,0.5314383506774902,0.0380810552068928,0.8515592813491821,0.5657626613041001,0.5734254121780396,1,0.4166662682993352,0.5210337434026706
Test004,147,147.tif,0.2891982495784759,174.59837341308594,0.4782597124576568,0.04074034677162,0.9760352373123168,0.6499224149310736,0.5963336825370789,1,0.4223556132180688,0.5816523744171721
Test004,148,148.tif,0.3044584393501282,209.9693145751953,0.5196468830108643,0.0395436655674928,0.9155102372169496,0.6098951689113382,0.6009989976882935,1,0.4326175741053676,0.5567118904695469
Test004,149,149.tif,0.3256036937236786,199.36138916015625,0.5570626854896545,0.0385597276885437,0.9543182849884032,0.6053729443694642,0.6075588464736938,1,0.4682177529219904,0.5642263869352221
Test004,150,150.tif,0.2964226305484772,181.68814086914065,0.504289984703064,0.0338793745346239,0.861764669418335,0.5002180943310389,0.5862342715263367,1,0.4073125224274651,0.47234642275996674
Test004,151,151.tif,0.2995049655437469,197.2631378173828,0.5320509076118469,0.0335070737155621,0.9651052355766296,0.5215618279916995,0.5773941278457642,1,0.46102033425416933,0.5033993798704404
Test004,152,152.tif,0.2954762876033783,186.07579040527344,0.5503808856010437,0.0331347728965003,0.96118825674057,0.5141132532597125,0.5502322912216187,1,0.47529611404211825,0.5024681114944342
Test004,153,153.tif,0.3177322447299957,190.0738220214844,0.5872599482536316,0.032416764174024,0.8623663187026978,0.4764703694866989,0.5235472917556763,1,0.47909623966249604,0.477258130539438
Test004,154,154.tif,0.3357583582401275,191.9229888916016,0.6337690949440002,0.0393043293266673,0.9516372084617616,0.6172979516721917,0.5259323120117188,1,0.5249671194469392,0.589598702004616
Test004,155,155.tif,0.3285176157951355,192.66537475585935,0.6605640649795532,0.0408201255185618,0.8800545334815979,0.6196706806726486,0.5498228073120117,1,0.5312568454193285,0.5931465300966525
Test004,156,156.tif,0.3231215476989746,183.84454345703125,0.6603717803955078,0.0406339751090309,0.8847756385803223,0.618147141594363,0.569139838218689,1,0.5315642474551366,0.592172273352595
Test004,157,157.tif,0.3318250179290771,192.3350372314453,0.7023593187332153,0.0377619402191256,0.9467294812202454,0.5893899812849019,0.5841952562332153,1,0.5623642308396111,0.5812822561513147
Test004,158,158.tif,0.3151310682296753,190.5101776123047,0.6560177206993103,0.0406073821933836,0.9636245965957642,0.643548768614061,0.6176108717918396,1,0.5472014194493757,0.6146445638646554
Test004,159,159.tif,0.3222661912441253,178.1378631591797,0.670387864112854,0.0376821614721838,0.946797013282776,0.5880471557014938,0.6117607355117798,1,0.541885474057688,0.5741986512083521
Test004,160,160.tif,0.3020026981830597,194.96717834472656,0.5973753333091736,0.0388522497606637,0.8693920373916626,0.5838659605858958,0.6045998334884644,1,0.47656567415323337,0.551675874656097
Test004,161,161.tif,0.296497493982315,182.5699615478516,0.6047185063362122,0.0411924263376236,0.8061115741729736,0.6012010843264464,0.6012105941772461,1,0.4748340773190812,0.5632909822242368
Test004,162,162.tif,0.3186586797237396,200.7141265869141,0.6841027736663818,0.0361131794489947,0.8861679434776306,0.5437575801436773,0.5920841097831726,1,0.5377030555920702,0.5419412227781951
Test004,163,163.tif,0.3161792755126953,190.74566650390625,0.7040088772773743,0.0382140197851292,0.8427034616470337,0.5652073070079687,0.5764157772064209,1,0.5411925952687833,0.558002893486213
Test004,164,164.tif,0.3247919380664825,194.05804443359372,0.7089203000068665,0.0379214977130092,0.8769090175628662,0.5708798665564186,0.5729823708534241,1,0.551213989803315,0.5649801035304876
Test004,165,165.tif,0.3415423631668091,194.53805541992188,0.7560235261917114,0.0363791086054675,0.7890234589576721,0.5199280555808452,0.5601947903633118,1,0.5601328855515247,0.5319895045720491
Test004,166,166.tif,0.3410374820232391,198.8726806640625,0.7306757569313049,0.0373630464844165,0.7733932733535767,0.5307016587060317,0.5460948944091797,1,0.5390840973057387,0.5332163902859437
Test004,167,167.tif,0.3151447176933288,180.280029296875,0.6783037781715393,0.0360599936177002,0.8334854245185852,0.5277139490767365,0.5428861379623413,1,0.521382691658594,0.5258145718512937
Test004,168,168.tif,0.3021195232868194,189.01165771484372,0.626693606376648,0.0317253483671949,0.9362841248512268,0.4836303853632278,0.5265707969665527,1,0.5281820570020604,0.4969958868548775
Test004,169,169.tif,0.2708102464675903,180.5249938964844,0.4501476585865021,0.0304488884161259,0.7877681851387024,0.4142801797167552,0.4952508509159088,0,0.3535249104643793,0.3960535989410424
Test004,170,170.tif,0.2614333033561706,186.0124664306641,0.4045220017433166,0.0299968088501223,0.8642717003822327,0.3942970844417247,0.4701246619224548,0,0.33935390640875884,0.3778141310318349
Test004,171,171.tif,0.2545847296714782,179.9657440185547,0.4254140555858612,0.0349164982448675,0.8634780645370483,0.4834845715060167,0.4606812596321106,0,0.33258650368876486,0.43821515116084114
Test004,172,172.tif,0.2437360137701034,181.8967742919922,0.3965922892093658,0.0378949047973619,0.8128407001495361,0.4881947615626805,0.4527773857116699,0,0.2791840358249533,0.4254915438413623
Test004,173,173.tif,0.2461341023445129,188.25587463378903,0.3923161625862121,0.0346239761727475,0.8168983459472656,0.4397807004158301,0.4440074563026428,0,0.28548267510590297,0.39349129282285195
Test004,174,174.tif,0.2527370750904083,190.0142517089844,0.3988241851329803,0.0404744176151473,0.7981102466583252,0.5218674009315699,0.4655248522758484,0,0.29077664152862037,0.45254017311068506
Test004,175,175.tif,0.2467222660779953,190.4273223876953,0.3793160617351532,0.042309328794809,0.8521071672439575,0.5467231287217676,0.4960101246833801,0,0.30113771420492585,0.47304750436671505
Test004,176,176.tif,0.2412897050380706,169.31893920898438,0.3893383145332336,0.0399159663865546,0.7543005347251892,0.4910935230528317,0.4975318908691406,0,0.26165170678751504,0.42226097817323666
Test004,177,177.tif,0.2432691603899002,193.24359130859372,0.381641536951065,0.0412456121689182,0.9214813113212584,0.5571994497423202,0.5113328695297241,0,0.3219661549902977,0.48662946131671336
Test004,178,178.tif,0.2248049825429916,189.74334716796875,0.3566294908523559,0.0391979576640782,0.939509093761444,0.5099665592556675,0.5253700017929077,0,0.2925729829407081,0.44474848636117964
Test004,179,179.tif,0.2446300983428955,197.9442443847656,0.3822253346443176,0.0400755238804382,0.8923180103302002,0.531156687544811,0.5272278785705566,0,0.30589470850801936,0.4635780938337735
Test004,180,180.tif,0.2385445535182953,196.02456665039065,0.3673945069313049,0.0432400808424635,0.7743858695030212,0.520360422959226,0.5219553112983704,0,0.2659445687456723,0.44403566669515987
Test004,181,181.tif,0.2407733500003814,191.1043701171875,0.3775023519992828,0.0426284437825763,0.8406543135643005,0.5454183672597188,0.5328203439712524,0,0.29702504593673007,0.47090037086282216
Test004,182,182.tif,0.2149466872215271,194.6779937744141,0.3681722283363342,0.0424157004573981,0.9657652378082277,0.5761625156978192,0.5366129279136658,0,0.33070200757434864,0.502524363260778
Test004,183,183.tif,0.2007688581943512,190.68606567382807,0.3295170962810516,0.0436389745771726,0.969214141368866,0.5556682665158356,0.5457532405853271,0,0.30126993091921495,0.4793487658368494
Test004,184,184.tif,0.2341820448637008,197.43011474609372,0.3746843039989471,0.0439580895649399,0.8190673589706421,0.5532157128460216,0.550165057182312,0,0.29392617536059107,0.4754288516003924
Test004,185,185.tif,0.2115883529186248,189.0687713623047,0.3397305011749267,0.0446760982874162,0.8025587201118469,0.520137785438219,0.5501205325126648,0,0.256203925751327,0.44095762753215134
Test004,186,186.tif,0.2232750803232193,193.2098388671875,0.3470552265644073,0.0440644612275289,0.8759065270423889,0.5463249244595089,0.5503019094467163,0,0.28747642346476676,0.4686703741610862
Test004,187,187.tif,0.2200658023357391,193.24212646484372,0.3468644917011261,0.0412987980002127,0.843601644039154,0.4983190191802579,0.5347331762313843,0,0.25923969839016003,0.4265952229432285
Test004,188,188.tif,0.2135735750198364,189.5637359619141,0.3241215646266937,0.0396500372300819,0.849751353263855,0.4576174093310942,0.5151230096817017,0,0.2273708334655269,0.388543436571424
Test004,189,189.tif,0.2287027090787887,181.081787109375,0.3434046506881714,0.0389586214232528,0.7060226202011108,0.4214128458984902,0.4887624382972717,0,0.18631108430067145,0.35088231741914455
Test004,190,190.tif,0.2256349623203277,181.5040740966797,0.3456781804561615,0.0387192851824274,0.7158607244491577,0.4236995333158312,0.469474732875824,0,0.1914438740317036,0.3540228355305929
Test004,191,191.tif,0.2126576006412506,195.3322296142578,0.3157468438148498,0.0387192851824274,0.7310528755187988,0.4014184408119242,0.4404934346675873,0,0.16307581071918864,0.3299156517841035
Test004,192,192.tif,0.2265125662088394,204.81822204589844,0.3592293262481689,0.039171364748431,0.8044407963752747,0.4694008343500553,0.4347097873687744,0,0.244614788839439,0.4019650206968704
Test004,193,193.tif,0.2214949131011963,185.4063415527344,0.3676324188709259,0.0409264971811509,0.6174629926681519,0.4386001159734346,0.4309063553810119,0,0.19007407119480058,0.3640423025398444
Test004,194,194.tif,0.2580494582653045,185.92037963867188,0.4051969647407532,0.0393309222423146,0.5081103444099426,0.419883444098549,0.4306004643440246,0,0.18724599361834005,0.3500922089544863
Test004,195,195.tif,0.2417728155851364,181.31333923339844,0.3887088000774383,0.0380278693755983,0.6666176319122314,0.4384829413750824,0.4335571825504303,0,0.2153765271470971,0.3715510171066868
Test004,196,196.tif,0.2305343449115753,187.29579162597656,0.3667591214179992,0.0373364535687692,0.6462000012397766,0.4046216923268173,0.4341978132724762,0,0.17766702809754675,0.3365352930580361
Test004,197,197.tif,0.223175898194313,189.6868438720703,0.3220921754837036,0.0359536219551111,0.6185314059257507,0.3430992317659349,0.4089375138282776,0,0.11749952981038136,0.2754193211792688
Test004,198,198.tif,0.2218624055385589,197.09225463867188,0.3265688717365265,0.0330549941495585,0.6081595420837402,0.3133534080996786,0.3838881552219391,0,0.13856345096578981,0.26091642095951195
Test004,199,199.tif,0.2478388100862503,202.25572204589844,0.3867255449295044,0.0299436230188277,0.6661534309387207,0.3350432125445204,0.3669200837612152,0,0.25065576790373234,0.309726979152284
Test004,200,200.tif,0.2408387213945388,184.13360595703125,0.3682360649108886,0.0338793745346239,0.5740857124328613,0.3453361037893254,0.348290741443634,0,0.16803833091846765,0.29214677192806804
Test014,1,001.tif,0.0,0.0,0.0,1.0,0.0,0.0,0.0,1,0.999761782286739,0.29992853468602165
Test014,2,002.tif,0.3732205629348755,185.9161834716797,0.8802831768989563,0.0323369854270822,0.7980314493179321,0.4587517513220305,0.4587517380714416,1,0.6442612880407694,0.5144046123376522
Test014,3,003.tif,0.356150358915329,202.0909423828125,0.8224031925201416,0.0244654823954898,0.7495890855789185,0.3255082829430095,0.3921300172805786,1,0.6283988706943895,0.41637545926842345
Test014,4,004.tif,0.3375748097896576,187.19635009765625,0.7939261198043823,0.0173917668333156,0.8183982372283936,0.2254056623736698,0.3365552425384521,1,0.6470352780075352,0.3518945470638294
Test014,5,005.tif,0.380741685628891,215.89268493652344,0.8424548506736755,0.0144665461121157,0.8237956166267395,0.1792463157353147,0.2972280085086822,1,0.6788996113166288,0.32914230440970893
Test014,6,006.tif,0.3930261433124542,200.2467041015625,0.8452408909797668,0.018508669290501,0.8514009118080139,0.2476471870030385,0.287311851978302,1,0.6742993388577603,0.375642832559455
Test014,7,007.tif,0.4057446718215942,218.04481506347656,0.9113299250602722,0.0151579619189447,0.8379014730453491,0.1917868057525134,0.2339188307523727,1,0.7091404087280497,0.34699288664517425
Test014,8,008.tif,0.4106148481369018,195.0962677001953,0.9185545444488524,0.0144399531964684,0.8627076148986816,0.1826358699073143,0.2053443640470504,1,0.7173445208509239,0.3430484651903972
Test014,9,009.tif,0.4216627776622772,199.80039978027344,0.9316943883895874,0.0113019891500904,0.8357447981834412,0.1294289802062518,0.1861490309238433,1,0.7256476346785788,0.3082945765479499
Test014,10,010.tif,0.458189845085144,210.58737182617188,0.9703378081321716,0.0134028294862248,0.8552663326263428,0.1650169758851045,0.1833031624555587,1,0.7384416004431325,0.33704436325251286
Test014,11,011.tif,0.4611098766326904,230.5399627685547,0.9776836633682252,0.0220721199872354,0.8513930439949036,0.3055548410859154,0.1948847025632858,1,0.7220392930207757,0.4305001766663735
Test014,12,012.tif,0.4417703449726105,195.59820556640625,0.9493154883384703,0.0255823848526752,0.7967080473899841,0.3518890664302832,0.2269051522016525,1,0.6940247920018662,0.4545297841017581
Test014,13,013.tif,0.428217202425003,180.9164276123047,0.9024220705032348,0.0195457930007446,0.8385212421417236,0.262661224919772,0.2429102212190628,1,0.6950560343302985,0.39237966774293
Test014,14,014.tif,0.4128622710704803,178.11160278320312,0.8458531498908997,0.0186948197000319,0.7893005609512329,0.242264142313111,0.2654772400856018,1,0.6635841106017539,0.3686601327997039
Test014,15,015.tif,0.3861804902553558,187.7213287353516,0.7892224192619324,0.0183757047122646,0.7888293266296387,0.2371897291893576,0.2799118161201477,1,0.636427233709761,0.3569609805454786
Test014,16,016.tif,0.3427320122718811,183.32632446289065,0.709295392036438,0.0227901287097117,0.7666881084442139,0.3027094258149458,0.2793427109718323,1,0.5736061156538899,0.383978432766629
Test014,17,017.tif,0.3134247660636902,194.730712890625,0.6415097117424011,0.0223912349750026,0.7120194435119629,0.2873480129674864,0.2664344906806946,1,0.519026971142529,0.35685170041999914
Test014,18,018.tif,0.2890525162220001,184.27159118652344,0.5949041247367859,0.01920008509733,0.7009795904159546,0.2378496877025663,0.2614721953868866,1,0.4964084801588684,0.3154173254394569
Test014,19,019.tif,0.3062994182109833,207.04660034179688,0.5900364518165588,0.0207158812892245,0.8076385259628296,0.2768145675525294,0.2683822810649872,1,0.5139990125646741,0.34796990105617276
Test014,20,020.tif,0.3193678557872772,198.59727478027344,0.5725578665733337,0.0211147750239336,0.7377350926399231,0.2721941991946658,0.2753831744194031,1,0.4820886420951338,0.3351625320648062
Test014,21,021.tif,0.2991723418235779,174.40707397460938,0.551197350025177,0.0270981810445697,0.6965665221214294,0.3548489763143694,0.2858110964298248,1,0.42821048148775787,0.37685742786638593
Test014,22,022.tif,0.2954740822315216,204.43295288085935,0.5672488212585449,0.0264599510690352,0.6609659194946289,0.3380979418062957,0.2959610819816589,1,0.4336467466910371,0.36676258327171807
Test014,23,023.tif,0.3135491013526916,191.9541778564453,0.5875229239463806,0.0259812785873843,0.6179736852645874,0.3225486062755704,0.3129008710384369,1,0.4395403873731252,0.3576461406048368
Test014,24,024.tif,0.3331764638423919,207.3546142578125,0.6189179420471191,0.0267524731411551,0.647174060344696,0.3395198798918603,0.3254418969154358,1,0.46851777211046,0.3782192475574402
Test014,25,025.tif,0.3521141707897186,197.6434783935547,0.6164719462394714,0.0296245080310605,0.6634520292282104,0.3848099281765423,0.3479650616645813,1,0.4588321273174365,0.40701658791881057
Test014,26,026.tif,0.3193377554416656,191.51837158203125,0.5682191252708435,0.0325497287522604,0.6321489810943604,0.4194761395644172,0.3608905076980591,1,0.397433452534276,0.4128633334553748
Test014,27,027.tif,0.3149729371070862,210.02166748046875,0.5552372932434082,0.0323635783427294,0.559356689453125,0.3982199936585504,0.3729149401187897,1,0.36396711457792663,0.3879441299343632
Test014,28,028.tif,0.3195422291755676,177.905029296875,0.5316498279571533,0.0321508350175513,0.6333566904067993,0.4140676280725114,0.3912187218666076,1,0.3679199011424147,0.4002233099934824
Test014,29,029.tif,0.3307499885559082,194.6374969482422,0.555960476398468,0.0326561004148494,0.6956321001052856,0.4373750263386551,0.4107897281646728,1,0.4059896269897645,0.4279594065339879
Test014,30,030.tif,0.2865970432758331,179.5092315673828,0.4811438620090484,0.034863312413573,0.6002013683319092,0.4437616628488702,0.4225800931453705,1,0.294495131855918,0.3989817035509845
Test014,31,031.tif,0.2647212743759155,200.07960510253903,0.45033660531044,0.0375491968939474,0.5335171222686768,0.4461694353506157,0.4279187619686126,1,0.22715493679221022,0.38046508578309407
Test014,32,032.tif,0.2852007150650024,171.08351135253906,0.4896605908870697,0.0347037549196894,0.62132728099823,0.4473495056594911,0.437744677066803,1,0.3112917603580748,0.4065321820690662
Test014,33,033.tif,0.3088820278644562,189.58279418945312,0.5253705382347107,0.037017338581002,0.5503804683685303,0.4592587580224182,0.4467828869819641,1,0.308300688227934,0.4139713370840729
Test014,34,034.tif,0.3381310105323791,184.7169647216797,0.5789099335670471,0.0360865865333475,0.5849063396453857,0.456537844111694,0.4506154656410217,1,0.37453483963457235,0.4319369427685575
Test014,35,035.tif,0.3137763440608978,199.88693237304688,0.5467654466629028,0.0372832677374747,0.5756319761276245,0.4704167022528147,0.4559464454650879,1,0.3384698513701204,0.4308326469880064
Test014,36,036.tif,0.2816225588321686,178.6991729736328,0.5367165207862854,0.0396766301457291,0.5208889245986938,0.486023460050807,0.4639172554016113,1,0.32303527776037577,0.43712700536367755
Test014,37,037.tif,0.3211713433265686,195.02151489257807,0.5854782462120056,0.0325763216679076,0.5810991525650024,0.4067249625731914,0.4557923376560211,1,0.3962584564088929,0.40358501072390185
Test014,38,038.tif,0.3415679335594177,204.7126617431641,0.6011690497398376,0.0355281353047548,0.6231650114059448,0.4596018828411727,0.4558609426021576,1,0.40826550004985906,0.44420096800377856
Test014,39,039.tif,0.3311741352081299,217.39231872558597,0.5892343521118164,0.0375226039783001,0.5987064242362976,0.4806643000236112,0.4606862664222717,1,0.38544354428659233,0.4520980733025055
Test014,40,040.tif,0.2897703051567077,196.82681274414065,0.5590335726737976,0.0384001701946601,0.4638429284095764,0.4513923140971298,0.4568813741207123,1,0.3557558756466569,0.4227013825619879
Test014,41,041.tif,0.2776547372341156,193.77761840820312,0.564608097076416,0.0395436655674928,0.3951308727264404,0.4442072732073551,0.4485181272029876,1,0.38847722342850965,0.4274882582737014
Test014,42,042.tif,0.2941212952136993,207.82107543945312,0.5889203548431396,0.0387192851824274,0.6236672401428223,0.5052239071620945,0.4682179391384125,1,0.39873869362741177,0.4732783431016897
Test014,43,043.tif,0.3184762001037597,204.60577392578125,0.634591281414032,0.04132539091586,0.6015958786010742,0.5349930954530027,0.4832962155342102,1,0.44161997054965263,0.5069811579819976
Test014,44,044.tif,0.3031145334243774,177.33828735351562,0.6315104961395264,0.0416710988192745,0.61786949634552,0.5453384812660491,0.4962310194969177,1,0.44536568177434976,0.5153466414185393
Test014,45,045.tif,0.2757464647293091,199.27175903320312,0.6064373254776001,0.0365120731837038,0.570912778377533,0.4583739010183993,0.4976273477077484,1,0.39199100513192675,0.4384590322524575
Test014,46,046.tif,0.2913088202476501,194.94569396972656,0.6211777925491333,0.0379214977130092,0.5542187094688416,0.4727305165879425,0.5033320188522339,1,0.4009354375792681,0.4511919928853402
Test014,47,047.tif,0.3142867684364319,207.9340362548828,0.6576914191246033,0.0351292415700457,0.4740894436836242,0.4122296293840548,0.4847331047058105,1,0.4391893948399417,0.42031755902082085
Test014,48,048.tif,0.3231868743896484,193.13890075683597,0.6640998721122742,0.0353419848952239,0.5550813674926758,0.4377829618659739,0.4652911126613617,1,0.44021809463102046,0.4385135016954878
Test014,49,049.tif,0.3060272634029388,230.55821228027344,0.6267280578613281,0.0325763216679076,0.6115243434906006,0.4145515967348889,0.439133733510971,1,0.43919957641924845,0.4219459906401968
Test014,50,050.tif,0.272115021944046,186.3681182861328,0.5926598310470581,0.0339591532815657,0.5769254565238953,0.4247918865292116,0.4324173331260681,1,0.394422556967541,0.41568108766071044
Test014,51,051.tif,0.2518940269947052,207.95114135742188,0.5491059422492981,0.0340389320285076,0.5355657339096069,0.4147257132723379,0.4208163619041443,1,0.3418434059827107,0.39286102108544974
Test014,52,052.tif,0.2582759857177734,176.5530548095703,0.531532883644104,0.0332145516434421,0.631022572517395,0.4287045272389709,0.4241113066673279,1,0.3616628184710807,0.40859201460860384
Test014,53,053.tif,0.2228407859802246,207.9310760498047,0.3451095521450043,0.0350228699074566,0.6815861463546753,0.3695069756334502,0.410456120967865,1,0.17893467898896254,0.31233528664010385
Test014,54,054.tif,0.2218991816043853,204.26153564453125,0.3886447548866272,0.0365386660993511,0.7675775289535522,0.4491245688731105,0.4173707067966461,1,0.25208461656361947,0.39001258318026316
Test014,55,055.tif,0.2258781939744949,200.3579864501953,0.3909122347831726,0.0383735772790128,0.7600976228713989,0.4736167619329641,0.427135705947876,1,0.25636972508036704,0.40844265087718495
Test014,56,056.tif,0.2286242097616195,184.14308166503903,0.3742007315158844,0.0394904797361982,0.6198834180831909,0.4286997640156622,0.4299305379390716,1,0.18929987447848828,0.35687979715451
Test014,57,057.tif,0.2369055300951004,190.2229461669922,0.4087201654911041,0.0395170726518455,0.5131741166114807,0.4269126978715061,0.4295721650123596,1,0.19038576898138426,0.3559546192044695
Test014,58,058.tif,0.2164463847875595,214.2060089111328,0.3609432876110077,0.0402084884586746,0.4794073104858398,0.3791855045403254,0.4315078258514404,1,0.15341076202698023,0.3114530817863218
Test014,59,059.tif,0.217146635055542,222.60061645507807,0.3495418131351471,0.0376555685565365,0.4781440496444702,0.3426186295919818,0.4102067053318023,1,0.12252808272917137,0.2765914655331386
Test014,60,060.tif,0.2222229689359665,211.78253173828125,0.3705157339572906,0.041724284650569,0.4616769552230835,0.398130608925837,0.395109474658966,1,0.1822653907070706,0.3333710434602071
Test014,61,061.tif,0.210155963897705,201.38754272460935,0.3623132109642029,0.0403148601212636,0.4684251546859741,0.3779981701601793,0.3849691450595855,1,0.16049010885675874,0.3127457517691531
Test014,62,062.tif,0.2066125273704528,215.117431640625,0.3297087252140045,0.0413519838315072,0.4728396534919739,0.3584509506736953,0.3712767660617828,1,0.12622875114619558,0.2887842908154454
Test014,63,063.tif,0.2118000984191894,199.57716369628903,0.3393355309963226,0.045925965322838,0.6432332396507263,0.4757548931222131,0.390590637922287,1,0.2006507038801174,0.39322363634958435
Test014,64,064.tif,0.2367687225341797,191.367919921875,0.4166407883167267,0.0451281778534198,0.7041817903518677,0.5716173900508841,0.4363903999328613,1,0.30083488020298665,0.4903826370965148
Test014,65,065.tif,0.2475129663944244,202.56398010253903,0.4495823383331299,0.0468301244548452,0.5373449325561523,0.5675935088640395,0.4702829718589782,1,0.28298826974461644,0.48221193712821253
Test014,66,066.tif,0.2389351725578308,195.88507080078125,0.4110977053642273,0.049063929369216,0.5058958530426025,0.539198735496065,0.5025231242179871,1,0.25508977041627434,0.45396604597212775
Test014,67,067.tif,0.2267382591962814,192.1227264404297,0.3808697462081909,0.0473885756834379,0.46918386220932,0.4713091652170569,0.5250946879386902,1,0.22679871796526674,0.39795603104151983
Test014,68,068.tif,0.2137911319732666,194.42291259765625,0.3611820340156555,0.0442772045527071,0.4627846479415893,0.4152176610120389,0.5129872560501099,1,0.1876769905696335,0.34695545987931725
Test014,69,069.tif,0.2342086434364318,192.7125244140625,0.3896352648735046,0.0492234868630996,0.4990391731262207,0.5132066788025821,0.5013051629066467,1,0.23583769123833387,0.42999598253330756
Test014,70,070.tif,0.2377915680408477,198.19479370117188,0.4062674641609192,0.0525476013190086,0.5546925067901611,0.5952645760266001,0.506839394569397,1,0.278220270236367,0.5001512842895302
Test014,71,071.tif,0.228252500295639,196.66876220703125,0.4052037596702575,0.0509520263801723,0.5446681380271912,0.5705038784120577,0.5131003856658936,1,0.26410716043227767,0.47858486301812364
Test014,72,072.tif,0.2072907835245132,197.3018035888672,0.3880194723606109,0.0504201680672268,0.5148513317108154,0.5311759496526784,0.5250737071037292,1,0.23521789748896937,0.4423885340035657
Test014,73,073.tif,0.2105186283588409,192.7367248535156,0.3944739699363708,0.0504999468141687,0.6099710464477539,0.5792679327557295,0.5578838586807251,1,0.27479474877691956,0.4879259775620865
Test014,74,074.tif,0.2235721200704574,180.16372680664065,0.4080023765563965,0.0498617168386341,0.5720868110656738,0.5719910549910051,0.5696406364440918,1,0.27089240248229773,0.4816614592383929
Test014,75,075.tif,0.2321995794773101,195.5990753173828,0.4512541592121124,0.051217955536645,0.5376498699188232,0.6269357079799114,0.5759748816490173,1,0.30941006405420046,0.5316780148021981
Test014,76,076.tif,0.2300266474485397,166.1331787109375,0.4273152947425842,0.0536379108605467,0.5301152467727661,0.6245544036361308,0.5867849588394165,1,0.2966393743975515,0.526179894864557
Test014,77,077.tif,0.2300048023462295,182.2143402099609,0.4340992271900177,0.0573077332198702,0.5153684616088867,0.6723958018520247,0.615028977394104,1,0.32154111476330793,0.5671393957254096
Test014,78,078.tif,0.2596019506454468,170.7093505859375,0.4957920014858246,0.053957025848314,0.5475853085517883,0.6885402242947345,0.6368833780288696,1,0.36873139456734316,0.5925975753765171
Test014,79,079.tif,0.2575321197509765,209.67770385742188,0.4988903105258941,0.0548611849803212,0.4961493015289306,0.6775296206515075,0.6579911708831787,1,0.37479877825669805,0.5867103679330645
Test014,80,080.tif,0.2435629814863205,200.57228088378903,0.4389253556728363,0.0567226890756302,0.5809954404830933,0.7024739748489333,0.6730988621711731,1,0.3422383625195118,0.5944032911501068
Test014,81,081.tif,0.2437886297702789,224.3002014160156,0.4158622026443481,0.0561642378470375,0.4982255101203918,0.6256539260293376,0.6733187437057495,1,0.30359474379162843,0.5290361713580247
Test014,82,082.tif,0.2363262772560119,206.7685394287109,0.4356933236122131,0.0547016274864376,0.515458345413208,0.6420955663114429,0.6672586798667908,1,0.3088025830693558,0.5421076713388168
Test014,83,083.tif,0.238420084118843,244.11802673339844,0.4533691704273224,0.0566163174130411,0.4363438487052917,0.6529554652762205,0.6601417660713196,1,0.3623795044605408,0.5657826770315165
Test014,84,084.tif,0.2266919612884521,199.87774658203125,0.451051265001297,0.0559514945218593,0.4167063236236572,0.6326291172124363,0.6511616110801697,1,0.3633096221453932,0.5518332686923234
Test014,85,085.tif,0.2471230030059814,237.1871032714844,0.4669704139232635,0.053371981704074,0.3763291835784912,0.6041980807231846,0.6315064430236816,1,0.3774872758940978,0.5361848392744586
Test014,86,086.tif,0.2691266238689422,222.86790466308597,0.5048239827156067,0.0519625571747686,0.4250884652137756,0.6090913860132098,0.6281939744949341,1,0.3881356844051935,0.5428046755308049
Test014,87,087.tif,0.267488956451416,222.46380615234372,0.5154926180839539,0.0525476013190086,0.444593071937561,0.6248461449718973,0.6247440576553345,1,0.3940777367435939,0.5556156225034062
Test014,88,088.tif,0.2596274614334106,184.83628845214844,0.5037886500358582,0.0526273800659504,0.5043202638626099,0.6517340424367881,0.6244997382164001,1,0.36528884643731485,0.5658004836369461
Test014,89,089.tif,0.2551567554473877,195.0065155029297,0.5071991086006165,0.0541697691734921,0.5757884979248047,0.7040307594796977,0.6387801170349121,1,0.38874585210997104,0.6094452872687797
Test014,90,090.tif,0.2665759623050689,186.876953125,0.5167645812034607,0.0547282204020848,0.5814709067344666,0.7143216740815796,0.660804808139801,1,0.40136795889163634,0.6204355595245966
Test014,91,091.tif,0.2642183005809784,190.4687042236328,0.500614583492279,0.0546218487394958,0.4895422458648681,0.6714084048571575,0.67326819896698,1,0.3772328807141384,0.5831557476142517
Test014,92,092.tif,0.2585308253765106,168.9970703125,0.4899223148822784,0.0528135304754813,0.5562508702278137,0.6767753732617036,0.6836540699005127,1,0.3604812752129688,0.5818871438470832
Test014,93,093.tif,0.2275286465883255,203.04751586914065,0.479517251253128,0.0510849909584086,0.6940611600875854,0.7110027471790481,0.695507824420929,1,0.386763645785538,0.6137310167609951
Test014,94,094.tif,0.2323028892278671,184.73306274414065,0.4737834334373474,0.048771407297096,0.6888110637664795,0.6745034797348307,0.6896023750305176,1,0.3685627472401034,0.5827212599864126
Test014,95,095.tif,0.2386391907930374,181.0035400390625,0.4735725224018097,0.0435060099989362,0.5446871519088745,0.5455495995608988,0.65584796667099,1,0.29088838575978393,0.46915123542056425
Test014,96,096.tif,0.2301396131515503,216.42413330078125,0.4482684135437011,0.0450218061908307,0.494494616985321,0.5269308149531304,0.6269524097442627,1,0.27422765365479906,0.451119866563631
Test014,97,097.tif,0.2251718491315841,195.4987335205078,0.4313876330852508,0.0432666737581108,0.5208266973495483,0.4968386870822393,0.5909650921821594,1,0.23668665468694738,0.4187930773636517
Test014,98,098.tif,0.2017494589090347,205.8871612548828,0.3908332884311676,0.0414051696628018,0.684507429599762,0.4891389528133491,0.5465923547744751,1,0.24546878053761867,0.41603790113062994
Test014,99,099.tif,0.1969353705644607,198.5287933349609,0.3641119599342346,0.0384533560259546,0.7263927459716797,0.44028249813074,0.4997481405735016,1,0.2147765288635073,0.3726307073505702
Test014,100,100.tif,0.2231176793575287,206.42503356933597,0.3985770940780639,0.0388522497606637,0.5538975596427917,0.4226148702559448,0.4751611649990082,1,0.18570835158638532,0.3515429146550769
Test014,101,101.tif,0.2164464592933654,196.202392578125,0.3671687841415405,0.0406073821933836,0.5537514686584473,0.4135621526114174,0.4524874091148376,1,0.16057585743389335,0.33766626405816014
Test014,102,102.tif,0.1804694086313247,195.6607666015625,0.331571102142334,0.0396500372300819,0.5869414806365967,0.3805923406249885,0.4292381405830383,1,0.1255108843995988,0.3040679037573715
Test014,103,103.tif,0.1763582378625869,198.8920745849609,0.3251814544200897,0.0393309222423146,0.719521164894104,0.4133543725350475,0.4140812456607818,1,0.1733112499452223,0.34134143575809994
Test014,104,104.tif,0.1729827672243118,215.83909606933597,0.324790209531784,0.04074034677162,0.7199238538742065,0.4292692395645611,0.4118785858154297,1,0.1822779082708158,0.35517184017643744
Test014,105,105.tif,0.1917005330324173,189.1558990478516,0.3443877100944519,0.0408201255185618,0.5046887993812561,0.3779728177168769,0.4029501974582672,1,0.12639654591792981,0.3024999361771928
Test014,106,106.tif,0.1895494014024734,207.29600524902344,0.3423197269439697,0.0394107009892564,0.4798334836959839,0.3539986494014125,0.3910375237464905,1,0.12511625792669856,0.2853339319589983
Test014,107,107.tif,0.1918870508670807,207.2879943847656,0.3492121696472168,0.0414583554940963,0.6044996976852417,0.4225438109561553,0.3994278013706207,1,0.16675698269225014,0.3458077624769837
Test014,108,108.tif,0.1830201297998428,218.671630859375,0.3448518812656402,0.0431603020955217,0.7026584148406982,0.4713174652202627,0.411020427942276,1,0.2134069180343655,0.3939443010644935
Test014,109,109.tif,0.1782142966985702,201.66253662109372,0.3451305031776428,0.0408467184342091,0.6953594088554382,0.4418409886647037,0.4135347306728363,1,0.19606396052396913,0.3681078802224833
Test014,110,110.tif,0.1984875351190567,201.32989501953125,0.3616309463977813,0.0400755238804382,0.5665265321731567,0.4066101581731434,0.4192622303962707,1,0.15591919143989574,0.33140286815316905
Test014,111,111.tif,0.2012139409780502,202.71481323242188,0.361171156167984,0.0374960110626529,0.6661934852600098,0.4076550778695953,0.4299934804439544,1,0.18062808635483352,0.3395469804151668
Test014,112,112.tif,0.193606898188591,196.9542236328125,0.3574411869049072,0.03957025848314,0.7049027681350708,0.4412479880452735,0.4337343275547027,1,0.20570563924838425,0.37058528340620667
Test014,113,113.tif,0.1918229907751083,200.14251708984372,0.3708307445049286,0.0401021167960855,0.7262539863586426,0.4671690382290861,0.4329046607017517,1,0.23230508034162467,0.39670985086284766
Test014,114,114.tif,0.1816042214632034,193.19093322753903,0.34830442070961,0.0393575151579619,0.7502998113632202,0.4446492535218106,0.4334662854671478,1,0.2125172995842981,0.37500966734055685
Test014,115,115.tif,0.1897415965795517,208.3192138671875,0.3436216115951538,0.0403414530369109,0.6331052780151367,0.4142185620388079,0.4349879622459411,1,0.1649350176738008,0.3394334987293058
Test014,116,116.tif,0.2068075388669967,216.62681579589844,0.374440848827362,0.0437187533241144,0.5818500518798828,0.4654880286407087,0.446554571390152,1,0.201091292198726,0.3861690077081139
Test014,117,117.tif,0.2421866655349731,206.9574737548828,0.5418845415115356,0.0462716732262525,0.6942559480667114,0.63950345566736,0.4862056672573089,1,0.4165012255049475,0.5726027866186362
Test014,118,118.tif,0.2534954845905304,206.8561248779297,0.5879682302474976,0.0507126901393468,0.6715716123580933,0.6961012886310094,0.5319921374320984,1,0.4661396729299364,0.6271128039206875
Test014,119,119.tif,0.2657112181186676,222.8083648681641,0.6398528218269348,0.0528933092224231,0.5593867301940918,0.6792310640478205,0.5789085626602173,1,0.4836220466014379,0.6205483588139057
Test014,120,120.tif,0.2699778378009796,219.7372589111328,0.661568820476532,0.0544356983299649,0.658053994178772,0.7446555873429327,0.6449958682060242,1,0.5296720948285092,0.6801605395886056
Test014,121,121.tif,0.3212674558162689,221.09796142578125,0.7245759963989258,0.0576002552919902,0.69987952709198,0.810657805627177,0.714029848575592,1,0.5893075467478763,0.7442527279633868
Test014,122,122.tif,0.3280648291110992,187.8854217529297,0.7527356743812561,0.0612434847356664,0.684409499168396,0.842204749584198,0.7545701265335083,1,0.6135824835645346,0.773618069778299
Test014,123,123.tif,0.3306718170642853,209.7014617919922,0.7520168423652649,0.0630252100840336,0.630164384841919,0.8150821924209595,0.7783662676811218,1,0.6079299869651253,0.7529365307842092
Test014,124,124.tif,0.346714437007904,184.74073791503903,0.8064212203025818,0.0692213594298478,0.5595682859420776,0.7797841429710388,0.7984768748283386,1,0.6417364316740157,0.7383698295819318
Test014,125,125.tif,0.3658288717269897,222.6698760986328,0.8669551610946655,0.0718274651632805,0.6020506024360657,0.8010253012180328,0.8097508549690247,1,0.6847716734977096,0.7661492129019358
Test014,126,126.tif,0.4058447480201721,196.49810791015625,0.9193667769432068,0.0753377300287203,0.6845887899398804,0.8422943949699402,0.8160780668258667,1,0.7271029503632936,0.8077369615879462
Test014,127,127.tif,0.408219575881958,240.0369110107422,0.8911447525024414,0.0778374640995638,0.6009984612464905,0.8004992306232452,0.8077370524406433,1,0.7094693380150234,0.7731902628407786
Test014,128,128.tif,0.4029784202575683,218.80992126464844,0.864229679107666,0.0821455164344218,0.5430670976638794,0.7715335488319397,0.7990273237228394,1,0.6996572081345885,0.7499706466227344
Test014,129,129.tif,0.4033335447311401,211.5005645751953,0.8571726679801941,0.0820923306031273,0.5425056219100952,0.7712528109550476,0.7973210215568542,1,0.6964344541126242,0.7488073039023205
Test014,130,130.tif,0.4106737077236175,217.0607147216797,0.8711796402931213,0.0840336134453781,0.6103417873382568,0.8051708936691284,0.7981501817703247,1,0.7169431623861745,0.7787025742842422
Test014,131,131.tif,0.4356448054313659,222.85557556152344,0.8696556687355042,0.0847250292522072,0.6780170202255249,0.8390085101127625,0.797493040561676,1,0.7274883363065183,0.8055524579708891
Test014,132,132.tif,0.4351873397827148,207.87713623046875,0.8681126832962036,0.0872779491543452,0.6586387157440186,0.8293193578720093,0.8032569885253906,1,0.7297398561719949,0.7994455073620049
Test014,133,133.tif,0.4179721176624298,210.7231903076172,0.8120976090431213,0.087942772045527,0.5600581169128418,0.7800290584564209,0.8049560785293579,1,0.6940126696834277,0.7542241418245229
Test014,134,134.tif,0.4177281558513641,219.617431640625,0.79290771484375,0.0887937453462397,0.5073049068450928,0.7536524534225464,0.8014360666275024,1,0.6833328483777189,0.7325565719090982
Test014,135,135.tif,0.4004575312137604,231.4111328125,0.7643874287605286,0.092250824380385,0.5862746238708496,0.7931373119354248,0.7990292906761169,1,0.6879717153528578,0.7615876329606547
Test014,136,136.tif,0.393437922000885,226.43479919433597,0.7450298070907593,0.0875970641421125,0.6423094272613525,0.8211547136306763,0.7954586148262024,1,0.6765886583957018,0.7777848970601839
Test014,137,137.tif,0.3681001961231231,215.18788146972656,0.7276182770729065,0.090389320285076,0.6897644996643066,0.8448822498321533,0.7985711693763733,1,0.6836180572332,0.7965029920524672
Test014,138,138.tif,0.3794576525688171,197.0999298095703,0.7071604132652283,0.0861610466971598,0.5505590438842773,0.7752795219421387,0.7976212501525879,1,0.638323516559812,0.7341927203274405
Test014,139,139.tif,0.374906063079834,209.5394744873047,0.6806653141975403,0.0886873736836506,0.4918047189712524,0.7459023594856262,0.7960711717605591,1,0.631583569901395,0.7116067226103568
Test014,140,140.tif,0.3627867698669433,204.9178466796875,0.6682122349739075,0.0904159132007233,0.5600720643997192,0.7800360321998596,0.7934509515762329,1,0.6324365200120111,0.7357561785435051
Test014,141,141.tif,0.370703786611557,201.2626800537109,0.6585971713066101,0.0886075949367088,0.5791216492652893,0.7895608246326447,0.7871321439743042,1,0.6256593086206663,0.7403903698290512
Test014,142,142.tif,0.3598363399505615,219.7388916015625,0.6302695274353027,0.0892458249122433,0.6065823435783386,0.8032911717891693,0.7788139581680298,1,0.6177714782447192,0.7476352637258342
Test014,143,143.tif,0.3662069439888,211.36302185058597,0.6403450965881348,0.0863206041910435,0.5210829973220825,0.7605414986610413,0.7758663892745972,1,0.5970310220849916,0.7114883556882263
Test014,144,144.tif,0.3640176057815552,227.57325744628903,0.6311209201812744,0.0856557812998617,0.5270363688468933,0.7635181844234467,0.7793895602226257,1,0.5908244884462426,0.7117100756302853
Test014,145,145.tif,0.3532089293003082,206.37115478515625,0.6055946350097656,0.0865865333475162,0.5773119926452637,0.7886559963226318,0.7811135649681091,1,0.5896365613498451,0.7289501658307957
Test014,146,146.tif,0.3399791121482849,182.2779998779297,0.57584547996521,0.0865067546005744,0.6953413486480713,0.8476706743240356,0.7927355766296387,1,0.5968402299993684,0.7724215410266354
Test014,147,147.tif,0.339762270450592,203.9505920410156,0.5677708983421326,0.0845654717583235,0.6202915906906128,0.8101457953453064,0.7941064834594727,1,0.5696509561399744,0.7379973435837067
Test014,148,148.tif,0.3459037244319916,193.7956085205078,0.5717936158180237,0.0852834804807999,0.5954194068908691,0.7977097034454346,0.8015400767326355,1,0.5690890506895447,0.7291235076186676
Test014,149,149.tif,0.3700948655605316,229.40948486328125,0.597163200378418,0.0850441442399744,0.5002821087837219,0.750141054391861,0.7988646626472473,1,0.5714093497571067,0.6965215430014347
Test014,150,150.tif,0.351194679737091,221.95704650878903,0.5649144649505615,0.0831294543133709,0.5903621912002563,0.7951810956001282,0.8001696467399597,1,0.5561911819871334,0.7234841215162298
Test014,151,151.tif,0.3446228802204132,211.0709991455078,0.5392048358917236,0.0843527284331454,0.647771418094635,0.8238857090473175,0.7954126596450806,1,0.5574429241364327,0.743952873574052
Test014,152,152.tif,0.3327733278274536,200.17221069335935,0.5335383415222168,0.0844856930113817,0.6193209886550903,0.8096604943275452,0.7953156232833862,1,0.5478331483510925,0.7311122905346092
Test014,153,153.tif,0.3406699001789093,230.4139404296875,0.5195220112800598,0.0883682586958834,0.6487731337547302,0.8243865668773651,0.800650954246521,1,0.5595561357382774,0.7449374375356388
Test014,154,154.tif,0.3376795053482055,201.9420623779297,0.5186147093772888,0.0840602063610254,0.6277061104774475,0.8138530552387238,0.8133934140205383,1,0.5386176469396431,0.7312824327489995
Test014,155,155.tif,0.3411126136779785,226.65663146972656,0.5292853713035583,0.0825710030847782,0.6407992839813232,0.8203996419906616,0.8184370994567871,1,0.5431476863757176,0.7372240553061783
Test014,156,156.tif,0.3484617471694946,205.2134552001953,0.5734192728996277,0.0816402510371237,0.6202584505081177,0.8101292252540588,0.8156857490539551,1,0.5629734413098879,0.7359824900708075
Test014,157,157.tif,0.3293367028236389,216.71519470214844,0.5222902894020081,0.077465163280502,0.6565484404563904,0.8282742202281952,0.8194085359573364,1,0.5232724333091674,0.7367736841524868
Test014,158,158.tif,0.3258268237113952,171.50003051757812,0.5011184215545654,0.0736357834272949,0.7176645994186401,0.8588322997093201,0.8262976408004761,1,0.509140408584999,0.7539247323720237
Test014,159,159.tif,0.3156632483005523,201.5789794921875,0.5031454563140869,0.0753643229443676,0.6926451921463013,0.8463225960731506,0.8327916264533997,1,0.5110365667172032,0.7457367872663663
Test014,160,160.tif,0.3198652863502502,214.74679565429688,0.4842651188373565,0.0744867567280076,0.6320953369140625,0.8160476684570312,0.8319212198257446,1,0.4784008009886488,0.7147536082165165
Test014,161,161.tif,0.3354369401931762,213.34133911132807,0.5493896007537842,0.0739814913307095,0.6075012683868408,0.8037506341934204,0.8306454420089722,1,0.5162448286275685,0.7174988925236648
Test014,162,162.tif,0.2930999100208282,221.9322204589844,0.4420283138751983,0.0754972875226039,0.6970819234848022,0.8111477869985739,0.8272201418876648,1,0.4687520249742152,0.7084290583912662
Test014,163,163.tif,0.304233968257904,199.6754608154297,0.4422307908535003,0.0745931283905967,0.7776279449462891,0.8517143802432743,0.8257964849472046,1,0.4866366181125912,0.7421910516040693
Test014,164,164.tif,0.3195259273052215,212.9647674560547,0.4798805117607116,0.0734762259334113,0.7320734262466431,0.8660367131233215,0.8297394514083862,1,0.49727442120264487,0.7554080255471185
Test014,165,165.tif,0.3100302219390869,196.1469573974609,0.4502207338809967,0.0739814913307095,0.6126917004585266,0.7808313161134406,0.8226960897445679,1,0.4450328730882932,0.6800917832058964
Test014,166,166.tif,0.3068166673183441,207.38145446777344,0.4451971054077148,0.074327199234124,0.5697410106658936,0.752071935823371,0.8123604655265808,1,0.4302499411713516,0.6555253374277651
Test014,167,167.tif,0.2736257016658783,194.99200439453125,0.4119848012924194,0.077172641208382,0.6774758696556091,0.7577830177757003,0.8016874194145203,1,0.4475928601649283,0.6647259704924686
Test014,168,168.tif,0.2808980047702789,180.0082244873047,0.4076278805732727,0.0710828635251569,0.7493636608123779,0.7874095742246431,0.7888264656066895,1,0.4375501618269112,0.6824517505053236
Test014,169,169.tif,0.2887619137763977,178.20289611816406,0.4259992837905884,0.074912243378364,0.8165062665939331,0.8476185856919101,0.7851428389549255,1,0.48638580241252316,0.7392487507080939
Test014,170,170.tif,0.3139455020427704,171.67002868652344,0.4640739262104034,0.0756302521008403,0.6721553802490234,0.8306496619636061,0.7951065301895142,1,0.4789782829856104,0.7251482482702074
Test014,171,171.tif,0.2892216145992279,219.1721649169922,0.4163434505462646,0.0768535262206148,0.6011874079704285,0.7259586323601392,0.7898839116096497,1,0.4276896646748053,0.636477942054539
Test014,172,172.tif,0.2778594195842743,200.02003479003903,0.4141668975353241,0.0784491011594511,0.7342351675033569,0.7893266081316344,0.7961925864219666,1,0.4704659135632896,0.6936683997611308
Test014,173,173.tif,0.2883317172527313,199.70518493652344,0.4271315336227417,0.0798053398574619,0.7474082708358765,0.8147112991567518,0.8016529083251953,1,0.48911981382516134,0.7170338535572747
Test014,174,174.tif,0.2870103120803833,186.4712677001953,0.4212568402290344,0.0805499414955855,0.8186495304107666,0.8418138876848169,0.800491988658905,1,0.5062336357563728,0.7411398121062837
Test014,175,175.tif,0.2783907055854797,201.1223602294922,0.406892865896225,0.0796989681948728,0.66920405626297,0.7462640337188939,0.7836148738861084,1,0.4524067106683264,0.6581068368037236
Test014,176,176.tif,0.2721455097198486,186.99490356445312,0.393571525812149,0.0841931709392617,0.6102150082588196,0.6974541656023603,0.7779139876365662,1,0.4451963253083123,0.6217768135141458
Test014,177,177.tif,0.2786228060722351,199.66720581054688,0.4163259267807007,0.0878895862142325,0.6752660870552063,0.762972563230434,0.7726432085037231,1,0.4954188734440781,0.6827064562945273
Test014,178,178.tif,0.291536420583725,191.52960205078125,0.4442836344242096,0.0854696308903308,0.699608325958252,0.8156811016186087,0.7728371620178223,1,0.5115975836110753,0.7244560462163486
Test014,179,179.tif,0.2721432149410248,203.82725524902344,0.4201946258544922,0.0840070205297308,0.704378604888916,0.7831382618443428,0.761102020740509,1,0.490015182326451,0.6952013379889752
Test014,180,180.tif,0.2838919162750244,194.8108673095703,0.4574122428894043,0.0814275077119455,0.647533655166626,0.8086796581562474,0.7735851407051086,1,0.49148223625050547,0.7135204315845248
Test014,181,181.tif,0.2778571844100952,195.45230102539065,0.4118793904781341,0.0807094989894692,0.5667233467102051,0.702253915362188,0.7745450735092163,1,0.43160441535813954,0.6210590653609734
Test014,182,182.tif,0.2583337426185608,189.89495849609372,0.3847761154174804,0.08148069354324,0.6059032678604126,0.6825453458253596,0.7584596872329712,1,0.4247015521255958,0.6051922077154305
Test014,183,183.tif,0.2752444744110107,205.3819732666016,0.4467659294605255,0.0802308265078183,0.647432804107666,0.7931925568770817,0.7539619207382202,1,0.47880024288158907,0.6988748626784338
Test014,184,184.tif,0.2510085701942444,171.98281860351562,0.394007533788681,0.0790341453036911,0.7409367561340332,0.7634472315004015,0.7500237822532654,1,0.4595743469553709,0.6722853661368924
Test014,185,185.tif,0.2685332298278808,195.7678375244141,0.4060663878917694,0.0783161365812147,0.7340893745422363,0.777508336915481,0.7437894940376282,1,0.463767411445583,0.6833860592745116
Test014,186,186.tif,0.2822227776050567,164.43846130371094,0.4186789691448211,0.0776779066056802,0.6280233860015869,0.7427630183246832,0.7518912553787231,1,0.44103667021936177,0.6522451138930867
Test014,187,187.tif,0.2826118171215057,176.31405639648438,0.4128974676132202,0.075018615040953,0.5767548084259033,0.7087458122870498,0.7571313977241516,1,0.4090772576097672,0.618845245883865
Test014,188,188.tif,0.2620912194252014,168.90396118164062,0.4091086089611053,0.0749654292096585,0.6358239650726318,0.7327867159346866,0.7450502514839172,1,0.42333574122957074,0.6399514235231518
Test014,189,189.tif,0.2583977878093719,181.4267120361328,0.4441433548927307,0.0771194553770875,0.601212739944458,0.7662799095988777,0.7456167936325073,1,0.4508871467711135,0.6716620807505485
Test014,190,190.tif,0.2386791557073593,196.18788146972656,0.4096045792102813,0.0741942346558876,0.5964148044586182,0.713801270187184,0.7328753471374512,1,0.4083802707781541,0.622174970364475
Test014,191,191.tif,0.2503973245620727,186.3314971923828,0.3963898718357086,0.0746463142218912,0.6217606067657471,0.7073134398602225,0.7257854342460632,1,0.40714442367248327,0.6172627350039007
Test014,192,192.tif,0.2572042942047119,208.2708740234375,0.3852141499519348,0.0778374640995638,0.5553013682365417,0.6578795263917198,0.7156121730804443,1,0.3925769473472419,0.5782887526783763
Test014,193,193.tif,0.2711735069751739,223.8631591796875,0.4645149111747741,0.077358791617913,0.55030357837677,0.7703631693964845,0.7231274843215942,1,0.453429280731084,0.6752830027968643
Test014,194,194.tif,0.23737633228302,204.6070098876953,0.3842735886573791,0.077358791617913,0.6153693795204163,0.6865497604498356,0.707181453704834,1,0.40790558523585374,0.602956507885641
Test014,195,195.tif,0.2143342196941375,207.97052001953125,0.3501917719841003,0.0740080842463567,0.7476874589920044,0.7032916985325319,0.7050794959068298,1,0.40361866258516943,0.6133897877483232
Test014,196,196.tif,0.2446395754814148,206.2672119140625,0.3920468091964721,0.0782097649186256,0.7204597592353821,0.7503657705583258,0.713689923286438,1,0.44875759597783804,0.6598833181841794
Test014,197,197.tif,0.2693144381046295,213.5767059326172,0.4079424440860748,0.0781299861716838,0.5403558611869812,0.6833617773608431,0.7187864184379578,1,0.40862623611056303,0.6009411149857591
Test014,198,198.tif,0.2737344801425934,202.6546630859375,0.4346846640110016,0.0759493670886076,0.4536230564117431,0.6787703913735593,0.7004678845405579,1,0.4339931898800172,0.6053372309254966
Test014,199,199.tif,0.2393766194581985,204.39065551757807,0.3826043903827667,0.0739017125837676,0.4426239728927612,0.597756794694999,0.682709276676178,1,0.3842474034935601,0.5337039773345673
Test014,200,200.tif,0.2294476181268692,191.1192779541016,0.3764196336269378,0.0721997659823423,0.4806658029556274,0.6078100905342867,0.663612961769104,1,0.35798540901786613,0.5328626860793605
Test018,1,001.tif,0.0,0.0,0.0,1.0,0.0,0.0,0.0,0,0.999761782286739,0.29992853468602165
Test018,2,002.tif,0.2165552079677581,186.8584899902344,0.3589508235454559,0.0207158812892245,0.635806679725647,0.2021553302044587,0.2021553367376327,0,0.26472182588799875,0.22092527890952068
Test018,3,003.tif,0.2317483723163604,197.21763610839844,0.3836355209350586,0.0156898202318902,0.5449622869491577,0.1418170212621085,0.1719861775636673,0,0.2854009423451678,0.18489219758702627
Test018,4,004.tif,0.2465366423130035,172.7491912841797,0.4076907634735107,0.0089086267418359,0.7171483039855957,0.0763632435272825,0.1401118636131286,0,0.40079613545547343,0.1736931111057398
Test018,5,005.tif,0.2584450244903564,193.79067993164065,0.4127910733222961,0.0072332730560578,0.6905344724655151,0.0532643868450877,0.1183999925851821,0,0.40495736367766166,0.15877227989485987
Test018,6,006.tif,0.2429529577493667,182.2875518798828,0.3940092027187347,0.0053185831294543,0.6788389682769775,0.0263446022048422,0.0999889150261879,0,0.39463105588293446,0.13683053830826988
Test018,7,007.tif,0.2364808470010757,192.57583618164065,0.3776284754276275,0.0043878310817998,0.5369042158126831,0.0125181525207964,0.0620614774525165,0,0.3387769887822516,0.11039580339923295
Test018,8,008.tif,0.2498862743377685,176.4174041748047,0.4138893783092499,0.0031645569620253,0.6563903093338013,0.0,0.0336980745196342,0,0.4147403022947743,0.1244220906884323
Test018,9,009.tif,0.2460668385028839,223.9422912597656,0.4048315286636352,0.0034570790341453,0.5040445327758789,0.0021744953600932,0.0188603289425373,0,0.3680746322433873,0.11194453642508144
Test018,10,010.tif,0.2517329156398773,202.2584686279297,0.4146324098110199,0.0036166365280289,0.5994877219200134,0.0044024493401858,0.0090879406780004,0,0.3959202089803917,0.12185777723224755
Test018,11,011.tif,0.2653129994869232,228.38064575195312,0.4189927875995636,0.0083501755132432,0.6057958006858826,0.0652965620373589,0.016878331080079,0,0.3785119894374973,0.1592611902574004
Test018,12,012.tif,0.2481361031532287,191.3158721923828,0.4214454889297485,0.011461546643974,0.556948721408844,0.1022835855106333,0.034831415861845,0,0.3490283189810486,0.17630700555175788
Test018,13,013.tif,0.2405155003070831,210.9893951416016,0.4039761126041412,0.0068077864057015,0.5536284446716309,0.0425009004896769,0.0433315970003604,0,0.3560188227998937,0.13655627718274194
Test018,14,014.tif,0.2430662810802459,174.49757385253906,0.3933423459529876,0.006169556430167,0.7073361277580261,0.0379620675897674,0.0504891090095043,0,0.3987537657133705,0.14619957702684833
Test018,15,015.tif,0.2155810743570327,184.81097412109372,0.3524442613124847,0.0031645569620253,0.7793447375297546,0.0,0.0496086217463016,0,0.4005985277671007,0.1201795583301302
Test018,16,016.tif,0.2333761304616928,165.83473205566406,0.384562999010086,0.005877034358047,0.7586193084716797,0.0347238178594184,0.0434940718114376,0,0.40839193275529584,0.14682425232818164
Test018,17,017.tif,0.2310283184051513,217.64849853515625,0.3881683945655823,0.008722476332305,0.5973683595657349,0.0653997046271868,0.0361172966659069,0,0.3461304173753371,0.1496189184516319
Test018,18,018.tif,0.2340986281633377,197.5203399658203,0.4037784337997436,0.0073130518029996,0.4928638935089111,0.0463931951524859,0.0368957594037056,0,0.3510692150900714,0.13779600113376153
Test018,19,019.tif,0.2268287390470504,219.3160095214844,0.3644989132881164,0.008429954260185,0.548566460609436,0.0565717593361466,0.0406176932156086,0,0.3084519833085112,0.132135826527856
Test018,20,020.tif,0.203084647655487,190.22659301757807,0.3217785358428955,0.0092277417296032,0.5259770154953003,0.0576573793372982,0.0521491691470146,0,0.2521871393905012,0.1160163073532591
Test018,21,021.tif,0.1957943141460418,206.55426025390625,0.3114456236362457,0.013030528667163,0.5459407567977905,0.0936003914351909,0.0639244839549064,0,0.22575232662188938,0.13324597199120045
Test018,22,022.tif,0.1762800812721252,213.60797119140625,0.2941173017024994,0.0098127858738432,0.5403522253036499,0.0595374935032636,0.0627520456910133,0,0.22449060728589143,0.10902342763805194
Test018,23,023.tif,0.1726131290197372,216.56201171875,0.2945567071437835,0.0122061482820976,0.431700587272644,0.0728922669828012,0.0680518597364425,0,0.23697156767903627,0.1221160571916717
Test018,24,024.tif,0.1839051693677902,181.71263122558597,0.2947923541069031,0.0100255291990213,0.426152229309082,0.0548172296360084,0.0677009522914886,0,0.2525127665232897,0.11412589070219278
Test018,25,025.tif,0.1670019477605819,194.32943725585935,0.2578624486923218,0.011754068716094,0.3234830498695373,0.0532208428798769,0.0668136402964592,0,0.2791499734139389,0.12099958204009548
Test018,26,026.tif,0.1562578231096267,173.82374572753906,0.2442509531974792,0.0125252632698649,0.4990257620811462,0.0691130275116646,0.061916172504425,0,0.22169613624512574,0.11488796013170292
Test018,27,027.tif,0.1643332839012146,195.5357666015625,0.2601488828659057,0.0145729177747048,0.492796242237091,0.0883591150778035,0.0676804929971695,0,0.19348643288880718,0.1198973104211046
Test018,28,028.tif,0.1683390289545059,201.51214599609372,0.2686237692832947,0.0149452185937666,0.5748268365859985,0.1021948958116234,0.073541022837162,0,0.19285006741147293,0.12939144729157825
Test018,29,029.tif,0.184949442744255,189.32376098632807,0.3104214370250702,0.0151313690032975,0.4346147179603576,0.1018457332905278,0.0829467251896858,0,0.23510051271483,0.14182216711781848
Test018,30,030.tif,0.1728038340806961,194.59124755859372,0.2881636619567871,0.0174183597489628,0.4889988303184509,0.1202199820107007,0.0963465496897697,0,0.17348034440672988,0.13619809072950945
Test018,31,031.tif,0.1652920544147491,188.4515838623047,0.2723023891448974,0.0204499521327518,0.477756142616272,0.1373472502182256,0.1099933981895446,0,0.146703990430884,0.14015427228202312
Test018,32,032.tif,0.1676964610815048,203.32876586914065,0.2494372725486755,0.0182427401340282,0.649099588394165,0.1335065738873771,0.1190228909254074,0,0.2235115754355641,0.1605080743518332
Test018,33,033.tif,0.1659430414438247,208.3511657714844,0.2569398581981659,0.0194394213381555,0.6037706136703491,0.1408310297700646,0.126750111579895,0,0.18913681790830605,0.155322766211537
Test018,34,034.tif,0.1854099780321121,188.66049194335935,0.2881158590316772,0.0196521646633336,0.5459697246551514,0.1473727350975189,0.1358555108308792,0,0.15640519621350168,0.15008247343231373
Test018,35,035.tif,0.1661089658737182,192.060791015625,0.26046884059906,0.0221784916498244,0.6001371145248413,0.1657824259361001,0.1449680030345916,0,0.16552262948912388,0.16570448700200724
Test018,36,036.tif,0.1473256349563598,207.61317443847656,0.2269263565540313,0.021939155408999,0.755484402179718,0.1732013534440419,0.1521387994289398,0,0.2662786523602506,0.2011245431189045
Test018,37,037.tif,0.1553028672933578,177.77145385742188,0.2310270965099334,0.0186682267843846,0.7546981573104858,0.144357319820549,0.1543089747428894,0,0.2807519358087891,0.18527570461702103
Test018,38,038.tif,0.1521613597869873,192.5567169189453,0.2343910187482834,0.0175513243271992,0.4642468690872192,0.0986989426031659,0.145882561802864,0,0.21510921465196908,0.13362202421780683
Test018,39,039.tif,0.1636466532945633,190.45867919921875,0.2737786769866943,0.0233485799383044,0.4938024878501892,0.1641027542021364,0.1492285579442978,0,0.11769754078420602,0.1501811901767573
Test018,40,040.tif,0.1731685250997543,192.5464630126953,0.2993963658809662,0.0237740665886607,0.5221799612045288,0.1860580542697464,0.1532836854457855,0,0.13145595405266908,0.16967742420462317
Test018,41,041.tif,0.1574504524469375,190.9058990478516,0.2611283361911773,0.023215615360068,0.6700220108032227,0.1874454510841828,0.1561325043439865,0,0.18735919881572238,0.18741957540364468
Test018,42,042.tif,0.1429544538259506,204.17694091796875,0.2358862161636352,0.0223114562280608,0.6797373294830322,0.1683375985085957,0.1609285622835159,0,0.22530209106865284,0.18542694627661283
Test018,43,043.tif,0.1447852551937103,192.85411071777344,0.2333990782499313,0.0211679608552281,0.6843942403793335,0.1578271536483255,0.1727541983127594,0,0.23685155807829728,0.18153447497731703
Test018,44,044.tif,0.1652968078851699,193.5000762939453,0.2637986242771148,0.027231145622806,0.5946432948112488,0.2109566499546018,0.1821249723434448,0,0.12462509621173956,0.18505718383174313
Test018,45,045.tif,0.1543682366609573,194.29196166992188,0.2610086500644684,0.0284810126582278,0.7239104509353638,0.2487761910778818,0.1946686059236526,0,0.17564015638398034,0.22683538066971135
Test018,46,046.tif,0.161538690328598,203.3760681152344,0.2491974681615829,0.0266992873098606,0.8057736158370972,0.2409864771234691,0.2053768187761306,0,0.2334809011253307,0.23873480432402755
Test018,47,047.tif,0.1346424520015716,192.88059997558597,0.2199493199586868,0.027523667694926,0.8379757404327393,0.2382643777836428,0.2193621695041656,0,0.2717148465102571,0.24829951840162706
Test018,48,048.tif,0.1352103352546692,198.3546905517578,0.2177394181489944,0.0261674289969152,0.778672456741333,0.2117338702676321,0.2301435023546219,0,0.25969422341389314,0.22612197621151042
Test018,49,049.tif,0.1456920951604843,218.98390197753903,0.2271927744150161,0.0247048186363152,0.5938236713409424,0.1685880100989735,0.2216697931289672,0,0.18496523195585268,0.17350117665603726
Test018,50,050.tif,0.1650987118482589,241.9711151123047,0.2506897151470184,0.0276034464418678,0.5028307437896729,0.1865043040424242,0.2092154026031494,0,0.11239438626908771,0.16427132871042327
Test018,51,051.tif,0.1482583284378051,186.07794189453125,0.266309529542923,0.0290660568024678,0.7400819659233093,0.2616915982138269,0.2133564502000808,0,0.17243055881341052,0.234913286393702
Test018,52,052.tif,0.150879293680191,160.14535522460938,0.2550862729549408,0.0303425167535368,0.7651681303977966,0.2728678008280131,0.2202771157026291,0,0.18758079740640443,0.24728169980153047
Test018,53,053.tif,0.133608266711235,179.49659729003906,0.1987582147121429,0.029092649718115,0.6363259553909302,0.1940418692060394,0.2167387306690216,0,0.20654622143077828,0.19779317487346107
Test018,54,054.tif,0.1321396827697754,172.8994140625,0.2087769657373428,0.0324699500053185,0.7984081506729126,0.268409525477291,0.2367030084133148,1,0.23899580930896003,0.25958541062679175
Test018,55,055.tif,0.1388000398874282,219.1641845703125,0.225329965353012,0.0326826933304967,0.70386803150177,0.2583501092188865,0.2510721683502197,1,0.1810404786103358,0.23515722003632128
Test018,56,056.tif,0.1310665905475616,190.25767517089844,0.2254478633403778,0.0361663652802893,0.6663264036178589,0.2782074020407793,0.2543753385543823,1,0.14148398856094146,0.23719037799682796
Test018,57,057.tif,0.1344912052154541,192.1750946044922,0.2134029269218444,0.032124242101904,0.7882702946662903,0.2660617614839685,0.2530141472816467,1,0.23215220355600652,0.2558888941055799
Test018,58,058.tif,0.1241602227091789,173.56517028808594,0.198234349489212,0.0310339325603659,0.7123978137969971,0.2267979814172463,0.2595653533935547,1,0.2254642234462706,0.22639785402595358
Test018,59,059.tif,0.1299953907728195,193.67881774902344,0.1971841901540756,0.0268854377193915,0.7977061867713928,0.2099625278166249,0.2478759288787841,1,0.2837352558902233,0.2320943462387044
Test018,60,060.tif,0.142601653933525,162.30340576171875,0.2178244739770889,0.0302095521753005,0.8500750660896301,0.2660536837715201,0.2494166791439056,1,0.26273270494271983,0.26505739012288
Test018,61,061.tif,0.1382460743188858,199.951171875,0.2230201512575149,0.0286671630677587,0.6263790130615234,0.2043118886966426,0.2346375733613968,1,0.17751443984834936,0.1962726540421546
Test018,62,062.tif,0.15371735394001,164.35987854003906,0.2494870275259018,0.0291458355494096,0.8219138383865356,0.2700071522563486,0.235426664352417,1,0.22446820228662878,0.2563454672654326
Test018,63,063.tif,0.1530364602804184,169.29214477539062,0.2713397741317749,0.0318583129454313,0.8081538081169128,0.3107600160456203,0.2522190511226654,1,0.1768938583591988,0.27060016873969384
Test018,64,064.tif,0.1426077783107757,163.0819549560547,0.2411358803510666,0.0341718966067439,0.8980871438980103,0.3365447371838649,0.2775354981422424,1,0.23264905246748568,0.3053760317689511
Test018,65,065.tif,0.1318707168102264,170.6356964111328,0.2144079357385635,0.0360865865333475,0.8324249982833862,0.31615602382779,0.2875559628009796,1,0.22406378372145863,0.2885283517958906
Test018,66,066.tif,0.1445099860429763,192.60655212402344,0.2449086606502533,0.0347835336666312,0.9253056049346924,0.3537612716184639,0.31744584441185,1,0.23548786084220397,0.31827924838558586
Test018,67,067.tif,0.1440224647521972,194.15530395507807,0.2600860595703125,0.0353153919795766,0.992855429649353,0.3911125711054942,0.3416669368743896,1,0.24223414990218517,0.34644904474450144
Test018,68,068.tif,0.1430076509714126,172.1099853515625,0.2566170394420624,0.0335602595468567,0.8663811683654785,0.3333900428290424,0.3461929261684418,1,0.2067622619452928,0.2954017085639175
Test018,69,069.tif,0.1607436388731002,178.71755981445312,0.2825069427490234,0.0355813211360493,0.8089821338653564,0.360648776408746,0.351013720035553,1,0.15587531460562953,0.299216737867811
Test018,70,070.tif,0.1527674347162246,194.5038299560547,0.2688423693180084,0.0367780023401765,0.9577816724777222,0.4061159700121953,0.3690057396888733,1,0.20975579109321363,0.3472079163365007
Test018,71,071.tif,0.1507132202386856,194.5449981689453,0.2902458012104034,0.0336666312094458,0.930510401725769,0.3776908951862029,0.3737916648387909,1,0.22724538399676386,0.3325572418293712
Test018,72,072.tif,0.1665617376565933,177.922607421875,0.3148270547389984,0.0368045952558238,0.8035355806350708,0.4002878112383527,0.3756267130374908,1,0.18333525248738236,0.3352020436130616
Test018,73,073.tif,0.1623236387968063,207.88807678222656,0.3098824024200439,0.0406605680246782,0.9170998334884644,0.4788802329658958,0.4047247469425201,1,0.24448424874539953,0.4085614376997469
Test018,74,074.tif,0.1672591716051101,182.5111846923828,0.2991304695606231,0.0385065418572492,0.9096529483795166,0.4393458223782255,0.4204641282558441,1,0.21664857487988698,0.3725366481287239
Test018,75,075.tif,0.1394071727991104,211.2612152099609,0.2350776195526123,0.0402084884586746,0.8263565301895142,0.3733331171677848,0.4139075875282287,1,0.2124393515166333,0.3250649874724393
Test018,76,076.tif,0.1389663070440292,197.7594757080078,0.2306068688631057,0.0375226039783001,0.906708836555481,0.3664480993243012,0.4116590023040771,1,0.23261096963942618,0.32629696041883866
Test018,77,077.tif,0.1488208919763565,196.82650756835935,0.275002658367157,0.0401287097117327,0.9391374588012696,0.4464736234026691,0.4208962023258209,1,0.2129614730646442,0.3764199783012616
Test018,78,078.tif,0.1553325951099395,179.26271057128906,0.2695857882499695,0.0364588873524093,0.9024794697761536,0.3867656810334147,0.4024732708930969,1,0.18831212568013855,0.3272296144274318
Test018,79,079.tif,0.151520773768425,212.77859497070312,0.2606021165847778,0.0347835336666312,0.8029810190200806,0.3325130301765217,0.3811067044734955,1,0.16792198916106627,0.283135717871885
Test018,80,080.tif,0.1436963826417923,193.1529693603516,0.2492585331201553,0.0352622061482821,0.8859646320343018,0.3516293005552138,0.3767659664154053,1,0.21214679688680538,0.30978454945469125
Test018,81,081.tif,0.1324124932289123,204.10272216796875,0.2171948999166488,0.0330815870652058,0.712955117225647,0.2580584665499204,0.3550880253314972,1,0.19157294646166723,0.2381128105234444
Test018,82,082.tif,0.1390047073364257,164.14108276367188,0.2180522233247757,0.0336400382937985,0.6528491973876953,0.2475323271698439,0.3152997493743896,1,0.1616070285247344,0.22175473757631106
Test018,83,083.tif,0.1512110084295272,157.62570190429688,0.2625008225440979,0.0297308796936496,0.7253077626228333,0.2624389823582655,0.2904344201087951,1,0.1662134838467334,0.23357133280480585
Test018,84,084.tif,0.153555229306221,170.01287841796875,0.2849742472171783,0.0333741091373258,0.8315517902374268,0.3438674452005765,0.2927052974700928,1,0.1829846201488201,0.2956025976850496
Test018,85,085.tif,0.1499509364366531,183.2199859619141,0.2783392071723938,0.0316987554515477,0.7285094857215881,0.2942163315691772,0.2812227308750152,1,0.1422378757951107,0.24862279483695726
Test018,86,086.tif,0.134058266878128,182.762939453125,0.2337848991155624,0.0358206573768748,0.6582856178283691,0.2798940850183536,0.2855898439884186,1,0.13014690411304175,0.23496993074676004
Test018,87,087.tif,0.136538878083229,183.5872039794922,0.2619093954563141,0.0369109669184129,0.5989046692848206,0.2958180422456516,0.2952469885349273,1,0.05886583301968229,0.22473237947786082
Test018,88,088.tif,0.1581949293613433,179.1588897705078,0.2817265689373016,0.0359004361238166,0.6055737733840942,0.3053022871089744,0.3038196265697479,1,0.05994557304859338,0.23169527289086006
Test018,89,089.tif,0.1683453023433685,190.14231872558597,0.3070828020572662,0.031140304222955,0.7382869720458984,0.3112202439728777,0.2972902059555053,1,0.18409625257912154,0.2730830465547508
Test018,90,090.tif,0.1540473848581314,183.64578247070312,0.3019502460956573,0.0364854802680565,0.8190830945968628,0.390124553109625,0.3164718449115753,1,0.1770387327257148,0.3261988069944519
Test018,91,091.tif,0.1672847121953964,197.2301483154297,0.3825349509716034,0.0358206573768748,0.8410941958427429,0.4553744099532305,0.3515679240226745,1,0.2775861775954144,0.4020379402458856
Test018,92,092.tif,0.1938951313495636,190.35321044921875,0.4617878198623657,0.0412456121689182,0.8495431542396545,0.6106930291650526,0.4145429134368896,1,0.37181022633842453,0.5390281883170642
Test018,93,093.tif,0.226851001381874,187.11924743652344,0.61257404088974,0.0404744176151473,0.8785160779953003,0.6134632888421855,0.4761751294136047,1,0.4966214140365516,0.5784107264004953
Test018,94,094.tif,0.2042364329099655,184.8052978515625,0.3941346704959869,0.039463886820551,0.7775728702545166,0.4968476963898743,0.5133005976676941,1,0.2726869804877313,0.4295994816192314
Test018,95,095.tif,0.1967507153749466,181.9410095214844,0.3635355830192566,0.0397032230613764,0.7981751561164856,0.4783444890785416,0.5309445858001709,1,0.2499751351423446,0.40983368289768246
Test018,96,096.tif,0.1937527656555175,185.35171508789065,0.3582686483860016,0.03986278055526,0.8140431046485901,0.4806302445947127,0.5359957218170166,1,0.25143727742933675,0.41187235444509984
Test018,97,097.tif,0.1842073947191238,188.68458557128903,0.3336255550384521,0.0404744176151473,0.7495561838150024,0.4442669261146109,0.5027105212211609,1,0.2028642573201096,0.3718461254762605
Test018,98,098.tif,0.1962496638298034,185.4838104248047,0.3785997629165649,0.0390915860014892,0.7368382215499878,0.4647638078293688,0.4729706346988678,1,0.2386581122815068,0.3969320991650102
Test018,99,099.tif,0.2099432200193405,188.2805633544922,0.3977902829647064,0.0364588873524093,0.721071183681488,0.4422254763750214,0.462046205997467,1,0.2443949413137979,0.3828763158566543
Test018,100,100.tif,0.2318820208311081,188.18849182128903,0.5156505703926086,0.0414051696628018,0.7234414219856262,0.5769009407618328,0.4817574918270111,1,0.37982322592816087,0.5177776263117313
Test018,101,101.tif,0.244532898068428,200.07896423339844,0.4878932237625122,0.0416710988192745,0.8605311512947083,0.6271329267824597,0.5110580325126648,1,0.39997066978425133,0.5589842496829972
Test018,102,102.tif,0.2286304682493209,190.1752777099609,0.5056095123291016,0.0423625146261036,0.8994720578193665,0.6517866223721202,0.5525619387626648,1,0.42948288672080115,0.5850955016767244
Test018,103,103.tif,0.2364972382783889,197.7983245849609,0.4871788322925567,0.0432134879268163,0.9386448860168456,0.6797090941539818,0.5955510139465332,1,0.4299413488044501,0.6047787705491223
Test018,104,104.tif,0.2504250407218933,187.21258544921875,0.5225369930267334,0.0425220721199872,0.7752516865730286,0.6116478168258023,0.6294354796409607,1,0.4071862929577358,0.5503093596653823
Test018,105,105.tif,0.260488748550415,178.22718811035156,0.5413391590118408,0.0413519838315072,0.7054579257965088,0.5700850049959222,0.6280723214149475,1,0.39612832978114165,0.517898002431488
Test018,106,106.tif,0.247982308268547,197.6021881103516,0.5545003414154053,0.041724284650569,0.5610553026199341,0.5269167752980491,0.6080290675163269,1,0.3637227167695748,0.47795855773950685
Test018,107,107.tif,0.272930383682251,181.70643615722656,0.6158214807510376,0.0399425593022018,0.562004566192627,0.5028086470145781,0.5782334208488464,1,0.40840949580620545,0.47448890165206625
Test018,108,108.tif,0.2658270001411438,197.74673461914065,0.6124390363693237,0.0402616742899691,0.6499581336975098,0.5357424893117868,0.5494401454925537,1,0.4331599794725094,0.5049677363600036
Test018,109,109.tif,0.2850985825061798,192.6019287109375,0.7160385847091675,0.0405541963620891,0.7465238571166992,0.5715818772013512,0.541426956653595,1,0.5349537480300861,0.5605934384499717
Test018,110,110.tif,0.2824508249759674,163.90597534179688,0.7203391194343567,0.0390118072545473,0.6679261922836304,0.5232782451338411,0.5320655703544617,1,0.5128551693916794,0.5201513224111927
Test018,111,111.tif,0.2618668675422668,192.31170654296875,0.7295485734939575,0.0383735772790128,0.5116775035858154,0.4657897818428109,0.5198401808738708,1,0.48092352646095904,0.4703299052282553
Test018,112,112.tif,0.2468213886022567,188.61216735839844,0.7355353236198425,0.0330284012339112,0.484455406665802,0.3877547000621675,0.4968294203281402,1,0.5032788777992698,0.4224119533832982
Test018,113,113.tif,0.253928005695343,204.0420837402344,0.7012747526168823,0.0337730028720348,0.5119684934616089,0.404823312585049,0.4706455767154693,1,0.4681296042902261,0.4238152000966021
Test018,114,114.tif,0.2505402565002441,182.6573028564453,0.6954973340034485,0.0384799489416019,0.8247778415679932,0.563968451140183,0.4691228866577148,1,0.5323658792790418,0.5544876795818406
Test018,115,115.tif,0.2591254413127899,207.7680511474609,0.7482081651687622,0.0361929581959366,0.4594365358352661,0.4217584800888759,0.4488189220428467,1,0.5059612209470271,0.44701930234632126
Test018,116,116.tif,0.3358986675739288,202.10333251953125,0.9740034341812134,0.0403148601212636,0.4115711450576782,0.4589970590593051,0.4474603533744812,1,0.6561135924095124,0.5181320190643672
Test018,117,117.tif,0.396884948015213,217.61865234375,1.1733394861221311,0.0403414530369109,0.4452110528945923,0.4702730067686301,0.4639640748500824,1,0.7360074952132893,0.5499933533020278
Test018,118,118.tif,0.4184384047985077,202.89561462402344,1.2096903324127195,0.0392245505797255,0.5211902856826782,0.4800834356132435,0.4790161252021789,1,0.7372699725787767,0.5572393967029035
Test018,119,119.tif,0.3937765955924988,230.2690887451172,1.1703245639801023,0.042601850866929,0.5745694637298584,0.5436070838076478,0.4749438166618347,1,0.7369240601781504,0.6016021767187985
Test018,120,120.tif,0.3497142195701599,192.82855224609372,1.0743224620819092,0.0401021167960855,0.6857428550720215,0.5450008823508571,0.4995923042297363,1,0.7096527648310873,0.5943964470949261
Test018,121,121.tif,0.2008215337991714,204.7114105224609,0.4178866147994995,0.04015530262738,0.7475079894065857,0.5189054964782878,0.5115739703178406,0,0.2897055215587935,0.45014550400243947
Test018,122,122.tif,0.1630499362945556,169.2499542236328,0.2714613676071167,0.0390649930858419,0.8750560879707336,0.4102280716634385,0.4995649755001068,0,0.18390489827027712,0.34233111964549007
Test018,123,123.tif,0.159867376089096,196.3755798339844,0.2598547339439392,0.0399159663865546,0.934619128704071,0.4283132447288486,0.4892109930515289,0,0.2265173516798542,0.3677744768141502
Test018,124,124.tif,0.1779660880565643,187.4029693603516,0.3039810359477997,0.0391181789171364,0.9238325357437134,0.4558598366083816,0.4716615080833435,0,0.2313755454421489,0.38851454925851175
Test018,125,125.tif,0.1788550168275833,195.22610473632807,0.3263058662414551,0.0402084884586746,0.8007603883743286,0.4508112412301401,0.4528235793113708,0,0.2137277151382646,0.3796861834025774
Test018,126,126.tif,0.1797201037406921,173.1433868408203,0.276671826839447,0.04103286884374,0.6944693326950073,0.3779300307180733,0.4246284961700439,0,0.11541147856046041,0.29917446507078943
Test018,127,127.tif,0.1862296313047409,170.80191040039062,0.3006800413131714,0.0423359217104563,0.6228517889976501,0.3902864168889172,0.4206401407718658,0,0.12217830671893992,0.30985398383792395
Test018,128,128.tif,0.2016814053058624,166.87950134277344,0.348685085773468,0.0378683118817147,0.5721306800842285,0.372526937955404,0.4094828963279724,0,0.1275734835069512,0.29904090162086816
Test018,129,129.tif,0.2037436813116073,178.19381713867188,0.3502180874347687,0.0399691522178491,0.6301735639572144,0.415276437697097,0.4013662338256836,0,0.16896723729646468,0.3413836775769073
Test018,130,130.tif,0.2003724575042724,169.58348083496094,0.3684386312961578,0.0416710988192745,0.7936766147613525,0.5074574241241433,0.4126954674720764,0,0.26507044618224507,0.4347413307415738
Test018,131,131.tif,0.1906258314847946,185.30764770507807,0.3255308270454407,0.0395436655674928,0.8700990676879883,0.4640592820879911,0.4299212992191314,0,0.23623756030563192,0.39571276555328333
Test018,132,132.tif,0.2000554651021957,196.7237243652344,0.3390538990497589,0.038878842676311,0.7989605069160461,0.4455762087926432,0.4409793019294739,0,0.21879013847377315,0.37754038769698217
Test018,133,133.tif,0.2096287310123443,190.77850341796875,0.342934638261795,0.0382140197851292,0.7253482341766357,0.4181302793609886,0.4500999450683594,0,0.18896900198695832,0.3493818961487795
Test018,134,134.tif,0.1979744285345077,171.5276641845703,0.3380166590213775,0.0376023827252419,0.8340441584587097,0.4392702463504177,0.4548986852169037,0,0.223681585630766,0.3745936481345222
Test018,135,135.tif,0.2056256383657455,201.36016845703125,0.3588413000106811,0.0393309222423146,0.8948248028755188,0.4997401414541456,0.4533552527427673,0,0.2792482536647902,0.43359257511733895
Test018,136,136.tif,0.1937069594860077,195.6597900390625,0.326591432094574,0.0386926922667801,0.954744040966034,0.4804475306947464,0.456632912158966,0,0.264698652289863,0.41572286717328133
Test018,137,137.tif,0.2154323607683181,186.3185577392578,0.3800563812255859,0.0419370279757472,0.7594574689865112,0.5107921012122543,0.4696760773658752,0,0.26582588272204155,0.4373022356651904
Test018,138,138.tif,0.2262208759784698,194.19532775878903,0.4223590195178985,0.0378151260504201,0.7395945191383362,0.4875171961567756,0.483553409576416,0,0.2779496135670696,0.4246469213798637
Test018,139,139.tif,0.231991708278656,187.29725646972656,0.4056898355484009,0.0387724710137219,0.8084573745727539,0.5074233336979891,0.4971840381622314,0,0.29176432971420774,0.4427256325028546
Test018,140,140.tif,0.229274645447731,182.3325958251953,0.4163914024829864,0.0385331347728965,0.8423900604248047,0.5241115268921717,0.5020583271980286,0,0.3130687044475754,0.4607986801587927
Test018,141,141.tif,0.2240694612264633,186.8065948486328,0.386828750371933,0.0400223380491437,0.8938819766044617,0.535200227288182,0.5130088925361633,0,0.3106489130707806,0.46783483302296147
Test018,142,142.tif,0.2313914746046066,185.92791748046875,0.4186581075191498,0.0402084884586746,0.8787840008735657,0.5629432281183413,0.5234390497207642,0,0.33681509125773623,0.4951047870601597
Test018,143,143.tif,0.2284411191940307,191.78814697265625,0.4244495928287506,0.0405541963620891,0.7486204504966736,0.531109764186968,0.5321575999259949,0,0.29889176557860786,0.4614443646044599
Test018,144,144.tif,0.2299392819404602,188.875732421875,0.4187763035297394,0.0405807892777364,0.6875993013381958,0.5061159752380868,0.5318961143493652,0,0.2710143782118294,0.4355854961302096
Test018,145,145.tif,0.2341106534004211,191.1730194091797,0.3953741490840912,0.0432666737581108,0.8739432692527771,0.5841448285108439,0.5439027547836304,0,0.32952901093620945,0.5077600832384536
Test018,146,146.tif,0.2432215809822082,196.0740509033203,0.3868549466133117,0.047202425273907,0.8290428519248962,0.6147837940944682,0.5598195195198059,0,0.3271386858655072,0.5284902616257798
Test018,147,147.tif,0.2301321774721145,185.1065368652344,0.4022718667984009,0.0473885756834379,0.7968665361404419,0.6222415976984037,0.5716792345046997,0,0.33169772291062416,0.5350784352620698
Test018,148,148.tif,0.213106170296669,187.3958282470703,0.369215190410614,0.0478672481650888,0.7093626260757446,0.5572126370547493,0.5768997669219971,0,0.2705320865033002,0.4712084718893146
Test018,149,149.tif,0.2133292704820633,184.39837646484372,0.3686449527740478,0.0462450803106052,0.7882152199745178,0.5660659463770071,0.5888897776603699,0,0.2896490812398136,0.48314088683584905
Test018,150,150.tif,0.2136819213628769,188.9506378173828,0.3798839449882507,0.0462716732262525,0.7884350419044495,0.5788011980485074,0.5878210663795471,0,0.30105655451451285,0.49547780498830896
Test018,151,151.tif,0.2223357558250427,191.7291717529297,0.3957625329494476,0.0509786192958195,0.7780270576477051,0.6570802692980537,0.5962803959846497,0,0.338242512065564,0.5614289421283067
Test018,152,152.tif,0.2203973084688186,173.5348358154297,0.3728098273277282,0.047494947346027,0.7506977915763855,0.572653533179841,0.5863627195358276,0,0.28728486019191257,0.4870429312834625
Test018,153,153.tif,0.2171057164669037,190.45828247070312,0.3810969591140747,0.0454738857568343,0.7157028317451477,0.5424224777279145,0.5834046602249146,0,0.271192553823679,0.46105350055664385
Test018,154,154.tif,0.2295976281166076,191.1524810791016,0.4375139772891998,0.0466439740453143,0.7239935994148254,0.6229049979265779,0.5947725176811218,0,0.33605898244608723,0.5368511932824307
Test018,155,155.tif,0.2352285385131836,192.4992828369141,0.4361101686954498,0.0443835762152962,0.6847948431968689,0.5748279306470314,0.5939778089523315,0,0.3089167373030647,0.4950545726438414
Test018,156,156.tif,0.2437670975923538,199.582275390625,0.4347940981388092,0.0452877353473034,0.8555883169174194,0.6490532727486137,0.592372477054596,0,0.3700849166688779,0.5653627659246929
Test018,157,157.tif,0.2493460327386856,191.96957397460935,0.4172251224517822,0.0449154345282416,0.7246519327163696,0.5768144615039571,0.5932046175003052,0,0.3075087489611643,0.4960227477411192
Test018,158,158.tif,0.2290416657924652,190.32913208007807,0.380300760269165,0.0428145941921072,0.6614842414855957,0.4886232356198875,0.5824447870254517,0,0.23377027696424302,0.41216734802319416
Test018,159,159.tif,0.2370997667312622,205.8568572998047,0.3867055773735046,0.0449154345282416,0.7534581422805786,0.5549919946138825,0.5688621401786804,0,0.287592993514046,0.47477229428393153
Test018,160,160.tif,0.244791105389595,183.454833984375,0.4214888215065002,0.0427880012764599,0.8533016443252563,0.5962628530472684,0.5731492042541504,0,0.34443862922855906,0.5207155859016556
Test018,161,161.tif,0.2531890273094177,187.67105102539065,0.4377880096435547,0.0465907882140197,0.7712459564208984,0.6404113074297649,0.5714207887649536,0,0.3518810070998444,0.5538522173307887
Test018,162,162.tif,0.2621247768402099,170.41854858398438,0.4460010826587677,0.0462982661418997,0.6875854134559631,0.6134849129747032,0.5787548422813416,0,0.32979334954704986,0.5283774439464072
Test018,163,163.tif,0.2559905350208282,195.151611328125,0.4401109516620636,0.0420699925539836,0.6553544998168945,0.5364056678774797,0.5883113741874695,0,0.2893825869904283,0.46229874361136425
Test018,164,164.tif,0.2580928206443786,188.12501525878903,0.4580967724323272,0.0458727794915434,0.6469322443008423,0.6053330580879944,0.5983795523643494,0,0.32501383325632294,0.521237290638493
Test018,165,165.tif,0.2759793698787689,209.97987365722656,0.4990197420120239,0.0460589299010743,0.7092535495758057,0.641972549168733,0.6075214743614197,0,0.3837947638518945,0.5645192135736814
Test018,166,166.tif,0.2745774984359741,199.25125122070312,0.4972288012504577,0.0446495053717689,0.5929145216941833,0.5785707140909192,0.5951534509658813,0,0.3369594241412561,0.5060873271060202
Test018,167,167.tif,0.2804630100727081,215.3716278076172,0.4967979192733764,0.046032336985427,0.7073339223861694,0.6408530350593613,0.6006269454956055,0,0.38112085672681684,0.5629333815595979
Test018,168,168.tif,0.2590164244174957,190.7407989501953,0.4215983152389526,0.0439580895649399,0.7318292856216431,0.5706474267455603,0.6074753999710083,0,0.309030121365479,0.4921622351315359
Test018,169,169.tif,0.2418631464242935,193.3453826904297,0.3847145140171051,0.0447292841187107,0.6619309186935425,0.5171018846155281,0.58982914686203,0,0.25025177265122345,0.43704685102623664
Test018,170,170.tif,0.2511804699897766,172.9300079345703,0.4126428961753845,0.0429741516859908,0.6856306791305542,0.5316964842057176,0.5677739381790161,0,0.2778659751109167,0.45554733147727733
Test018,171,171.tif,0.2584706842899322,219.7861175537109,0.4319841265678406,0.0474151685990852,0.7137389183044434,0.6237927938784933,0.5768182873725891,0,0.33146768195298537,0.5360952603008409
Test018,172,172.tif,0.2462767511606216,218.9467620849609,0.4259001314640045,0.0492766726943942,0.6128895282745361,0.6022456645599418,0.5690968632698059,0,0.3004980461751978,0.5117213790445185
Test018,173,173.tif,0.2467604428529739,212.09295654296875,0.4106941819190979,0.0485054781406233,0.5769211053848267,0.5603600737463081,0.5670393705368042,0,0.2675626997905257,0.4725208615595734
Test018,174,174.tif,0.2441510707139969,187.09593200683597,0.4407273828983307,0.0490373364535687,0.5661946535110474,0.5976274185607686,0.58314448595047,0,0.2970951928747888,0.5074677508549746
Test018,175,175.tif,0.2549812495708465,193.65869140625,0.4429466426372528,0.0508722476332305,0.5782010555267334,0.6292931307603524,0.6026638746261597,0,0.3137089446465242,0.5346178749262039
Test018,176,176.tif,0.2580218613147735,184.6625061035156,0.5443732738494873,0.0464046378044888,0.5299757719039917,0.5792809127362659,0.5937614440917969,0,0.3682759340821796,0.51597941914004
Test018,177,177.tif,0.2174936980009079,192.6523284912109,0.3688395321369171,0.0454738857568343,0.5924833416938782,0.4836078161696045,0.570033848285675,0,0.21025889490914096,0.4016031397914654
Test018,178,178.tif,0.2191571295261383,201.97544860839844,0.3798020482063293,0.0434262312519944,0.6348356008529663,0.4862778905242556,0.5552173852920532,0,0.22649930975188604,0.4083443162925447
Test018,179,179.tif,0.2158076614141464,187.09149169921875,0.3441530466079712,0.0467769386235506,0.6581876277923584,0.4962920070620295,0.5349503755569458,0,0.21744914475877908,0.4126391483710544
Test018,180,180.tif,0.2244003713130951,198.71592712402344,0.384897768497467,0.0463780448888416,0.6535311937332153,0.5346886251695004,0.5160294771194458,0,0.25706385551591526,0.4514011942734249
Test018,181,181.tif,0.2091801762580871,187.12767028808597,0.3184816539287567,0.0461387086480161,0.6739106774330139,0.4669154712657685,0.4935563504695892,0,0.1909562419652674,0.3841277024756181
Test018,182,182.tif,0.2260728925466537,195.30616760253903,0.3734230399131775,0.0494894160195723,0.6444350481033325,0.556089855366929,0.5080527663230896,0,0.2600237762514289,0.4672700316322789
Test018,183,183.tif,0.2253284156322479,197.7837829589844,0.3724019825458526,0.0492766726943942,0.5320642590522766,0.506955771638858,0.5121883153915405,0,0.21380484940981348,0.4190104949701446
Test018,184,184.tif,0.2279819548130035,185.2357482910156,0.3826329708099365,0.0522816721625359,0.5490431189537048,0.5601363274280268,0.5249571800231934,0,0.24998527142265425,0.467091010626415
Test018,185,185.tif,0.2585427165031433,193.3935546875,0.4640074670314789,0.0492234868630996,0.5421596765518188,0.6175944429598439,0.5415383577346802,0,0.31243157887075446,0.526045583733117
Test018,186,186.tif,0.2423638850450515,203.7899475097656,0.3877117037773132,0.0492234868630996,0.6918504238128662,0.5887296995998993,0.5659011602401733,0,0.29066241202283305,0.4993095133267794
Test018,187,187.tif,0.2436221688985824,178.42755126953125,0.3969960510730743,0.0448090628656525,0.6195793151855469,0.5156407746169733,0.5578113794326782,0,0.24748891741408063,0.4351952174561055
Test018,188,188.tif,0.2510461807250976,189.0538482666016,0.4286893904209137,0.047494947346027,0.5990936160087585,0.5767068444874054,0.5717616081237793,0,0.28826288091202557,0.4901736554147914
Test018,189,189.tif,0.2560524940490722,190.24655151367188,0.410487413406372,0.044170832890118,0.6647098660469055,0.5379666844625124,0.5673276782035828,0,0.2748380547459507,0.45902809554754387
Test018,190,190.tif,0.2442263811826706,178.8653564453125,0.3996676802635193,0.0490905222848633,0.7507232427597046,0.6246493502170694,0.5687386393547058,0,0.32249366535181534,0.5340026447574932
Test018,191,191.tif,0.2480676174163818,179.13758850097656,0.438247799873352,0.0478672481650888,0.6864939332008362,0.6266260413887788,0.5763179063796997,0,0.33047907740018767,0.5377819521922014
Test018,192,192.tif,0.2370617091655731,183.2760467529297,0.3904699385166168,0.0478672481650888,0.7370022535324097,0.5921607334091106,0.5916219353675842,0,0.30202540920208276,0.5051201361470022
Test018,193,193.tif,0.2679616510868072,158.7144012451172,0.4578840136528015,0.0488511860440378,0.7285463809967041,0.6800587677232531,0.6122922897338867,0,0.3676197448729488,0.5863270608681618
Test018,194,194.tif,0.2841426432132721,170.40426635742188,0.4949351847171783,0.047202425273907,0.7802348136901855,0.6865005746359488,0.6419990658760071,0,0.407749963066122,0.6028753911650008
Test018,195,195.tif,0.2739633619785309,181.02099609375,0.4845862686634063,0.0450218061908307,0.8004739284515381,0.6598432035854958,0.6490378379821777,0,0.39477565461567776,0.5803229388945503
Test018,196,196.tif,0.2727680504322052,177.4614715576172,0.4926483333110809,0.0470162748643761,0.8004829287528992,0.6913668286978625,0.6619859933853149,0,0.411079238421982,0.6072805516150983
Test018,197,197.tif,0.2729895710945129,201.51986694335935,0.5239368081092834,0.0436655674928199,0.7147282958030701,0.608005923951798,0.6651550531387329,0,0.39530964126281,0.5441970391451015
Test018,198,198.tif,0.2921133041381836,197.62451171875,0.5209411382675171,0.0437985320710562,0.7320560216903687,0.6161714580195241,0.6523776054382324,0,0.3987413885143526,0.5509424371679726
Test018,199,199.tif,0.2858087420463562,183.3020782470703,0.5156053304672241,0.0409530900967982,0.8129018545150757,0.5996528388962901,0.6350080370903015,0,0.4053679712060362,0.5413673785892139
Test018,200,200.tif,0.2759580016136169,200.08392333984372,0.4791406989097595,0.0432400808424635,0.8154228925704956,0.6369299378324729,0.6304253935813904,0,0.3860779116258499,0.5616743299704859
Test019,1,001.tif,0.0,0.0,0.0,1.0,0.0,0.0,0.0,0,0.999761782286739,0.29992853468602165
Test019,2,002.tif,0.1940183192491531,150.00770568847656,0.3684155642986297,0.0148122540155302,0.8082674145698547,0.1540021587757671,0.154002159833908,0,0.36629077603949967,0.21768874395488685
Test019,3,003.tif,0.1834337711334228,196.71560668945312,0.3187487125396728,0.0099989362833741,0.7732390761375427,0.0792063973796648,0.116604283452034,0,0.33407389049003755,0.15566664531277663
Test019,4,004.tif,0.2146184146404266,219.47607421875,0.3898541033267975,0.0064354855866397,0.8244405388832092,0.0444163207498481,0.0925416275858879,0,0.42968761426106794,0.15999770880321404
Test019,5,005.tif,0.209685817360878,204.1722717285156,0.3589674532413482,0.0039357515157961,0.798869252204895,0.0086726392691077,0.0715743750333786,0,0.4083596056180331,0.12857872917378532
Test019,6,006.tif,0.2031712532043457,182.63206481933597,0.3703876137733459,0.0019944686735453,0.8591566681861877,0.0,0.0572595000267028,0,0.4441715119144053,0.13325145357432158
Test019,7,007.tif,0.193258985877037,186.95127868652344,0.3365028202533722,0.0031911498776725,0.822486162185669,0.0,0.0264590717852115,0,0.4002030690568148,0.12006092071704444
Test019,8,008.tif,0.1882876008749008,201.8820953369141,0.327092558145523,0.0035900436123816,0.8072651624679565,0.0039354851675938,0.0114048887044191,0,0.385480692131994,0.11839904725691386
Test019,9,009.tif,0.2234602123498916,191.42599487304688,0.4163777530193329,0.004706946069567,0.8302627801895142,0.0212093489793346,0.0067634945735335,0,0.4597845292881525,0.15278190307197997
Test019,10,010.tif,0.2327781766653061,181.5966644287109,0.4258502125740051,0.004706946069567,0.8646105527877808,0.0219892583313923,0.0094268191605806,0,0.47623795001375757,0.15826386583610189
Test019,11,011.tif,0.1930471062660217,192.76138305664065,0.354525625705719,0.0060897776832251,0.7655903697013855,0.0355732930468831,0.0165414772927761,0,0.3839188211921506,0.14007695149046334
Test019,12,012.tif,0.1782203763723373,191.7496795654297,0.312260240316391,0.0079778746941814,0.8004417419433594,0.0557644671996053,0.0276943705976009,0,0.34783624059890883,0.14338599921939635
Test019,13,013.tif,0.1988789141178131,184.8330535888672,0.3778497874736786,0.0069939368152324,0.8334633708000183,0.0514081595564098,0.0371889062225818,0,0.42003091635209633,0.16199498659511574
Test019,14,014.tif,0.2243592888116836,191.85110473632807,0.4274051189422607,0.0059834060206361,0.8723193407058716,0.0418082357416073,0.0413086824119091,0,0.4741098919654295,0.17149873260875398
Test019,15,015.tif,0.2052109837532043,191.68756103515625,0.3842179775238037,0.007738538453356,0.8802492022514343,0.0642457666286982,0.0497599840164184,0,0.43545962940825067,0.17560992546256393
Test019,16,016.tif,0.2020892351865768,190.20291137695312,0.3743145763874054,0.008323582597596,0.8125180006027222,0.0683777073624366,0.0563208647072315,0,0.4045674655766076,0.16923463482668788
Test019,17,017.tif,0.1862386465072631,203.92893981933597,0.3369681537151336,0.0078980959472396,0.8628425598144531,0.0602656807422723,0.0572211146354675,0,0.3903525863512508,0.15929175242496585
Test019,18,018.tif,0.2013790607452392,188.3602600097656,0.3843403458595276,0.0081640251037123,0.8017575740814209,0.0670057443484548,0.0603406243026256,0,0.4104477964115736,0.17003835996739042
Test019,19,019.tif,0.2141570001840591,194.92503356933597,0.4064628183841705,0.0079512817785341,0.8552549481391907,0.0689279510990167,0.0657645687460899,0,0.444933425960374,0.18172959355742388
Test019,20,020.tif,0.2053302973508834,193.49478149414065,0.381425142288208,0.009307520476545,0.8383162021636963,0.0841499511281855,0.0697454065084457,0,0.4136496308686145,0.1829998550503142
Test019,21,021.tif,0.1951215416193008,165.05316162109375,0.3542366623878479,0.0122859270290394,0.7297561168670654,0.1108282863948945,0.0782355219125747,0,0.34043992536833734,0.17971177808692734
Test019,22,022.tif,0.1758023053407669,160.97308349609375,0.3086092472076416,0.0127645995106903,0.6908950805664062,0.102445739383658,0.0866715312004089,0,0.27970015584166263,0.15562206432105938
Test019,23,023.tif,0.1920754611492157,218.4278717041016,0.3545426726341247,0.0126582278481012,0.7726109027862549,0.1190093575915776,0.0970722585916519,0,0.35309158317554235,0.18923402526676703
Test019,24,024.tif,0.4804072082042694,204.8490447998047,1.092196345329285,0.0697532177427933,0.8516769409179688,0.9258384704589844,0.268454372882843,0,0.7947358475948119,0.8865076835997325
Test019,25,025.tif,0.4641506671905517,210.17898559570312,1.0012190341949463,0.0151313690032975,0.7494618892669678,0.1821496875671571,0.2880542874336242,0,0.7320080844314747,0.34710720662645234
Test019,26,026.tif,0.1955807507038116,177.6986846923828,0.4003394246101379,0.0206095096266354,0.7266800403594971,0.2330217215374165,0.3124929964542389,0,0.33849352489757123,0.2646632625454629
Test019,27,027.tif,0.1953028589487075,215.82081604003903,0.3551878333091736,0.0195457930007446,0.8065476417541504,0.2114311580450889,0.334290087223053,0,0.3288911142711124,0.24666914491289593
Test019,28,028.tif,0.2159499526023864,192.2501983642578,0.4048478901386261,0.021061589192639,0.7340571880340576,0.2422908641799445,0.3589463829994201,0,0.34279661905625347,0.27244259064283716
Test019,29,029.tif,0.2180647850036621,229.71087646484372,0.4153896868228912,0.0200510583980427,0.7777849435806274,0.2394736152951174,0.2216734141111374,0,0.37190552006452127,0.2792031867259386
Test019,30,030.tif,0.1888506412506103,184.1298065185547,0.3641775548458099,0.0220189341559408,0.8020071983337402,0.2471008765188513,0.2346636354923248,0,0.3225692614887482,0.2697413920098204
Test019,31,031.tif,0.2047579288482666,216.23851013183597,0.4046162366867065,0.0218327837464099,0.6472579836845398,0.2385404762449406,0.2357674092054367,0,0.3085079425670103,0.2595307161415615
Test019,32,032.tif,0.2118686437606811,175.36822509765625,0.4101912379264831,0.0228965003723008,0.813601016998291,0.2836516409123593,0.2502115070819855,0,0.36448551515353367,0.3079018031847116
Test019,33,033.tif,0.203165203332901,204.4138336181641,0.3886713683605194,0.0220455270715881,0.7659510374069214,0.2532152621044093,0.2523964047431946,0,0.3332748124081998,0.27723312719554644
Test019,34,034.tif,0.2013103365898132,159.5986785888672,0.3860039412975311,0.0205297308796936,0.8021884560585022,0.2370911138067869,0.2519198656082153,0,0.35094580677634957,0.2712475216976557
Test019,35,035.tif,0.2086351811885833,183.19454956054688,0.4182775616645813,0.0233485799383044,0.7909337878227234,0.2903230702680216,0.2605643272399902,0,0.3620768449954004,0.3118492026862352
Test019,36,036.tif,0.203938826918602,175.76876831054688,0.4079393446445465,0.024678225720668,0.7714040279388428,0.3002448447044417,0.272905170917511,0,0.3392270310775878,0.3119395006163855
Test019,37,037.tif,0.2261414527893066,216.7786102294922,0.4325571358203888,0.0248377832145516,0.7912904024124146,0.3197625453268244,0.2801273763179779,0,0.36744448344629455,0.3340671267626654
Test019,38,038.tif,0.208053708076477,180.70846557617188,0.3976357281208038,0.0251834911179661,0.8619174361228943,0.3189938977453843,0.2932831048965454,0,0.3572761182914962,0.3304785639092178
Test019,39,039.tif,0.1909556984901428,220.7849884033203,0.3785971701145172,0.0262206148282097,0.8425394296646118,0.3190649042641789,0.3096778988838196,0,0.32765212540935795,0.3216410706077326
Test019,40,040.tif,0.1863153874874115,177.92208862304688,0.3691966831684112,0.0276034464418678,0.8118767738342285,0.3259170786515522,0.3167966306209564,0,0.300223661344461,0.3182090534594248
Test019,41,041.tif,0.1890717595815658,192.33462524414065,0.369585782289505,0.0264599510690352,0.7850320935249329,0.3053669057034006,0.317821055650711,0,0.29738700403154317,0.3029729352018434
Test019,42,042.tif,0.216288149356842,178.78135681152344,0.4670228958129883,0.0252898627805552,0.9208192825317384,0.3708191657495678,0.3280324041843414,0,0.4340490213568783,0.389788122431761
Test019,43,043.tif,0.2066441476345062,189.79122924804688,0.4170129597187042,0.0262206148282097,0.9171571731567384,0.3565394346490911,0.3355414867401123,0,0.3869768852048622,0.3656706698158224
Test019,44,044.tif,0.1789412051439285,177.6250762939453,0.3571672737598419,0.0267790660568024,0.9503940343856812,0.3362609921076197,0.3389807343482971,0,0.3412490558070127,0.33775741121743763
Test019,45,045.tif,0.1753351837396621,234.5470123291016,0.3470381200313568,0.0264333581533879,0.9490562677383424,0.3250719658948038,0.3388116955757141,0,0.33314845028755147,0.3274949112126281
Test019,46,046.tif,0.1896563470363617,226.1661529541016,0.3992185890674591,0.0293585788745878,0.8638349771499634,0.3812596386671786,0.3539902567863464,0,0.3376246640025241,0.36816914626778224
Test019,47,047.tif,0.2152065932750702,191.42282104492188,0.519836962223053,0.031246675885544,0.919747531414032,0.4714340217653658,0.3741132020950317,0,0.448820254907486,0.46464989170800186
Test019,48,048.tif,0.1953688412904739,197.77325439453125,0.4267253875732422,0.0310073396447186,0.9289560914039612,0.4406303073253405,0.3909313976764679,0,0.37554721398779267,0.4211053793240761
Test019,49,049.tif,0.1727023273706436,195.77197265625,0.3650889694690704,0.0307414104882459,0.8691635727882385,0.3788871103255619,0.3994565904140472,0,0.2991286943098994,0.3549595855208631
Test019,50,050.tif,0.1794630289077758,188.8650360107422,0.3973955810070038,0.0316189767046058,0.8718922734260559,0.4149821521305345,0.41743865609169,0,0.3266047836925118,0.3884689415991277
Test019,51,051.tif,0.1623608320951461,189.6617889404297,0.3765978813171386,0.0316455696202531,0.9326010942459106,0.4154703947967594,0.4242807924747467,0,0.32759159477573396,0.3891067547904517
Test019,52,052.tif,0.1689720153808593,189.2770233154297,0.4126041829586029,0.0300234017657696,0.9447351694107056,0.4190888481369768,0.4138117730617523,0,0.3730374854334203,0.4052734393259098
Test019,53,053.tif,0.1714413613080978,196.3115234375,0.3612751364707947,0.0293319859589405,0.9113610982894896,0.3665717503920414,0.3990000486373901,0,0.3181000039498808,0.3520302264593932
Test019,54,054.tif,0.1619430482387542,190.71612548828125,0.3581903576850891,0.0293053930432932,0.8406314849853516,0.3479894575621721,0.3928205370903015,0,0.29005738276603277,0.33060983512333025
Test019,55,055.tif,0.1546143591403961,196.6856384277344,0.3543654382228851,0.0298638442718859,0.9031713008880616,0.3674632433699772,0.3833167254924774,0,0.30558520840564674,0.34889983288067805
Test019,56,056.tif,0.1626987755298614,182.9858856201172,0.3736820220947265,0.0294649505371768,0.9637904167175292,0.3887697529311839,0.3779765963554382,0,0.34696679620658066,0.3762288659138029
Test019,57,057.tif,0.1754552125930786,188.94322204589844,0.3925299644470215,0.0303425167535368,0.8874143362045288,0.3966327427465287,0.3734853863716125,0,0.3341432208373837,0.37788588617378516
Test019,58,058.tif,0.1742926239967346,144.32107543945312,0.3682046830654144,0.0307680034038932,0.8247544765472412,0.370715726186492,0.3743141889572143,0,0.28602939519263193,0.345309826888334
Test019,59,059.tif,0.161680519580841,202.6293487548828,0.3227388560771942,0.0296245080310605,0.7748422622680664,0.3132531545615925,0.3673669099807739,0,0.22612733715712086,0.287115409340251
Test019,60,060.tif,0.1486341506242752,201.8544769287109,0.3125897645950317,0.0297574726092968,0.8321951031684875,0.3213252669894813,0.3581393361091614,0,0.2368348047522859,0.29597812831832265
Test019,61,061.tif,0.1622207760810852,232.5697326660156,0.3316552340984344,0.0312200829698968,0.8609093427658081,0.359677171137708,0.3523208498954773,0,0.25932679643694845,0.3295720587274801
Test019,62,062.tif,0.1630114018917083,169.6922607421875,0.3267817497253418,0.0313530475481331,0.9157994389533995,0.3714350996385484,0.3472813069820404,0,0.27408070958622055,0.34222878262285006
Test019,63,063.tif,0.1600148677825927,208.10232543945312,0.3366914391517639,0.028986278055526,0.882800281047821,0.3391698678318349,0.3409721255302429,0,0.2856123701916303,0.3231026185397735
Test019,64,064.tif,0.1714440286159515,133.32244873046875,0.3591249585151672,0.0283214551643442,0.7102534174919128,0.3067648814870231,0.3396744430065155,1,0.24805532375720196,0.28915201416807673
Test019,65,065.tif,0.1483220607042312,198.939208984375,0.3273910284042358,0.0297574726092968,0.8789838552474976,0.3421830274450542,0.3438459932804107,1,0.27027937440069993,0.3206119315317479
Test019,66,066.tif,0.1637029945850372,169.4641571044922,0.345960259437561,0.0294649505371768,0.9380427598953248,0.3643652074564875,0.34478360414505,1,0.31190834444480864,0.3486281485529838
Test019,67,067.tif,0.1675484627485275,211.30911254882807,0.3588989675045013,0.0312732688011913,0.9052969217300416,0.3906918551608371,0.3486349582672119,1,0.3029650631302945,0.3643738175516743
Test019,68,068.tif,0.1635050773620605,177.9438934326172,0.3577575087547302,0.0305286671630677,0.8701991438865662,0.3711137799862677,0.3550237417221069,1,0.2934137475973938,0.3478037702696055
Test019,69,069.tif,0.1821655929088592,218.69471740722656,0.3841144740581512,0.0300765875970641,0.8317740559577942,0.3739022553636233,0.3684512078762054,1,0.3082147770288187,0.3541960118631819
Test019,70,070.tif,0.1895164251327514,230.93809509277344,0.4142403602600097,0.028108711839166,0.9498616456985474,0.3912481060972976,0.3782642483711242,1,0.3855850803315337,0.3895491983675684
Test019,71,071.tif,0.1793029457330703,199.112548828125,0.427289754152298,0.0281618976704605,0.9561582803726196,0.401729892469512,0.3857371807098388,1,0.39848230032910037,0.4007556148273885
Test019,72,072.tif,0.1756890416145324,183.50241088867188,0.4009086191654205,0.0262206148282097,0.903858482837677,0.3444522155908819,0.3764892220497131,1,0.36860372701447663,0.3516976690179603
Test019,73,073.tif,0.1645408421754837,198.3009185791016,0.3886395394802093,0.0240134028294862,0.8850966095924377,0.3014316107386115,0.3625528216361999,1,0.362711369795664,0.31981553845572724
Test019,74,074.tif,0.1565937101840973,181.19607543945312,0.3648639917373657,0.0270981810445697,0.8330271244049072,0.3209455806179492,0.3519614934921264,1,0.3063065247978569,0.3165538638719215
Test019,75,075.tif,0.1627029180526733,191.80886840820312,0.3986000120639801,0.0245718540580789,0.8966479897499084,0.3171073386121992,0.3371333181858063,1,0.37251750381939586,0.3337303881743582
Test019,76,076.tif,0.1640057861804962,189.65426635742188,0.3770576119422912,0.0268588448037442,0.9293770790100098,0.3449934401728097,0.3257860541343689,1,0.3521556937842947,0.34714211625625513
Test019,77,077.tif,0.1475528478622436,195.80377197265625,0.3546126782894134,0.025662163599617,0.8740307092666626,0.3038202219103407,0.3176596462726593,1,0.3186515018912143,0.30826960590460273
Test019,78,078.tif,0.1572776436805725,179.20372009277344,0.3808606564998626,0.0258749069247952,0.7957479953765869,0.3062769387834852,0.31862872838974,1,0.31546346219293697,0.30903289580632076
Test019,79,079.tif,0.1662933677434921,188.75469970703125,0.3903664350509643,0.0266992873098606,0.7166900634765625,0.3068567476623803,0.3158109486103058,1,0.29208631989975076,0.3024256193335914
Test019,80,080.tif,0.1809744238853454,185.52914428710935,0.4421727359294891,0.0284810126582278,0.8196501135826111,0.386222362318569,0.3296339511871338,1,0.36680255139045315,0.3803964190401342
Test019,81,081.tif,0.1710479408502578,185.15478515625,0.4488260746002197,0.0276300393575151,0.7793102860450745,0.368685889852465,0.3343724310398102,1,0.3639864667529984,0.367276062922625
Test019,82,082.tif,0.1688107103109359,186.73822021484372,0.4145337641239166,0.0309275608977768,0.7813310027122498,0.3949410318196182,0.3525966107845306,1,0.3153427137012167,0.3710615363840978
Test019,83,083.tif,0.1620458215475082,161.0906524658203,0.3998479843139648,0.0307945963195404,0.7542570233345032,0.3762119821120521,0.3665836155414581,1,0.292011499284049,0.3509518372636511
Test019,84,084.tif,0.1553406715393066,156.4316864013672,0.3747233748435974,0.0323901712583767,0.6579337120056152,0.354775946759489,0.3761674463748932,1,0.21954702648161695,0.31420727067612736
Test019,85,085.tif,0.1677281707525253,177.93441772460938,0.3878943622112274,0.0338793745346239,0.7357385754585266,0.4040856165395699,0.3797400891780853,1,0.2549914760103733,0.35935737438081095
Test019,86,086.tif,0.1608108878135681,183.2772521972656,0.393610805273056,0.0351824274013402,0.7397302389144897,0.4270491562343065,0.3914127349853515,1,0.2547730707945711,0.3753663306023859
Test019,87,087.tif,0.1707330644130706,243.8166656494141,0.3860478699207306,0.0376023827252419,0.6566150188446045,0.4277755437854104,0.3979796469211578,1,0.20569260793654343,0.3611506630307503
Test019,88,088.tif,0.1589210778474807,181.70152282714844,0.3618785142898559,0.039171364748431,0.5094783902168274,0.3788701778484952,0.3985112607479095,1,0.13429121794886967,0.3054964898786075
Test019,89,089.tif,0.1640649735927581,219.38848876953125,0.3711205720901489,0.0396500372300819,0.5956069827079773,0.4199836657791016,0.4115528166294098,1,0.17664860231455481,0.34698314673973757
Test019,90,090.tif,0.1666614413261413,164.45631408691406,0.3999476134777069,0.0396234443144346,0.6676303148269653,0.4693345189591602,0.424602597951889,1,0.23789552956311777,0.39990282214034745
Test019,91,091.tif,0.1696280688047409,172.7335968017578,0.4075159132480621,0.0380544622912456,0.726381778717041,0.4737181989089707,0.4339364171028137,1,0.2590812580179854,0.4093271166416751
Test019,92,092.tif,0.1622214913368225,142.54176330566406,0.4119950830936432,0.0373630464844165,0.6065322160720825,0.4323233483476877,0.4348459839820862,1,0.21289720247718003,0.3664955045865354
Test019,93,093.tif,0.1525064557790756,175.4972686767578,0.3778283298015594,0.0376289756408892,0.6562354564666748,0.4208036863369697,0.4432326853275299,1,0.19643771721474634,0.35349389560030264
Test019,94,094.tif,0.1438012868165969,152.71731567382812,0.3552496433258056,0.0354749494734602,0.6298002004623413,0.36844108842439,0.4329241216182709,1,0.16588362293801628,0.30767384877847787
Test019,95,095.tif,0.1609537005424499,166.477294921875,0.3579457998275757,0.0371768960748856,0.7681981325149536,0.4314295075270779,0.4253431260585785,1,0.2167195876036785,0.3670165315500581
Test019,96,096.tif,0.1590920686721801,148.4194793701172,0.3768423497676849,0.0364854802680565,0.6361655592918396,0.400114046913855,0.4106222987174988,1,0.18701976604006254,0.33618576265171723
Test019,97,097.tif,0.1505202353000641,190.1212921142578,0.3512838780879974,0.0357408786299329,0.5179064869880676,0.3363137551073132,0.3914204239845276,1,0.11181378121354169,0.2689637629391817
Test019,98,098.tif,0.1417522579431533,180.6964111328125,0.327085793018341,0.0347569407509839,0.4124963879585266,0.2775949602812502,0.3627786636352539,1,0.1359811208571402,0.23511080845401716
Test019,99,099.tif,0.1484503746032714,223.56802368164065,0.3221101462841034,0.0352090203169875,0.6559580564498901,0.3457899999993571,0.3582484424114227,1,0.13937761956122185,0.2838662858679165
Test019,100,100.tif,0.1476678997278213,180.15830993652344,0.3253528475761413,0.0334804807999149,0.7002555131912231,0.3413164183081379,0.3402258455753326,1,0.17396876278797824,0.29111212165209
Test019,101,101.tif,0.1628472208976745,185.22283935546875,0.3365858495235443,0.0301563663440059,0.5685470104217529,0.2803656105827131,0.3162761330604553,1,0.15310925289353516,0.2421887032759597
Test019,102,102.tif,0.130765676498413,170.3773193359375,0.3178580403327942,0.0302893309222423,0.3140231370925903,0.2085069511816107,0.2907148003578186,1,0.19679445635887127,0.20499320273478885
Test019,103,103.tif,0.1310067027807235,187.86309814453125,0.3116831481456756,0.0283746409956387,0.4946333169937134,0.2295851674665394,0.2811128497123718,1,0.1248684065584561,0.1981701391941144
Test019,104,104.tif,0.1433397978544235,186.4329376220703,0.3111789524555206,0.027523667694926,0.6892329454421997,0.262920435304682,0.2645389139652252,1,0.19187327467967785,0.24160628711718074
Test019,105,105.tif,0.1372607946395874,177.38487243652344,0.3166446983814239,0.0300765875970641,0.5432578325271606,0.2599763157748338,0.2482708990573883,1,0.11815912998806244,0.2174311600388024
Test019,106,106.tif,0.1402351111173629,172.32159423828125,0.3238444626331329,0.0309275608977768,0.4013627767562866,0.2388500004011035,0.2399677783250808,1,0.16293115186968576,0.21607434584167817
Test019,107,107.tif,0.1323727965354919,193.0232696533203,0.2998549044132232,0.032416764174024,0.2245823740959167,0.1886845333023593,0.2360033094882965,1,0.199462914040496,0.1919180475238003
Test019,108,108.tif,0.1380422413349151,191.283203125,0.3231901526451111,0.0328688437400276,0.3593315482139587,0.2442015404658523,0.2389265596866607,1,0.167160843490324,0.22108933137319378
Test019,109,109.tif,0.1567178964614868,165.90748596191406,0.367297500371933,0.0335070737155621,0.5203793048858643,0.3261591556919965,0.25157430768013,1,0.14628684277583093,0.2721974618171468
Test019,110,110.tif,0.1577678024768829,140.99620056152344,0.3613125085830688,0.0335868524625039,0.4533413052558899,0.3045614636676514,0.2604913413524627,1,0.16717705122289062,0.2633461399342232
Test019,111,111.tif,0.1538374423980713,165.91554260253906,0.3619323968887329,0.0340921178598021,0.3462141752243042,0.2811406911138252,0.2689494788646698,1,0.20906697722834355,0.2595185769481807
Test019,112,112.tif,0.159395083785057,154.4381866455078,0.3831318616867065,0.0326029145835549,0.300270676612854,0.2715566323797967,0.2855238914489746,1,0.25906557760596527,0.26780931594764723
Test019,113,113.tif,0.1652553379535675,200.73590087890625,0.4014873802661896,0.0348899053292202,0.5896371603012085,0.3878160433352986,0.31424680352211,1,0.20609236102332795,0.33329893864170734
Test019,114,114.tif,0.1781715303659439,201.1351623535156,0.420071542263031,0.0368577810871183,0.6067421436309814,0.4328832459294708,0.3355916142463684,1,0.22124203629995498,0.369390883040616
Test019,115,115.tif,0.1825683712959289,220.0831756591797,0.4238975644111633,0.0372300819061801,0.4083694219589233,0.3818557467946522,0.351050466299057,1,0.23504815457294548,0.33781346912814014
Test019,116,116.tif,0.1905082166194915,167.06707763671875,0.4602564871311188,0.0370705244122965,0.3116849660873413,0.3826586361597737,0.3713540434837341,1,0.3074809644277793,0.36010533464017536
Test019,117,117.tif,0.1919875591993332,196.6783447265625,0.483305960893631,0.0384799489416019,0.2816638350486755,0.3961128590391509,0.3962653279304504,1,0.3472461896381084,0.3814528582188381
Test019,118,118.tif,0.2015713304281234,171.1732940673828,0.4832377135753631,0.0397298159770237,0.4045661091804504,0.4495064255765075,0.4086033701896667,1,0.31175192366996607,0.408180075004545
Test019,119,119.tif,0.2070817053318023,189.59207153320312,0.5093715786933899,0.042894372939049,0.4750176072120666,0.5130249341627342,0.4246316850185394,1,0.3295076222203476,0.45796974058001816
Test019,120,120.tif,0.2021354436874389,170.10092163085938,0.5322318077087402,0.0443037974683544,0.3802366256713867,0.4971345808388629,0.4476874768733978,1,0.3884255863365019,0.4645218824881546
Test019,121,121.tif,0.211561307311058,190.31570434570312,0.5486392974853516,0.0493032656100414,0.2494844198226928,0.5048715355318335,0.4721300601959228,1,0.4629351880795928,0.49229063129616124
Test019,122,122.tif,0.2142709642648697,184.217041015625,0.5716103315353394,0.0458727794915434,0.41286700963974,0.5283452150317889,0.4985765516757965,1,0.41908357745266656,0.49556672375805216
Test019,123,123.tif,0.2358051985502243,189.4981689453125,0.6024793982505798,0.0470694606956706,0.4773306846618652,0.5679693889986235,0.5222691297531128,1,0.4306842531658458,0.5267838482487901
Test019,124,124.tif,0.238637089729309,168.01800537109375,0.6321203112602234,0.0462184873949579,0.4395908713340759,0.5427070759333561,0.5282055735588074,1,0.46079539114181156,0.5181335704958927
Test019,125,125.tif,0.2443042397499084,183.97808837890625,0.6442503333091736,0.0519359642591213,0.3390005230903625,0.571984330274375,0.5431755185127258,1,0.5189830085122609,0.5560839337457407
Test019,126,126.tif,0.2455224245786667,179.65846252441406,0.7023621201515198,0.0546750345707903,0.2497433423995971,0.5639029272155107,0.5549818277359009,1,0.5857889213402818,0.570468725452942
Test019,127,127.tif,0.2418913692235946,177.19097900390625,0.6964664459228516,0.0542495479204339,0.3546645641326904,0.6061856345276566,0.5705498456954956,1,0.5578127095441006,0.5916737570325897
Test019,128,128.tif,0.2488632351160049,169.0188446044922,0.7254810929298401,0.0545420699925539,0.3746820092201233,0.618672726121643,0.5806905627250671,1,0.5721915346169087,0.6047283686702227
Test019,129,129.tif,0.2407274097204208,171.91929626464844,0.7141093015670776,0.0489575577066269,0.3405753970146179,0.5376101654954326,0.5796710848808289,1,0.5533053640418228,0.5423187250593496
Test019,130,130.tif,0.2348847091197967,156.01348876953125,0.6980412602424622,0.0440910541431762,0.316854178905487,0.4718463931408561,0.559643566608429,1,0.5306817880715115,0.48949701162005266
Test019,131,131.tif,0.2354754954576492,161.12132263183594,0.7225745320320129,0.0370439314966492,0.2728895545005798,0.3773566141415912,0.5223342776298523,1,0.5311780749220966,0.4235030523757428
Test019,132,132.tif,0.2244937866926193,128.9824676513672,0.6831061244010925,0.0319380916923731,0.3920113444328308,0.3502854525195743,0.4711542725563049,1,0.49423535279780617,0.3934704226030439
Test019,133,133.tif,0.2209921181201934,176.88243103027344,0.7132436633110046,0.0295713221997659,0.4384913444519043,0.3320977411663979,0.4138392806053161,1,0.5129352054881646,0.38634898046292787
Test019,134,134.tif,0.2087736427783966,158.47157287597656,0.6950938701629639,0.0272577385384533,0.4947815537452698,0.3147376953424095,0.3692647814750671,1,0.49511860273281794,0.368851967559532
Test019,135,135.tif,0.1868750900030136,196.12225341796875,0.6352512836456299,0.0246250398893734,0.3179702162742615,0.2470521285144706,0.324305921792984,1,0.5085373063588554,0.32549768186778605
Test019,136,136.tif,0.1714898496866226,156.72479248046875,0.6002066731452942,0.0226837570471226,0.4438738226890564,0.2460493734121558,0.2980445027351379,1,0.45775319499343736,0.3095605198865402
Test019,137,137.tif,0.1610402911901474,238.6519012451172,0.5516083240509033,0.0194128284225082,0.5786584615707397,0.2236933409487143,0.2727260589599609,1,0.4291577108300696,0.28533265191312085
Test019,138,138.tif,0.1421165913343429,196.7087860107422,0.4725565016269684,0.017338581002021,0.7296445369720459,0.2135964276232808,0.249025821685791,1,0.4188832987335458,0.27518248895636027
Test019,139,139.tif,0.1017239391803741,189.93809509277344,0.2362463772296905,0.0157961918944793,0.7992496490478516,0.1239956518325363,0.210877388715744,0,0.30780426428330354,0.17913823556776648
Test019,140,140.tif,0.077863410115242,143.89666748046875,0.1123416498303413,0.0139878736304648,0.571898341178894,0.0538044453983511,0.1722278445959091,0,0.35660360124430635,0.14464419215213767
Test019,141,141.tif,0.0828887820243835,187.3033142089844,0.1272563487291336,0.0154504839910647,0.0861168503761291,0.0105336328638768,0.1251247078180313,0,0.453117700692683,0.14330885321251866
Test019,142,142.tif,0.0907456651329994,142.47067260742188,0.1359334141016006,0.016354643123072,0.3888568878173828,0.0489767672441578,0.0901813954114914,0,0.34902590492413765,0.13899150854815176
Test019,143,143.tif,0.080840952694416,164.6101531982422,0.1419472098350525,0.0152377406658866,0.3563326597213745,0.0432115754003063,0.0561044141650199,0,0.36003429092560413,0.13825839005789564
Test019,144,144.tif,0.0835157632827758,178.22691345214844,0.1486010253429412,0.0159291564727156,0.3662782311439514,0.048957236716386,0.0410967357456684,0,0.34710829073005356,0.13840255292048625
Test019,145,145.tif,0.0883225426077842,187.2823028564453,0.1508441269397735,0.0146792894372939,0.4704145193099975,0.0552043678863639,0.0413767173886299,0,0.3160828330980803,0.1334679074498788
Test019,146,146.tif,0.0873088240623474,176.73062133789062,0.1516458839178085,0.0151047760876502,0.452292263507843,0.0556219505279301,0.0503943786025047,0,0.3193142273195272,0.13472963356540923
Test019,147,147.tif,0.0848105326294899,192.07159423828125,0.1383938193321228,0.0158227848101265,0.5697572231292725,0.0677049950881972,0.0541400238871574,0,0.32191070261487753,0.1439667073462013
Test019,148,148.tif,0.0793670043349266,188.0104217529297,0.126977801322937,0.0162216785448356,0.623236894607544,0.0721727128230332,0.0599322542548179,0,0.34867503511137665,0.15512340950953624
Test019,149,149.tif,0.0827158614993095,196.0265350341797,0.1320501267910003,0.0167003510264865,0.5777662396430969,0.0712135744593207,0.0643835216760635,0,0.3259960046145304,0.1476483035058836
Test019,150,150.tif,0.0850824862718582,211.45909118652344,0.1362353563308715,0.0172322093394319,0.243436574935913,0.0345463747992221,0.0602519214153289,0,0.39115790662201344,0.1415298343460595
Test019,151,151.tif,0.0867895632982254,203.3450469970703,0.1491529792547226,0.0180299968088501,0.1152330040931701,0.0247634786616478,0.0540802255272865,0,0.4155795289592157,0.14200829375091817
Test019,152,152.tif,0.0954962819814682,187.2427673339844,0.1647849380970001,0.0193596425912137,0.1052262783050537,0.0319831621164864,0.0469358637928962,0,0.39924587621846075,0.1421619763470787
Test019,153,153.tif,0.0928016901016235,205.89833068847656,0.1676653623580932,0.01978512924157,0.4771499037742615,0.0879562094013495,0.0500925593078136,0,0.2679953588697024,0.14196795424185538
Test019,154,154.tif,0.0886685773730278,171.90167236328125,0.1761465370655059,0.0187214126156791,0.4975790977478027,0.0883977660151892,0.0535294003784656,0,0.25773195001296745,0.13919802121452268
Test019,155,155.tif,0.1051205098628997,184.1229553222656,0.1976009458303451,0.0176045101584937,0.6117040514945984,0.1041963265815458,0.0674593895673751,0,0.26810745046130624,0.15336966374547395
Test019,156,156.tif,0.1009846478700637,175.3553924560547,0.199443906545639,0.0177906605680246,0.5517523288726807,0.0985891710074978,0.0822245255112648,0,0.24223720983242092,0.14168358265497472
Test019,157,157.tif,0.0994093641638755,201.1460723876953,0.1858633011579513,0.017923625146261,0.5582796335220337,0.0952658570786295,0.094881072640419,0,0.2583146933305265,0.14418050795419857
Test019,158,158.tif,0.1004652082920074,190.7834625244141,0.173575684428215,0.01861504095309,0.3636805415153503,0.0687494737525435,0.0910397171974182,0,0.30993942046540157,0.1411064577664009
Test019,159,159.tif,0.1033451855182647,189.92669677734372,0.1957242488861084,0.0202372088075736,0.6436059474945068,0.1272734056773621,0.0988148525357246,0,0.26659830621491376,0.1690708758386276
Test019,160,160.tif,0.1017547026276588,202.17881774902344,0.176761507987976,0.0182959259653228,0.2774158716201782,0.0571604703107782,0.0894076749682426,0,0.3384221295370471,0.14153896807865887
Test019,161,161.tif,0.0952130630612373,171.7703094482422,0.1805077344179153,0.0178704393149664,0.2208783030509948,0.0496883520151403,0.0796275064349174,0,0.3560537888664481,0.14159798307053265
Test019,162,162.tif,0.0997655987739563,207.8390045166016,0.1872623413801193,0.0208754387831081,0.2561668753623962,0.0683951119858891,0.0742533653974533,0,0.32197733130795514,0.1444697777825089
Test019,163,163.tif,0.1053717136383056,198.40130615234372,0.2171291708946228,0.0193330496755664,0.2533110976219177,0.074212588330783,0.0753459855914115,0,0.3024556259825887,0.1426854996263247
Test019,164,164.tif,0.1032223105430603,170.40753173828125,0.2419756650924682,0.02037017338581,0.3250585198402405,0.1005886693431691,0.0700090378522872,0,0.24433521130921942,0.14371263193298417
Test019,165,165.tif,0.1130185574293136,183.2696533203125,0.2500288784503937,0.0204499521327518,0.3940718173980713,0.1149870365330618,0.0815743580460548,0,0.2077443972185019,0.14281424473869384
Test019,166,166.tif,0.1161176785826683,179.77798461914062,0.2553863227367401,0.0215402616742899,0.4215837121009826,0.1291881084534035,0.0974742993712425,0,0.1833457355987953,0.14543539659702104
Test019,167,167.tif,0.1173577830195427,200.2891998291016,0.2592745423316955,0.0201840229762791,0.4747471809387207,0.1291655189782791,0.1096283942461013,0,0.16531406854380015,0.1400100838479354
Test019,168,168.tif,0.1112644374370575,178.7095947265625,0.2612304091453552,0.0203169875545154,0.4656338095664978,0.1296659185746408,0.1207190528512001,0,0.1660121305899367,0.14056978217922955
Test019,169,169.tif,0.114826388657093,182.92271423339844,0.2468936294317245,0.0201042442293373,0.5678491592407227,0.1370083568968703,0.1280029863119125,0,0.18140444610513917,0.15032718365935094
Test019,170,170.tif,0.1180772706866264,211.1243438720703,0.2551574409008026,0.02037017338581,0.4470406174659729,0.1246361465485743,0.1299328058958053,0,0.18060547883885547,0.14142694623565866
Test019,171,171.tif,0.1057017743587493,187.8217315673828,0.2006894648075103,0.0194660142538027,0.359455406665802,0.0831393714545862,0.1207230687141418,0,0.27968687179308027,0.14210362155613443
Test019,172,172.tif,0.1088794842362403,175.25064086914062,0.2210067957639694,0.0183757047122646,0.473794162273407,0.100515626334873,0.114993080496788,0,0.22091967622059028,0.13663684130058817
Test019,173,173.tif,0.1058207973837852,205.7059631347656,0.2474026083946228,0.0190139346877991,0.3592774271965027,0.0995148766013113,0.1089628711342811,0,0.2334311147001632,0.13968974803096684
Test019,174,174.tif,0.1161905750632286,205.513671875,0.2552744150161743,0.01949260716945,0.3056215047836303,0.0981504904499974,0.1011913046240806,0,0.2429516449664726,0.14159083680493995
Test019,175,175.tif,0.1170800477266311,200.99298095703125,0.2643221914768219,0.0189341559408573,0.549352765083313,0.1318916874773852,0.1026424020528793,0,0.1609198600951679,0.14060013926272
Test019,176,176.tif,0.1133154407143592,178.82595825195312,0.2467239946126938,0.0195723859163918,0.7879346013069153,0.1641034320354863,0.118835225701332,0,0.27178930598089324,0.19640919421910835
Test019,177,177.tif,0.11847835034132,193.11370849609372,0.2481782287359237,0.0174183597489628,0.7290376424789429,0.1356302758813757,0.1258581578731537,0,0.2608089703722434,0.17318388422863598
Test019,178,178.tif,0.1229907795786857,194.1925048828125,0.2777319848537445,0.0182693330496755,0.8171446919441223,0.1666718031928681,0.1392895281314849,0,0.2629488106762611,0.19555490543788595
Test019,179,179.tif,0.1172151714563369,174.42410278320312,0.2311952710151672,0.0186948197000319,0.86777663230896,0.1599830249340938,0.1516560465097427,0,0.3208466489687911,0.208242112144503
Test019,180,180.tif,0.1116435229778289,192.13072204589844,0.2099607139825821,0.0178172534836719,0.6370465755462646,0.1135555655761965,0.1479888260364532,0,0.2635635575489089,0.15855796316801024
Test019,181,181.tif,0.1054061725735664,180.91981506347656,0.1775816679000854,0.0175779172428465,0.6475403308868408,0.1012126422649394,0.135410651564598,0,0.3015648706741971,0.16131831078771672
Test019,182,182.tif,0.100386269390583,198.8243103027344,0.169966459274292,0.0172853951707265,0.816672682762146,0.1172340778985363,0.1317314207553863,0,0.36774541872142996,0.1923874801454044
Test019,183,183.tif,0.1037549600005149,176.4262237548828,0.1847004294395446,0.0170194660142538,0.6638506054878235,0.1017223302592215,0.1187415346503257,0,0.3034815906783228,0.1622501083849519
Test019,184,184.tif,0.1106156483292579,194.7538909912109,0.2120122015476226,0.0179502180619083,0.554533839225769,0.1047274536630106,0.1076904162764549,0,0.22878806849256872,0.14194563811187805
Test019,185,185.tif,0.1189260780811309,218.17144775390625,0.2154951840639114,0.018216147218381,0.4348487854003906,0.0922476150578659,0.1034288257360458,0,0.24316119349616427,0.1375216885893554
Test019,186,186.tif,0.1265981793403625,176.94760131835938,0.2652387022972107,0.0212477396021699,0.7597087025642395,0.1849860041404897,0.120183490216732,0,0.23143107586228318,0.19891952565702775
Test019,187,187.tif,0.1202926486730575,180.338134765625,0.2365741431713104,0.0200510583980427,0.8602845668792725,0.1752433304142135,0.1317853480577469,0,0.3055658992566411,0.2143401010669418
Test019,188,188.tif,0.1260341852903366,177.95611572265625,0.2513552010059356,0.0215136687586426,0.8490379452705383,0.1955800189439004,0.1505568921566009,0,0.278459826180558,0.22044396111489767
Test019,189,189.tif,0.1355492174625396,195.0281524658203,0.2617714405059814,0.0204499521327518,0.6537655591964722,0.1592844813447218,0.1614682972431183,0,0.19774371976050042,0.17082225286945538
Test019,190,190.tif,0.1239172965288162,205.14080810546875,0.218628317117691,0.022816721625359,0.7185776233673096,0.1708816514684971,0.1771951019763946,0,0.25581477404028274,0.1963615882400328
Test019,191,191.tif,0.1245186775922775,214.8312530517578,0.2199669629335403,0.0213275183491117,0.6558195352554321,0.1485308373111848,0.1699040681123733,0,0.23919711942517707,0.17573072194538247
Test019,192,192.tif,0.1363801062107086,219.8684539794922,0.3128106594085693,0.0209286246144027,0.5907679796218872,0.1768994861181592,0.1702353060245514,0,0.1955954192608389,0.1825082660609631
Test019,193,193.tif,0.1424831748008728,233.36502075195312,0.3531148135662079,0.0220455270715881,0.5698046684265137,0.2038955592489858,0.1718984097242355,0,0.22501459001580904,0.21023126847903276
Test019,194,194.tif,0.1496693044900894,183.3477478027344,0.4067449569702148,0.0234017657695989,0.5796587467193604,0.2478474871409224,0.1896110028028488,0,0.27734530058576323,0.25669683117437464
Test019,195,195.tif,0.1624892055988311,205.5388336181641,0.4458928406238556,0.0229496862035953,0.5641661882400513,0.2592164436741279,0.2072779685258865,0,0.3132414646521807,0.2754239499675437
Test019,196,196.tif,0.1841612458229065,150.54212951660156,0.4625885188579559,0.0251568982023189,0.5983392596244812,0.3041555463296142,0.2384029179811477,0,0.3291358431428858,0.3116496353735957
Test019,197,197.tif,0.1889782100915908,203.5419769287109,0.4743251204490661,0.0247314115519625,0.7225412130355835,0.3244968466975579,0.2679223716259002,0,0.38285308923524086,0.34200371945886276
Test019,198,198.tif,0.1792366206645965,184.046630859375,0.4230129718780517,0.0268854377193915,0.6094098091125488,0.3066811871032906,0.2884795069694519,0,0.2847941729999591,0.30011508287229116
Test019,199,199.tif,0.1884842664003372,217.68626403808597,0.4581463634967804,0.029385171790235,0.5323212146759033,0.3448271703749654,0.3078754544258117,0,0.2777698739188701,0.3247099814381368
Test019,200,200.tif,0.2009574621915817,198.09169006347656,0.5307134389877319,0.0298638442718859,0.5973182320594788,0.372866687469459,0.3306055068969726,0,0.3669789638401285,0.37110037038065985
Test021,1,001.tif,0.0,0.0,0.0,1.0,0.0,0.0,0.0,0,0.999761782286739,0.29992853468602165
Test021,2,002.tif,0.12361341714859,152.96446228027344,0.1898631304502487,0.0086161046697159,0.9185186624526978,0.0522077608535051,0.0522077605128288,0,0.4240045664117795,0.16374680252098742
Test021,3,003.tif,0.1471500545740127,208.8617706298828,0.2495178431272506,0.0053185831294543,0.661426842212677,0.0184954714400662,0.0353516153991222,0,0.30395555196076895,0.10413349559627702
Test021,4,004.tif,0.1583151072263717,167.6287841796875,0.2890675067901611,0.0049462823103925,0.6603566408157349,0.0168070114695825,0.0291700810194015,0,0.2934127227408002,0.09978872485094781
Test021,5,005.tif,0.1537369936704635,186.37962341308597,0.252583384513855,0.0027656632273162,0.5883274078369141,0.0,0.0218775607645511,0,0.2889589868991238,0.08668769606973714
Test021,6,006.tif,0.1460910886526107,169.45321655273438,0.2348976880311966,0.0017285395170726,0.690085768699646,0.0,0.0175020489841699,0,0.3470739803362084,0.10412219410086251
Test021,7,007.tif,0.1462138146162033,183.3817138671875,0.2571315765380859,0.001967875757898,0.611972451210022,0.0,0.0070604966022074,0,0.29746655113365983,0.08923996534009794
Test021,8,008.tif,0.1527182459831237,187.16049194335935,0.2575412690639496,0.0013562386980108,0.5801678895950317,0.0,0.0033614025451242,0,0.28901754413288117,0.08670526323986434
Test021,9,009.tif,0.159876212477684,193.40365600585935,0.2853375077247619,0.001568982023189,0.5985357761383057,0.0,0.0,0,0.28637766791750807,0.08591330037525242
Test021,10,010.tif,0.1482236832380294,189.38787841796875,0.2442246675491333,0.0004520795660036,0.7263551354408264,0.0,0.0,0,0.35715932850801746,0.10714779855240524
Test021,11,011.tif,0.1166280135512352,200.1843719482422,0.1770093291997909,0.0014094245293053,0.9181440472602844,0.0,0.0,0,0.4658841371793371,0.13976524115380112
Test021,12,012.tif,0.1103836745023727,193.8115692138672,0.1752449423074722,0.0016487607701308,0.7889462113380432,0.0,0.0,0,0.42974551630997493,0.12892365489299248
Test021,13,013.tif,0.1172835230827331,183.2127227783203,0.1796340048313141,0.0010371237102435,0.643303632736206,0.0,0.0,0,0.3848587206861057,0.11545761620583171
Test021,14,014.tif,0.1363823413848877,189.20504760742188,0.2509977519512176,0.0021008403361344,0.494550347328186,0.0,0.0,0,0.2786464889044892,0.08359394667134674
Test021,15,015.tif,0.150388479232788,193.8233642578125,0.2742482423782348,0.001967875757898,0.5640276670455933,0.0,0.0,0,0.26242696420180034,0.0787280892605401
Test021,16,016.tif,0.1426371335983276,194.29833984375,0.2420554310083389,0.0031645569620253,0.7463909387588501,0.0,0.0,0,0.3517690565274201,0.10553071695822602
Test021,17,017.tif,0.1420942395925521,195.60890197753903,0.2599809169769287,0.0038559727688543,0.6862844228744507,0.0055770951181522,0.0011154190870001,0,0.31061618331203933,0.09708882157631835
Test021,18,018.tif,0.1457204967737198,193.40655517578125,0.2533632814884186,0.0061429635145197,0.6210017204284668,0.0251985552584139,0.0061551299877464,0,0.28083590298889305,0.10188975957755764
Test021,19,019.tif,0.1319951266050338,182.7277984619141,0.243060365319252,0.0045473885756834,0.5357557535171509,0.0099146193166066,0.0081380540505051,0,0.2690183866390462,0.08764574951333848
Test021,20,020.tif,0.1424406170845031,200.92202758789065,0.2337987273931503,0.0041750877566216,0.5200789570808411,0.0066877968752519,0.0094756130129098,0,0.2748655616080987,0.08714112629510594
Test021,21,021.tif,0.1312618851661682,203.80772399902344,0.2171666771173477,0.0045739814913307,0.633880615234375,0.0103846995080028,0.0115525526925921,0,0.3295925762535278,0.10614706253166029
Test021,22,022.tif,0.1078149154782295,204.3228759765625,0.1640235930681228,0.0044676098287416,0.3013461232185364,0.0044204623801595,0.0113212261348962,0,0.4109665954049664,0.12638430228760156
Test021,23,023.tif,0.0937454998493194,193.02496337890625,0.1620218753814697,0.0021806190830762,0.0282554626464843,0.0,0.0062815151177346,0,0.4984079390611109,0.14952238171833326
Test021,24,024.tif,0.1146322265267372,205.96792602539065,0.1949215829372406,0.0040421231783852,0.2974673509597778,0.0034317602213123,0.0049849436618387,0,0.38800895416834646,0.11880491840542254
Test021,25,025.tif,0.1346553862094879,195.277099609375,0.2629779279232025,0.0069939368152324,0.5221150517463684,0.0303401406522976,0.0097154127433896,0,0.2279812822622681,0.08963248313528875
Test021,26,026.tif,0.13264000415802,201.4828338623047,0.2550545036792755,0.0084033613445378,0.6530488729476929,0.0466866905875579,0.0169758107513189,0,0.27791760792237585,0.11605596578800328
Test021,27,027.tif,0.1350515633821487,196.2732696533203,0.2341204583644867,0.0097861929581959,0.7672606110572815,0.0623227056039447,0.0285562612116336,0,0.331363299726667,0.14303488384076138
Test021,28,028.tif,0.1339263170957565,206.3650665283203,0.2307975739240646,0.0101053079459631,0.7148426175117493,0.0616513226420309,0.0408865250647068,0,0.3146732933210392,0.1375579138457334
Test021,29,029.tif,0.1223891675472259,186.4792022705078,0.208846166729927,0.0078183172002978,0.6974613070487976,0.0377893322003561,0.0477580353617668,0,0.3417811550386951,0.1289868790518578
Test021,30,030.tif,0.1309293210506439,202.65383911132807,0.218053326010704,0.0124986703542176,0.5921587944030762,0.0703047509909359,0.0557509586215019,0,0.2694970319512924,0.13006243527904285
Test021,31,031.tif,0.1329187601804733,193.89968872070312,0.2212170213460922,0.0135092011488139,0.5590313673019409,0.0758498542490724,0.0615835897624492,1,0.24764947235960888,0.12738973968223333
Test021,32,032.tif,0.1241083294153213,194.6939392089844,0.2038269788026809,0.0135889798957557,0.6876731514930725,0.0835252096452197,0.0658240988850593,1,0.3121804120412427,0.1521217703640266
Test021,33,033.tif,0.1159945577383041,199.1630706787109,0.1798863410949707,0.0101053079459631,0.5906691551208496,0.0453423823286305,0.0625623017549514,1,0.32039467986531744,0.12785807158963658
Test021,34,034.tif,0.1117535829544067,198.89306640625,0.1816350668668747,0.0137751303052866,0.2264997959136963,0.0365713744120532,0.0623187199234962,1,0.37397799940373744,0.13779336190955846
Test021,35,035.tif,0.1195011362433433,189.06787109375,0.2225514650344848,0.0152643335815338,0.4419299364089966,0.0769294422663635,0.0636436566710472,1,0.250680831122328,0.12905485892315283
Test021,36,036.tif,0.1340614855289459,203.89923095703125,0.2499367147684097,0.0158759706414211,0.7335819005966187,0.1219120137439598,0.0728560909628868,1,0.269739151743292,0.16626015514375947
Test021,37,037.tif,0.1407214999198913,179.55836486816406,0.2395569384098053,0.017923625146261,0.787958025932312,0.1448367049774721,0.0851183906197547,1,0.288554509202981,0.18795204624512477
Test021,38,038.tif,0.1409637480974197,195.80372619628903,0.2443551123142242,0.0190139346877991,0.7522586584091187,0.1526024147317127,0.1065704002976417,1,0.26414963387401535,0.1860665804744035
Test021,39,039.tif,0.1273643374443054,190.77430725097656,0.216336116194725,0.0198383150728645,0.7976281642913818,0.1553741595137835,0.1303309500217437,1,0.3043384120259812,0.2000634352674428
Test021,40,040.tif,0.1227760910987854,191.19662475585935,0.1957929730415344,0.01861504095309,0.6069211959838867,0.1101911489898192,0.1369833052158355,1,0.262257874978687,0.15581116678647955
Test021,41,041.tif,0.1422569304704666,203.3956451416016,0.2442514449357986,0.0202106158919263,0.625565230846405,0.145317136927183,0.1416643112897873,1,0.20749123051941976,0.16396936500485404
Test021,42,042.tif,0.1361207813024521,186.396240234375,0.2150652110576629,0.0243325178172534,0.7257618308067322,0.1835507021041132,0.1494071185588836,1,0.25328098094311824,0.2044697857558147
Test021,43,043.tif,0.1285612136125564,194.82945251464844,0.2043563723564148,0.0226305712158281,0.7899302244186401,0.1743466819212978,0.1537559628486633,1,0.2978265322496203,0.21139063701979455
Test021,44,044.tif,0.1198854893445968,188.48817443847656,0.1752511709928512,0.022816721625359,0.5240727066993713,0.1159266652561521,0.1458664834499359,1,0.22683158809469262,0.14919814210771426
Test021,45,045.tif,0.1192799136042594,193.14671325683597,0.1849082857370376,0.0244654823954898,0.6319965720176697,0.1509941551450829,0.1540270745754242,1,0.24846517174135296,0.1802354601239639
Test021,46,046.tif,0.1531163156032562,200.06939697265625,0.2894435822963714,0.0236676949260716,0.6737831234931946,0.2070690905406778,0.166377454996109,1,0.18554914697657332,0.20061310747144645
Test021,47,047.tif,0.1366603821516037,192.61526489257807,0.2299589216709137,0.0252100840336134,0.6222575306892395,0.1795826646350968,0.165583848953247,1,0.19032500474781322,0.18280536666891173
Test021,48,048.tif,0.1968676447868347,195.5153045654297,0.3491915166378021,0.0274704818636315,0.7803891897201538,0.3051240055626496,0.1917393207550048,1,0.26927641805325775,0.2943697293098321
Test021,49,049.tif,0.1418964266777038,196.6727600097656,0.2350734919309616,0.0268056589724497,0.7963463068008423,0.2316714355589885,0.214888259768486,1,0.24434009082603247,0.23547203213910167
Test021,50,050.tif,0.1505708247423172,206.51202392578125,0.2346794754266739,0.029385171790235,0.7666665315628052,0.2499967809086845,0.2346888035535812,1,0.21725894447572613,0.24017542997879698
Test021,51,051.tif,0.1406335234642028,185.77835083007807,0.2335064113140106,0.0300499946814168,0.7302333116531372,0.246997047770849,0.2426743954420089,1,0.19962575851110764,0.23278566099292658
Test021,52,052.tif,0.1390450149774551,206.6272430419922,0.2129319161176681,0.035155834485693,0.4670420885086059,0.2037264985595481,0.2475031614303589,1,0.12236738157496918,0.1793187634641744
Test021,53,053.tif,0.1344760805368423,169.56973266601562,0.2183869630098343,0.0340389320285076,0.7046356797218323,0.2650321531728661,0.2394847869873047,1,0.1805206302873782,0.23967869630721972
Test021,54,054.tif,0.1409453004598617,183.3112335205078,0.2223360687494278,0.0327358791617913,0.8944569230079651,0.3058661008058411,0.2543237209320068,1,0.2598902282808204,0.2920733390483349
Test021,55,055.tif,0.1338085681200027,177.74481201171875,0.2039633989334106,0.0349696840761621,0.6720371246337891,0.2523402931443392,0.2547924220561981,1,0.1774531856966437,0.22987416091003054
Test021,56,056.tif,0.1131379902362823,205.7641143798828,0.1745437383651733,0.0322306137644931,0.1406042575836181,0.0737549038481345,0.2201439887285232,1,0.3126782778636069,0.14543191605277622
Test021,57,057.tif,0.1614321321249008,182.465087890625,0.2887645661830902,0.033985746197213,0.7134454846382141,0.32197429626785,0.2437935322523117,1,0.13253942774056438,0.2651438357096643
Test021,58,058.tif,0.1565193086862564,203.3702545166016,0.255435436964035,0.0365386660993511,0.7003281116485596,0.3166797547772449,0.2541230618953705,1,0.11717731748059279,0.2568290235882493
Test021,59,059.tif,0.147528201341629,208.5011444091797,0.2467310577630996,0.0360068077864057,0.9354618787765504,0.3719302369814703,0.2673358917236328,1,0.23000490147659014,0.3293526363300063
Test021,60,060.tif,0.1502549350261688,239.84909057617188,0.2280369699001312,0.0329752154026167,0.9571876525878906,0.3290177068556045,0.2826713621616363,1,0.27607582637327455,0.3131351427109055
Test021,61,061.tif,0.1464434266090393,215.35194396972656,0.2305560410022735,0.0354217636421657,0.8753841519355774,0.3350907418076709,0.3349385559558868,1,0.22752870421038252,0.3028221305284844
Test021,62,062.tif,0.1532228887081146,215.2513885498047,0.2487646490335464,0.0354749494734602,0.7054078578948975,0.3025220257552078,0.3310481011867523,1,0.1350955667739775,0.2522940880608387
Test021,63,063.tif,0.1498772054910659,170.49180603027344,0.2333121448755264,0.0358206573768748,0.8721776604652405,0.3406154650822329,0.3358352184295654,1,0.22076778748638126,0.30466116180347735
Test021,64,064.tif,0.1520261913537979,201.52438354492188,0.2477658689022064,0.0350494628231039,0.998816192150116,0.3795635395495864,0.3373619019985199,1,0.2591387920358762,0.3434361152954733
Test021,65,065.tif,0.1485545039176941,169.2410125732422,0.2349472045898437,0.0295181363684714,0.9512860774993896,0.2939845506484081,0.3303552567958832,1,0.28673115540129523,0.29180853207427426
Test021,66,066.tif,0.1419249922037124,219.2497100830078,0.2184397578239441,0.0310871183916604,0.7210380434989929,0.2436490101998275,0.312066912651062,1,0.20623091244420422,0.2324235808731405
Test021,67,067.tif,0.1550367176532745,185.22726440429688,0.2674450576305389,0.0338261887033294,0.7065640687942505,0.3018739328926887,0.3119372725486755,1,0.12411596503208278,0.24854654253450692
Test021,68,068.tif,0.1486267298460006,195.4010772705078,0.2473743706941604,0.0325231358366131,0.7502882480621338,0.2852829954529115,0.300870805978775,1,0.17601972527847565,0.2525040144005808
Test021,69,069.tif,0.1400642693042755,164.28201293945312,0.2365038692951202,0.0337198170407403,0.9713878035545348,0.3476228425375567,0.2944826483726501,1,0.2683346554869609,0.32383638642237794
Test021,70,070.tif,0.1533359140157699,202.06326293945312,0.2782207727432251,0.0315126050420168,0.942974865436554,0.3453717506876369,0.3047600984573364,1,0.23232471973004942,0.31145764140036064
Test021,71,071.tif,0.1602403074502945,147.09376525878906,0.2627705037593841,0.0335336666312094,0.9335508346557616,0.3556809441575865,0.3271664977073669,1,0.2270165981367005,0.3170816403513207
Test021,72,072.tif,0.1729701906442642,190.27114868164065,0.2951074540615082,0.0344910115945112,0.7721520066261292,0.3483998227663323,0.3364716470241546,1,0.16231852425122972,0.2925754332118015
Test021,73,073.tif,0.1576042622327804,169.85743713378906,0.2647855281829834,0.0345973832571003,0.7402975559234619,0.3166480296660133,0.3427446782588959,1,0.13702055765127108,0.2627597880615906
Test021,74,074.tif,0.1548466831445694,205.9591522216797,0.2474824786186218,0.0335070737155621,0.9228537678718568,0.3407625494077945,0.3413726389408111,1,0.23953212862762074,0.31039342317374236
Test021,75,075.tif,0.1562720239162445,178.2576904296875,0.2621846199035644,0.0315657908733113,0.9369246363639832,0.3329692927597255,0.3388921618461609,1,0.2410049491219861,0.30537998966840363
Test021,76,076.tif,0.1446302086114883,228.09661865234372,0.227096825838089,0.033400702052973,0.9758148789405824,0.3379358086910485,0.3353431224822998,1,0.2814511735387011,0.32099041814534424
Test021,77,077.tif,0.1445914506912231,194.71551513671875,0.2246401011943817,0.0360068077864057,0.8020364046096802,0.3151816300619211,0.3286994695663452,1,0.2009589378742055,0.2809148224056064
Test021,78,078.tif,0.1464908719062805,231.40245056152344,0.2371757626533508,0.0351824274013402,0.783456563949585,0.3122231719607203,0.3278144896030426,1,0.18431815292508968,0.2738516662500311
Test021,79,079.tif,0.1449494361877441,184.9442901611328,0.2239689826965332,0.0351824274013402,0.9859972596168518,0.3582302420057109,0.3313080370426178,1,0.27813556705658415,0.3342018395209729
Test021,80,080.tif,0.1492546200752258,186.1450653076172,0.2610348165035248,0.035155834485693,0.8564226627349854,0.3517499329408479,0.3350641429424286,1,0.18744118560027012,0.30245730873867455
Test021,81,081.tif,0.1502265185117721,196.33457946777344,0.2645837068557739,0.0379480906286565,0.9264771342277528,0.4070091788201327,0.348878800868988,1,0.20570776885708142,0.34661875583121726
Test021,82,082.tif,0.1435136944055557,203.5177154541016,0.2428827881813049,0.0377619402191256,0.9049416780471802,0.3792514997411407,0.3616928160190582,1,0.21998367859792256,0.33147115339817523
Test021,83,083.tif,0.146379679441452,197.67697143554688,0.2474049031734466,0.0370439314966492,0.8626532554626465,0.3627077892279636,0.3717897534370422,1,0.19339255537940103,0.3119132190733948
Test021,84,084.tif,0.1416418105363845,192.0297698974609,0.2286056578159332,0.0369641527497074,0.8565614819526672,0.3439258591082305,0.368928849697113,1,0.2125671408197507,0.30451824362168656
Test021,85,085.tif,0.1311692893505096,188.1847381591797,0.2078445255756378,0.033985746197213,0.9389036297798156,0.319493127807806,0.3624774813652038,1,0.2840584194300102,0.30886271529446724
Test021,86,086.tif,0.1263887584209442,186.75634765625,0.2110633850097656,0.0354217636421657,0.7846527099609375,0.2935317754194693,0.3397820293903351,1,0.2128142353380882,0.26931651339505497
Test021,87,087.tif,0.1357876062393188,190.2303466796875,0.2083554863929748,0.0362727369428784,0.8769384622573853,0.3257599068210174,0.3290837109088897,1,0.24685601854094186,0.30208874033699473
Test021,88,088.tif,0.1483705192804336,198.95101928710935,0.249885156750679,0.0355281353047548,0.8981908559799194,0.3585285213913157,0.3282478451728821,1,0.21469754280765196,0.3153792278162166
Test021,89,089.tif,0.1421441435813903,193.6309051513672,0.2370316088199615,0.037309860653122,0.7797830104827881,0.3318146546791211,0.3258256018161773,1,0.1723010559169852,0.28396057505048033
Test021,90,090.tif,0.1423530131578445,207.945068359375,0.2317197620868683,0.0358738432081693,0.9183108806610109,0.3530531511695109,0.3325375914573669,1,0.24031696853704165,0.31923229637977013
Test021,91,091.tif,0.143366739153862,200.7284393310547,0.2340781539678573,0.0356345069673439,0.8199763894081116,0.3244690188590206,0.3387250304222107,1,0.2000165297004567,0.2871332721114514
Test021,92,092.tif,0.1496165245771408,178.17001342773438,0.2622314989566803,0.035155834485693,0.8598483204841614,0.3536799916263674,0.3443090617656708,1,0.18749164435790344,0.3038234874458282
Test021,93,093.tif,0.1627487391233444,196.4204559326172,0.2879003882408142,0.0363259227741729,0.8567109107971191,0.3873465528596272,0.3500726819038391,1,0.17759648479953938,0.3244215324416009
Test021,94,094.tif,0.1477556079626083,204.56956481933597,0.2572155296802521,0.0356610998829911,0.8094063401222229,0.3408070986366412,0.3518711924552917,1,0.16880283009660102,0.28920581807462914
Test021,95,095.tif,0.1402382105588913,187.38282775878903,0.2320378720760345,0.0366982235932347,0.9167372584342957,0.3617888496711115,0.3536182940006256,1,0.23434151274047732,0.32355464859192123
Test021,96,096.tif,0.1349529922008514,202.1158447265625,0.215847909450531,0.0376289756408892,0.9301466345787048,0.3617467125524614,0.3610738217830658,1,0.2580147833696428,0.33062713379761577
Test021,97,097.tif,0.1387039273977279,186.90982055664065,0.2538532316684723,0.0380278693755983,0.7983289957046509,0.359354665928441,0.3622087836265564,1,0.16520944419897543,0.30111109940960135
Test021,98,098.tif,0.1518279910087585,189.3346405029297,0.2625951170921325,0.0370971173279438,0.921464741230011,0.3938210305438828,0.363503634929657,1,0.20048872318063693,0.335821338334909
Test021,99,099.tif,0.1448218822479248,203.53533935546875,0.2336038500070572,0.0352622061482821,0.906941533088684,0.3447716618466755,0.3642965853214264,1,0.23758567235195627,0.3126158649982597
Test021,100,100.tif,0.1277113556861877,186.6827392578125,0.2035283893346786,0.0387724710137219,0.90175598859787,0.3538053500105795,0.3626998960971832,1,0.2668688933460064,0.3277244130112075
Test021,101,101.tif,0.1535611450672149,188.7984161376953,0.2111827731132507,0.0386660993511328,0.9077851176261902,0.3615150342690728,0.3626535534858703,1,0.2605577623712412,0.33122785269972327
Test021,102,102.tif,0.1239460110664367,175.59619140625,0.1932733058929443,0.0368311881714711,0.8152095079421997,0.3002030077987491,0.3508232235908508,1,0.2356827334206375,0.2808469254853156
Test021,103,103.tif,0.1343035548925399,189.4968414306641,0.2300789356231689,0.0364588873524093,0.9429942965507508,0.3651928953989221,0.3450976014137268,1,0.24807472509699746,0.33005744430834466
Test021,104,104.tif,0.148288607597351,192.6161651611328,0.2644755840301513,0.0389320285076055,0.8831366896629333,0.4048923186522122,0.3571217358112335,1,0.1943894188429386,0.34174144870943013
Test021,105,105.tif,0.1472044885158538,184.24888610839844,0.2719180881977081,0.0384533560259546,0.9112783670425416,0.4148139722940142,0.3693234324455261,1,0.19443758433848934,0.3487010559073567
Test021,106,106.tif,0.135285273194313,185.0365447998047,0.2564105689525604,0.0367514094245293,0.8413442373275757,0.3609789571832748,0.3692162334918976,1,0.1760518033299635,0.3055008110272814
Test021,107,107.tif,0.1221291050314903,191.2562561035156,0.2253634482622146,0.0362461440272311,0.8374610543251038,0.3283468490628841,0.3748449981212616,1,0.21299547279825481,0.29374143618349524
Test021,108,108.tif,0.1341882050037384,196.5998077392578,0.2262156009674072,0.036432294436762,0.9449644088745116,0.3622126078186167,0.3742489218711853,1,0.2530754971149687,0.32947147460752224
Test021,109,109.tif,0.134679302573204,191.9059600830078,0.2407618761062622,0.0372832677374747,0.9086750745773317,0.373266751089105,0.3679238259792328,1,0.22082638444460267,0.3275346410957543
Test021,110,110.tif,0.1218941956758499,192.7703094482422,0.1950494349002838,0.0358738432081693,0.801737904548645,0.2892583593169944,0.342812716960907,1,0.2343430495373241,0.2727837663830933
Test021,111,111.tif,0.1131371185183525,183.0796661376953,0.174794927239418,0.0356876927986384,0.7899237275123596,0.2675315906986488,0.3241232335567474,1,0.2525276864555256,0.2630304194257118
Test021,112,112.tif,0.1119464784860611,213.5822296142578,0.1679780930280685,0.0338793745346239,0.8443691730499268,0.2619254379165666,0.3108389675617218,1,0.2903271850311546,0.27044596205094296
Test021,113,113.tif,0.1224358975887298,155.57408142089844,0.1953868865966797,0.0341984895223912,0.8131449818611145,0.2777574203517627,0.2939479053020477,1,0.2485506908166153,0.2689954014912185
Test021,114,114.tif,0.1419203281402588,168.3030242919922,0.2383071482181549,0.0366716306775874,0.8328567743301392,0.3422384955590155,0.2877422869205475,1,0.19386146566119156,0.2977253865896683
Test021,115,115.tif,0.1299275308847427,151.38427734375,0.2184810191392898,0.0349962769918093,0.8177200555801392,0.3048463212758003,0.2908598482608795,1,0.22051544539382462,0.2795470585112076
Test021,116,116.tif,0.1212808489799499,205.8584747314453,0.1855786591768264,0.0334804807999149,0.7173007726669312,0.2383510744405646,0.2850237488746643,1,0.22611370133739384,0.23467986250961337
Test021,117,117.tif,0.1107459142804145,170.8195343017578,0.1936163902282714,0.0335070737155621,0.8479688167572021,0.2794281026585766,0.2885242998600006,1,0.2677062754071716,0.2759115544831551
Test021,118,118.tif,0.1207299157977104,211.58255004882807,0.2057260274887085,0.0338793745346239,0.7821484804153442,0.2746191824669831,0.2878966629505157,1,0.2272954110548434,0.26042205104334115
Test021,119,119.tif,0.1176834404468536,169.05429077148438,0.1986551284790039,0.0356079140516966,0.7742313742637634,0.282059315872177,0.2758608162403106,1,0.2211931978966465,0.26379948047951784
Test021,120,120.tif,0.1170059219002723,220.51531982421875,0.1893264353275299,0.0347835336666312,0.7239563465118408,0.2534789683748099,0.2655873298645019,1,0.21654346728258334,0.2423983180471419
Test021,121,121.tif,0.1201478317379951,176.35044860839844,0.1953332275152206,0.035155834485693,0.6420114040374756,0.2384138101864204,0.2655998766422272,1,0.17361604492749683,0.2189744806087433
Test021,122,122.tif,0.1304392963647842,211.50392150878903,0.2195519506931305,0.0348899053292202,0.812548041343689,0.3032507164093406,0.2703644335269928,1,0.21793376687102928,0.27765563154784717
Test021,123,123.tif,0.1289719343185424,170.12632751464844,0.2272589206695556,0.0364057015211147,0.7540184259414673,0.3072646303797932,0.2768934667110443,1,0.17544673164175706,0.2677192607583823
Test021,124,124.tif,0.1294192522764206,211.6859893798828,0.21021568775177,0.035155834485693,0.7747974991798401,0.2876576501124827,0.2780131697654724,1,0.21146017477955104,0.2647984075126032
Test021,125,125.tif,0.122796706855297,203.824462890625,0.2040473967790603,0.033985746197213,0.803415060043335,0.2799948152925348,0.2833163142204284,1,0.23681197550199518,0.2670399633553729
Test021,126,126.tif,0.1277938187122345,227.44146728515625,0.2136846631765365,0.0357408786299329,0.9014931321144104,0.3319134306493717,0.3020162582397461,1,0.25381038071800954,0.30848251566996304
Test021,127,127.tif,0.118524894118309,199.69497680664065,0.2009789198637008,0.0340921178598021,0.8552146553993225,0.2925712637907631,0.2998803853988647,1,0.25934064877799967,0.28260207928693404
Test021,128,128.tif,0.1180083081126213,204.00205993652344,0.1832830756902694,0.0344378257632166,0.9079843163490297,0.2962503642374812,0.2976775169372558,1,0.29489657682407455,0.29584422801345917
Test021,129,129.tif,0.1060618311166763,194.68150329589844,0.1582774370908737,0.033001808318264,0.4159703850746155,0.1352725509911663,0.2672004699707031,1,0.221963347275422,0.161279789876443
Test021,130,130.tif,0.1323179900646209,195.0823516845703,0.2152767479419708,0.0324965429209658,0.6176488399505615,0.2271171747202534,0.2566249668598175,1,0.1574478670658197,0.20621638242392326
Test021,131,131.tif,0.1290169954299926,201.02267456054688,0.223232626914978,0.0349962769918093,0.7135641574859619,0.2796779350208002,0.2461778670549392,1,0.1723522395530398,0.24748022638047204
Test021,132,132.tif,0.1265992820262909,191.3114013671875,0.2275810241699218,0.034863312413573,0.6464258432388306,0.2633842294467929,0.2403404414653778,1,0.13909232198445365,0.2260966572080911
Test021,133,133.tif,0.1288947314023971,178.72021484375,0.2207910567522049,0.0331879587277949,0.6618015170097351,0.2482844060956645,0.2307472676038742,1,0.16522092199841887,0.22336536086649078
Test021,134,134.tif,0.1303812712430954,249.48101806640625,0.2178109288215637,0.0313264546324859,0.7451786994934082,0.2512413754897438,0.253940999507904,1,0.21516438671097804,0.24041827885611405
Test021,135,135.tif,0.1375987529754638,166.201416015625,0.2293963432312011,0.0332145516434421,0.7708382606506348,0.2837239054236862,0.2652623653411865,1,0.20066226875353121,0.2588054144226397
Test021,136,136.tif,0.1383058428764343,188.52374267578125,0.2371097356081009,0.0355281353047548,0.8366003036499023,0.3305989717000692,0.2754465937614441,1,0.20406104636608025,0.2926375940998725
Test021,137,137.tif,0.1268287599086761,157.73048400878906,0.2105231583118438,0.0330815870652058,0.7263177633285522,0.2564923813761247,0.2740682065486908,1,0.20460291772475736,0.24092554228071447
Test021,138,138.tif,0.1269986629486084,209.8004913330078,0.2098194658756256,0.0346239761727475,0.6269640922546387,0.2418573104638069,0.2727827727794647,1,0.15363193102102402,0.21538969663097202
Test021,139,139.tif,0.130015879869461,164.07061767578125,0.2308375537395477,0.0360334007020529,0.8496056795120239,0.3342864698058054,0.289391815662384,1,0.21313716922644887,0.2979416796319984
Test021,140,140.tif,0.1334241181612014,212.86529541015625,0.2355518788099289,0.0359536219551111,0.7851905226707458,0.318914718638103,0.2964299619197845,1,0.18188530604018027,0.27780589485872614
Test021,141,141.tif,0.1379717141389846,169.8775177001953,0.237308993935585,0.0349164982448675,0.8674531579017639,0.333061568589372,0.2969224750995636,1,0.22011391110704948,0.2991772713446752
Test021,142,142.tif,0.1403780877590179,222.19175720214844,0.2171659022569656,0.0340655249441548,0.8070699572563171,0.2919934086950768,0.3040226995944977,1,0.22350477509476496,0.2714468186149832
Test021,143,143.tif,0.1446256190538406,193.71365356445312,0.2362449765205383,0.0334538878842676,0.9057912826538086,0.3270085983896871,0.3210529685020447,1,0.2452627916364699,0.3024848563637219
Test021,144,144.tif,0.160149335861206,241.99169921875,0.2552907764911651,0.034863312413573,0.8329881429672241,0.3374049230732825,0.3216766715049743,1,0.18619134146775607,0.29204084859162455
Test021,145,145.tif,0.1421965360641479,181.5676727294922,0.2667616307735443,0.0360865865333475,0.8682414293289185,0.3702056477374443,0.3319348394870758,1,0.1797077938472903,0.3130562915703981
Test021,146,146.tif,0.1627440005540847,195.78598022460935,0.2924660146236419,0.0378151260504201,0.894912838935852,0.4203951981790939,0.3494015634059906,1,0.19885317997825447,0.35393259271884203
Test021,147,147.tif,0.1638715118169784,180.5367431640625,0.2891806960105896,0.0389320285076055,0.8248524069786072,0.4090738682092097,0.3728176653385162,1,0.17318427050023488,0.3383069888965173
Test021,148,148.tif,0.1587016135454177,182.4319000244141,0.2884100973606109,0.0385331347728965,0.8461999893188477,0.4104142561008831,0.389498770236969,1,0.1786571246385309,0.3408871166621774
Test021,149,149.tif,0.1502358466386795,204.6543426513672,0.2597753405570984,0.0401021167960855,0.9056690335273744,0.4210549184504652,0.4062287807464599,1,0.21623817373127552,0.3596098950347083
Test021,150,150.tif,0.1357073187828064,185.44715881347656,0.2403576821088791,0.04074034677162,0.9301990866661072,0.4178985946240519,0.4157673716545105,1,0.2507594639890558,0.367756855433553
Test021,151,151.tif,0.1573154628276825,193.19021606445312,0.2607698738574981,0.0430805233485799,0.8982321619987488,0.4535119460862307,0.4223906993865967,1,0.23066008206962674,0.3866563868812495
Test021,152,152.tif,0.1564302593469619,179.65902709960938,0.2625444233417511,0.0453675140942452,0.9332924485206604,0.4944214757676208,0.4394602179527282,1,0.2561378248896592,0.42293638050423227
Test021,153,153.tif,0.1520103812217712,194.2294921875,0.2511990070343017,0.0426284437825763,0.583153486251831,0.3299216199744521,0.4233617186546325,1,0.10510206213736861,0.262475752623327
Test021,154,154.tif,0.1512243598699569,205.8194122314453,0.2736081779003143,0.0455270715881289,0.8433272838592529,0.4748261988822022,0.4341159760951996,1,0.20987432399510142,0.3953406364160719
Test021,155,155.tif,0.1589909344911575,198.9936370849609,0.3063222467899322,0.046032336985427,0.5559226274490356,0.4082343358253181,0.4321831166744232,1,0.12503401836271477,0.3232742405865371
Test021,156,156.tif,0.1831244826316833,195.6087951660156,0.3565217554569244,0.0489575577066269,0.734588086605072,0.566189530860694,0.4547186493873596,1,0.27321366570245387,0.47829677131322196
Test021,157,157.tif,0.1672360152006149,197.87277221679688,0.2925951480865478,0.0478406552494415,0.8933101892471313,0.5419184724951627,0.4642180502414703,1,0.26000565325677794,0.45734462672364723
Test021,158,158.tif,0.1531093269586563,200.72593688964844,0.2651523649692535,0.0498617168386341,0.8628763556480408,0.5214990645088974,0.5025335550308228,1,0.2533052919963694,0.441040932755139
Test021,159,159.tif,0.1409849822521209,185.3420867919922,0.2625316977500915,0.0468301244548452,0.8931424021720886,0.4962334811836717,0.5068149566650391,1,0.24953954469132522,0.4222253002359677
Test021,160,160.tif,0.1518267393112182,187.0817108154297,0.275625079870224,0.0465907882140197,0.7731212973594666,0.4623065299927935,0.5176294445991516,1,0.1859519956700898,0.3794001696959824
Test021,161,161.tif,0.1491458863019943,196.97515869140625,0.2705018222332001,0.0480799914902669,0.940576195716858,0.5382195208024614,0.5120353698730469,1,0.26658664760771744,0.45672965884403816
Test021,162,162.tif,0.145440936088562,196.10960388183597,0.2744262814521789,0.0512977342835868,0.9448723793029784,0.5834768268843473,0.5203470587730408,1,0.2827934025244876,0.49327179957638934
Test021,163,163.tif,0.1409781873226165,191.0786895751953,0.2834789156913757,0.050340389320285,0.8594615459442139,0.5474038124494939,0.525528073310852,1,0.25240713158180383,0.45890480818918683
Test021,164,164.tif,0.1529379487037658,187.60171508789065,0.2838763892650604,0.0476013190086161,0.702079176902771,0.4547572563499827,0.5172327756881714,1,0.17232271041725078,0.3700268925701631
Test021,165,165.tif,0.1709277778863906,189.60923767089844,0.3354994058609009,0.0518561855121795,0.7744582295417786,0.5931153848345765,0.5433945655822754,1,0.2832099250262482,0.500143746892078
Test021,166,166.tif,0.1829195320606231,210.42770385742188,0.3500520288944244,0.0503935751515796,0.7157201170921326,0.5684205387685569,0.5494347810745239,1,0.26787855126477456,0.47825794251742215
Test021,167,167.tif,0.1795886009931564,179.77114868164062,0.3566176295280456,0.049063929369216,0.7987585067749023,0.5934136424264684,0.5514220595359802,1,0.29736175567614853,0.5045980764013724
Test021,168,168.tif,0.1593296378850937,195.90304565429688,0.3097304403781891,0.0479204339963833,0.7893248796463013,0.5216090382133168,0.5462631583213806,1,0.23873738582073756,0.43674754249554304
Test021,169,169.tif,0.1598436832427978,197.16737365722656,0.2700105309486389,0.0465641952983725,0.9472723007202148,0.5220164752037183,0.5597150325775146,1,0.2607071879719116,0.44362368903417626
Test021,170,170.tif,0.149335578083992,194.3905334472656,0.2541581094264984,0.0442506116370598,0.9436684250831604,0.4762882492337659,0.5363496541976929,1,0.2622314152844808,0.4120711990489804
Test021,171,171.tif,0.1457869559526443,192.7786865234375,0.239792600274086,0.0410594617593873,0.8081808686256409,0.3804401737350333,0.498753547668457,1,0.20519715707232744,0.3278672687362215
Test021,172,172.tif,0.1467986106872558,201.8658905029297,0.2492165565490722,0.0438517179023508,0.9123327136039734,0.4553855192157297,0.4711479246616363,1,0.2531538704663493,0.39471602459091554
Test021,173,173.tif,0.1469543129205703,196.7679901123047,0.2742270827293396,0.0454206999255398,0.7200429439544678,0.4286817090937577,0.4525623917579651,1,0.157021500726372,0.34718364658354195
Test021,174,174.tif,0.1518487930297851,197.705078125,0.2820831537246704,0.0438517179023508,0.9338337779045104,0.4969951465307274,0.4475581645965576,1,0.24053843450188095,0.42005813292207345
Test021,175,175.tif,0.1744987666606903,191.0260009765625,0.302744597196579,0.0455270715881289,0.7968095541000366,0.4889119111862962,0.4500828683376312,1,0.21935510091650856,0.4080448681053599
Test021,176,176.tif,0.1638769954442978,206.0685272216797,0.311521053314209,0.047494947346027,0.7890226244926453,0.5185369177105028,0.4777022302150726,1,0.23795758979276238,0.4343631193351806
Test021,177,177.tif,0.1658434867858886,189.1326904296875,0.2963031232357025,0.0449952132751834,0.7887592315673828,0.4729685395842271,0.4812188148498535,1,0.2056099487594245,0.39276096233678626
Test021,178,178.tif,0.1718157827854156,207.00369262695312,0.3178183138370514,0.043585788745878,0.928719699382782,0.5286006104837752,0.5012026429176331,1,0.27446836753008064,0.45236093759766677
Test021,179,179.tif,0.1595040410757064,202.04913330078125,0.3117440044879913,0.0451281778534198,0.9893818497657776,0.564639712375746,0.5147315263748169,1,0.2992487089261162,0.485022411340857
Test021,180,180.tif,0.1478985846042633,190.67434692382807,0.2622555494308471,0.0455802574194234,0.9180838465690612,0.4909606949646188,0.5151413083076477,1,0.25190897907604437,0.41924518019804646
Test021,181,181.tif,0.1449747681617736,191.49679565429688,0.2492988258600235,0.0427348154451654,0.8243763446807861,0.4124661638500007,0.4939270913600921,1,0.21171635496715113,0.3522412211851458
Test021,182,182.tif,0.1572116315364837,202.4378204345703,0.2633519172668457,0.0440910541431762,0.8851552605628967,0.4630208675905976,0.4919375777244568,1,0.22891751031825425,0.3927898604088946
Test021,183,183.tif,0.1701767742633819,191.91976928710935,0.2911248803138733,0.0446495053717689,0.8938512206077576,0.5017666743420909,0.4865708351135254,1,0.239544305149046,0.42309996358417734
Test021,184,184.tif,0.1650106310844421,196.6738128662109,0.3172838687896728,0.0452611424316562,0.8706617951393127,0.5285963452824075,0.4793621599674225,1,0.26198450478387947,0.4486127931328491
Test021,185,185.tif,0.1653026640415191,187.47056579589844,0.3405259251594543,0.0455004786724816,0.928412675857544,0.5780006118634211,0.4967701435089111,1,0.30790556080842924,0.49697209654692354
Test021,186,186.tif,0.1486378610134124,182.4413909912109,0.2608064115047455,0.0470960536113179,0.9618088603019714,0.5237535208068211,0.519027590751648,1,0.27872228822253875,0.4502441510315364
Test021,187,187.tif,0.1607826054096222,200.5704498291016,0.2854182124137878,0.0467769386235506,0.8091897368431091,0.4889125286293753,0.5242059826850891,1,0.21296690557827236,0.4061288417140444
Test021,188,188.tif,0.1712344288825988,183.2930603027344,0.3076368272304535,0.0443569832996489,0.8319780826568604,0.493174143885806,0.5224874019622803,1,0.23139524624792218,0.41464047459444087
Test021,189,189.tif,0.165119469165802,186.37364196777344,0.3235248923301697,0.0420965854696308,0.7543052434921265,0.4552733526536302,0.5078228712081909,1,0.20375707892397454,0.3798184705347335
Test021,190,190.tif,0.1755475252866745,192.53366088867188,0.3200671374797821,0.0444101691309435,0.9198139905929564,0.5385483565351505,0.4999323785305023,1,0.27823345902807695,0.46045388728302844
Test021,191,191.tif,0.1623553335666656,191.7113494873047,0.2838022410869598,0.042601850866929,0.8279895186424255,0.4468677012914746,0.4845552444458008,1,0.19223423517603033,0.3704776614568413
Test021,192,192.tif,0.1573127508163452,210.31007385253903,0.2738206684589386,0.0443835762152962,0.7661793231964111,0.4343584563400405,0.4736444056034088,1,0.17030234726715643,0.35514162361817525
Test021,193,193.tif,0.1709750741720199,201.55650329589844,0.2876318097114563,0.0468301244548452,0.8308571577072144,0.5002492955154433,0.4750594198703766,1,0.22439449165045278,0.4174928543559461
Test021,194,194.tif,0.1733787357807159,185.29757690429688,0.3271801471710205,0.0462982661418997,0.8366802930831909,0.5396564350145534,0.491936057806015,1,0.2655748789160486,0.4574319681850019
Test021,195,195.tif,0.1862292736768722,167.7257537841797,0.3645519912242889,0.0475747260929688,0.774080753326416,0.5734672085054545,0.498919814825058,1,0.28795057319840667,0.4878122179133401
Test021,196,196.tif,0.1809260994195938,239.0079498291016,0.3436180651187897,0.0474683544303797,0.9391657114028932,0.6125848158398537,0.5320632457733154,1,0.32537979676774675,0.5264233101182216
Test021,197,197.tif,0.1640735417604446,207.0377349853516,0.2963487505912781,0.0460855228167216,0.770898163318634,0.4786646074451928,0.5409244894981384,1,0.20532215028747336,0.396661870297877
Test021,198,198.tif,0.1625581085681915,233.45266723632807,0.3123380541801452,0.0450218061908307,0.931543469429016,0.5426393913105396,0.5494025349617004,1,0.2782113291581547,0.46331097266482413
Test021,199,199.tif,0.1934306174516677,159.3569793701172,0.3465227782726288,0.0438517179023508,0.8095542788505554,0.5192903522597786,0.5453292727470398,1,0.2610839980877372,0.4418284460081662
Test021,200,200.tif,0.1729056388139724,204.71957397460935,0.3180932998657226,0.0393043293266673,0.7949556112289429,0.4304077779194345,0.5167173743247986,1,0.19641605499539705,0.3602102610422232
Test022,1,001.tif,0.0,0.0,0.0,1.0,0.0,0.0,0.0,0,0.999761782286739,0.29992853468602165
Test022,2,002.tif,0.1474758982658386,197.9326629638672,0.3116463720798492,0.0098127858738432,0.257505714893341,0.0462121772625153,0.0462121777236461,0,0.3315168781662532,0.13180358753363666
Test022,3,003.tif,0.1582987755537033,189.8681488037109,0.3067972064018249,0.0067546005744069,0.163507878780365,0.0213077717972289,0.0337599739432334,0,0.37397731706091053,0.12710863537633338
Test022,4,004.tif,0.1745446622371673,233.50135803222656,0.3627035915851593,0.0041750877566216,0.1778097152709961,0.0069385023402919,0.0248194839805364,0,0.42911429143560254,0.13359123906888506
Test022,5,005.tif,0.1448957920074463,188.04335021972656,0.2768183350563049,0.0039091586001489,0.2071866989135742,0.0036675129057639,0.0195314902812242,0,0.34716976569536917,0.10671818874264548
Test022,6,006.tif,0.1334374397993087,209.2061309814453,0.2472795844078064,0.0022869907456653,0.4055982828140259,0.0,0.0156251918524503,0,0.3133037243775092,0.09399111731325276
Test022,7,007.tif,0.1332294195890426,166.3080596923828,0.2463928759098053,0.0009307520476545,0.452178955078125,0.0,0.0063827573321759,0,0.3051983984404132,0.09155951953212395
Test022,8,008.tif,0.1481239646673202,192.66932678222656,0.2608711719512939,0.0010637166258908,0.2632594704627991,0.0,0.0021212031133472,0,0.35545559322782894,0.10663667796834868
Test022,9,009.tif,0.1581005752086639,197.1923675537109,0.2932847440242767,0.0018880970109562,0.2696484923362732,0.0,0.0007335025584325,0,0.3520128459218128,0.10560385377654384
Test022,10,010.tif,0.1500566005706787,204.8724365234375,0.2792791724205017,0.0027656632273162,0.4489598274230957,0.0,0.0,0,0.270531667496692,0.0811595002490076
Test022,11,011.tif,0.1558814346790313,157.37802124023438,0.2920827567577362,0.0037496011062652,0.4295680522918701,0.0038759877386539,0.0007751975790597,0,0.28507012724200576,0.08823422958965944
Test022,12,012.tif,0.152690127491951,215.30772399902344,0.2823979258537292,0.0035900436123816,0.318994402885437,0.0021975600338082,0.0012147094821557,0,0.3159350281865122,0.09631880047961941
Test022,13,013.tif,0.1678028106689453,185.61651611328125,0.3224976360797882,0.0063822997553451,0.3120710253715515,0.0243344724710093,0.0060816039331257,0,0.3413435946343104,0.11943720911999964
Test022,14,014.tif,0.1721979826688766,222.18228149414065,0.3269547522068023,0.0040687160940325,0.2127634286880493,0.0056414201118032,0.0072098881937563,0,0.38926017757853126,0.12072704735182162
Test022,15,015.tif,0.1445653289556503,200.64552307128903,0.2771632969379425,0.0032975215402616,0.186061680316925,0.0001551822862472,0.0072409240528941,0,0.357640928483418,0.10740090614539843
Test022,16,016.tif,0.1440453827381134,226.9994201660156,0.2546393871307373,0.0049462823103925,0.2933390140533447,0.0099361960524286,0.0084529649466276,1,0.3307744683641072,0.10618767774593216
Test022,17,017.tif,0.133170410990715,189.1410217285156,0.2335540056228637,0.005877034358047,0.4629313945770263,0.0179339439756161,0.0116002429276704,1,0.2862812446960421,0.0984381341917439
Test022,18,018.tif,0.1607833355665207,226.83616638183597,0.2933437526226043,0.0033241144559089,0.4457453489303589,0.0004496925197329,0.0068232873454689,1,0.28285509363157924,0.08517131285328679
Test022,19,019.tif,0.1519572883844375,212.2242584228516,0.2620510458946228,0.0032709286246144,0.2434155941009521,7.542012735016263e-06,0.0056965113617479,1,0.3495361829402357,0.10486613429098522
Test022,20,020.tif,0.1564604640007019,240.40505981445312,0.2696779668331146,0.0048133177321561,0.3002824187278747,0.0098332446053582,0.0076321242377161,1,0.31471334314638977,0.10129727416766766
Test022,21,021.tif,0.1558146774768829,179.85328674316406,0.2848792374134063,0.0082703967663014,0.4556576013565063,0.0406094659556964,0.0137667777016758,1,0.24116665397016313,0.10077662236003643
Test022,22,022.tif,0.1687296777963638,228.7420959472656,0.3072220087051391,0.0101053079459631,0.4316072463989258,0.0579545823515687,0.0217709057033061,1,0.26299282985465544,0.11946605660249472
Test022,23,023.tif,0.1790619492530822,205.2898406982422,0.3610931038856506,0.0098393787894904,0.389100432395935,0.0622575214475677,0.0341324731707572,1,0.33305925263797054,0.14349804080468856
Test022,24,024.tif,0.1770787239074707,225.15447998046875,0.3274012207984924,0.0113817678970322,0.3988780379295349,0.0706129683547597,0.0482535548508167,1,0.2883602670146308,0.13593715795272102
Test022,25,025.tif,0.1623803973197937,197.97021484375,0.3130611479282379,0.0132432719923412,0.3892691135406494,0.0823348222492203,0.0627538710832595,1,0.2665476068595056,0.1375986576323059
Test022,26,026.tif,0.1476625353097915,201.9581451416016,0.2847812175750732,0.0144665461121157,0.384579062461853,0.083912232189985,0.0714144259691238,1,0.23103150576085452,0.12804801426124585
Test022,27,027.tif,0.1556084901094436,197.65565490722656,0.2767263948917389,0.009600042548665,0.6373634338378906,0.060189921190424,0.0718614906072616,1,0.24495670824075189,0.11561995730552237
Test022,28,028.tif,0.1642911732196808,202.7808990478516,0.2956016957759857,0.0099191575364322,0.6039206981658936,0.0644669331527703,0.072303369641304,1,0.25022293863613976,0.12019373479778113
Test022,29,029.tif,0.1530404090881347,151.0371551513672,0.2500295042991638,0.0097861929581959,0.6765829920768738,0.05977486208388,0.0701357498764991,1,0.28373184479309976,0.1269619568966459
Test022,30,030.tif,0.1464210748672485,208.6218414306641,0.2424799501895904,0.0138283161365812,0.5939834117889404,0.0871677481272131,0.0711023360490799,1,0.23651344488818993,0.13197145715550612
Test022,31,031.tif,0.1419129967689514,176.24322509765625,0.2469367384910583,0.0153441123284756,0.5797127485275269,0.0995387461626488,0.0742276459932327,1,0.21664694296950193,0.1346712052047047
Test022,32,032.tif,0.1741490811109542,194.21563720703125,0.299358457326889,0.0163280502074247,0.5132953524589539,0.1174617434200229,0.0856820046901702,1,0.1834091908524732,0.137245977649758
Test022,33,033.tif,0.1808914989233017,149.1303253173828,0.3294765949249267,0.0175247314115519,0.6084846258163452,0.1510650276619762,0.1030016168951988,1,0.2422564122920693,0.1784224430510041
Test022,34,034.tif,0.1704448461532592,213.99221801757807,0.315148115158081,0.0176045101584937,0.5957322120666504,0.1450776573204592,0.1200621873140335,1,0.2212212569074844,0.16792073719656675
Test022,35,035.tif,0.1715072989463806,196.9676513671875,0.3021200299263,0.0200244654823954,0.5845764875411987,0.1623721436572406,0.1351030617952346,1,0.18666765528645357,0.16966079714600446
Test022,36,036.tif,0.1616919785737991,210.31858825683597,0.2975784838199615,0.02066269545793,0.4825286269187927,0.1509670312453822,0.1453887224197387,1,0.16575475551978402,0.15540334852770274
Test022,37,037.tif,0.1719812750816345,177.26483154296875,0.3240223824977875,0.0220189341559408,0.480074405670166,0.1749552095590565,0.156887412071228,1,0.1885904300412311,0.1790457757037089
Test022,38,038.tif,0.1685478091239929,218.7401428222656,0.3042118549346924,0.0222848633124135,0.6625760793685913,0.198308985818613,0.1663362085819244,1,0.20657641377889335,0.2007892142066971
Test022,39,039.tif,0.1639250367879867,151.92318725585938,0.2878877520561218,0.0215136687586426,0.636155903339386,0.1784546421197218,0.1730116009712219,1,0.18209209769867796,0.17954587879340864
Test022,40,040.tif,0.1582787930965423,205.4727478027344,0.2866487503051758,0.0213807041804063,0.6745092868804932,0.1826799601194068,0.1770731657743454,1,0.19742141822990011,0.18710239755255478
Test022,41,041.tif,0.1538207232952118,166.33355712890625,0.2712278366088867,0.0221253058185299,0.6533056497573853,0.1792797551655608,0.1827357113361358,1,0.17582183170259358,0.17824237812667063
Test022,42,042.tif,0.1858634948730468,255.5660552978516,0.3361325263977051,0.0228965003723008,0.5440080165863037,0.2002083497132277,0.1877863407135009,1,0.1901916795433568,0.1972033486622664
Test022,43,043.tif,0.1881439983844757,189.62046813964844,0.3396268784999847,0.023215615360068,0.6497524976730347,0.2237511568500378,0.1928747594356537,1,0.23463486598173233,0.22701626958954613
Test022,44,044.tif,0.1732143014669418,221.0781097412109,0.3152928352355957,0.0257685352622061,0.7429512143135071,0.2568589371820743,0.2085556238889694,1,0.2291934633019862,0.24855929501804785
Test022,45,045.tif,0.179573118686676,167.48635864257812,0.3585927486419678,0.0242527390703116,0.6903399229049683,0.2529907085424462,0.2226177901029586,1,0.26408706972401663,0.2563196168969173
Test022,46,046.tif,0.1690442115068435,193.2666015625,0.3112413585186004,0.0260610573343261,0.7379941940307617,0.2568564286619058,0.2381331175565719,1,0.22098845343730622,0.2460960360945259
Test022,47,047.tif,0.1927537322044372,174.31175231933594,0.3520486950874328,0.0269918093819806,0.613206148147583,0.2660027369104069,0.2512920200824737,1,0.2103027986429591,0.2492927554301725
Test022,48,048.tif,0.1878490597009658,213.0813751220703,0.3528452217578888,0.0278959685139878,0.5581744909286499,0.264744954678517,0.2594907879829407,1,0.1828052929031031,0.2401630561458928
Test022,49,049.tif,0.1729927062988281,175.93490600585938,0.3037918508052826,0.0277630039357515,0.6680201292037964,0.2563487452616951,0.2593887448310852,1,0.17291983408190492,0.23132007190775802
Test022,50,050.tif,0.1680545210838318,190.0610809326172,0.3010193109512329,0.0280821189235187,0.6816831827163696,0.2609132532650571,0.2609732449054718,1,0.1733528463189884,0.23464513118123648
Test022,51,051.tif,0.1680133640766143,172.1046905517578,0.2898101508617401,0.0279491543452824,0.7233555316925049,0.2615008503976862,0.2619021236896515,1,0.17874409167492178,0.23667382278085689
Test022,52,052.tif,0.1642655283212661,214.51307678222656,0.2982207834720611,0.0289596851398787,0.6684627532958984,0.2653300272640789,0.261767566204071,1,0.15857829337396256,0.23330450709704398
Test022,53,053.tif,0.1686787009239196,175.23123168945312,0.305782288312912,0.0291724284650569,0.6662101745605469,0.2720006740795115,0.2632187008857727,1,0.1651355124024516,0.23994112557639352
Test022,54,054.tif,0.1657600402832031,221.34341430664065,0.2891913056373596,0.0305818529943623,0.7309491634368896,0.2907867635559641,0.2701063156127929,1,0.16381963100174912,0.2526966237896996
Test022,55,055.tif,0.1732703298330307,202.25965881347656,0.3298345506191253,0.032416764174024,0.8066675066947937,0.3598484060479182,0.2898933291435241,1,0.22921209555583444,0.32065751290029304
Test022,56,056.tif,0.1716771721839904,218.5026092529297,0.3448216915130615,0.0332411445590894,0.799640953540802,0.379611311965008,0.3135154247283935,1,0.23763037284038735,0.33701703022762175
Test022,57,057.tif,0.1631329357624054,178.41995239257812,0.318295806646347,0.0315126050420168,0.8030754923820496,0.3395000255183021,0.3283494114875793,1,0.22076010883551478,0.3038780505134659
Test022,58,058.tif,0.1709111630916595,229.06265258789065,0.3224813640117645,0.0323901712583767,0.6978921890258789,0.3262657785122125,0.3392024636268616,1,0.1768078858124016,0.2814284107022692
Test022,59,059.tif,0.1668436974287033,178.37661743164062,0.3283955752849579,0.0316987554515477,0.6968209743499756,0.3225316359685068,0.3455514311790466,1,0.18770057079133606,0.2820823164153555
Test022,60,060.tif,0.1483969241380691,192.1339874267578,0.289273053407669,0.0325763216679076,0.7466099262237549,0.3161109619571453,0.3368039429187774,1,0.15727092192639103,0.26845894994791897
Test022,61,061.tif,0.1608360409736633,210.3757781982422,0.297938734292984,0.0338261887033294,0.6980751752853394,0.3233148638535947,0.3255446553230285,1,0.1380441573113661,0.2677336518909261
Test022,62,062.tif,0.1523194462060928,194.31912231445312,0.2949775457382202,0.0349430911605148,0.7285369634628296,0.3412141475883511,0.3258875012397766,1,0.14017595235615543,0.2809026890186924
Test022,63,063.tif,0.1392020136117935,189.63796997070312,0.27227783203125,0.031831720029784,0.7241402864456177,0.29009023871937,0.3186523616313934,1,0.13981525958390983,0.24500774497873193
Test022,64,064.tif,0.1423133909702301,195.7206878662109,0.2915017008781433,0.0323635783427294,0.6875120401382446,0.3003746085215591,0.3142209649085998,1,0.13561887068388256,0.2509478871702561
Test022,65,065.tif,0.1416105479001999,200.7723693847656,0.2792631089687347,0.0307148175725986,0.7642053961753845,0.2932781192273134,0.3096544146537781,1,0.165428344746133,0.25492318688295923
Test022,66,066.tif,0.1527481973171234,186.2624969482422,0.3315907418727875,0.0316721625359004,0.7700105309486389,0.3427864915435566,0.3135487139225006,1,0.2212190042892218,0.30631624536725616
Test022,67,067.tif,0.1564638912677765,191.559814453125,0.3495831191539764,0.0288001276459951,0.6763734221458435,0.2988331001640938,0.3050724864006042,1,0.22157423974208112,0.27565544203749
Test022,68,068.tif,0.1473051756620407,180.8785552978516,0.3361828923225403,0.0310339325603659,0.7513970136642456,0.3337929619359202,0.3138130307197571,1,0.22282292370906676,0.3005019504678641
Test022,69,069.tif,0.1581465899944305,197.49044799804688,0.3475932478904724,0.0295447292841187,0.7375974059104919,0.3203379654106894,0.3178057074546814,1,0.23892837548188395,0.2959150884320477
Test022,70,070.tif,0.1491753906011581,187.7635955810547,0.3389866948127746,0.0288267205616423,0.6306886672973633,0.2820025807293851,0.3155505955219269,1,0.19100002901875346,0.2547018152161956
Test022,71,071.tif,0.1560123711824417,200.71681213378903,0.355496346950531,0.029970215934475,0.7414383888244629,0.3317968397182556,0.3133526742458343,1,0.2462920433633472,0.30614540081178304
Test022,72,072.tif,0.1469838172197342,188.03128051757807,0.3396650850772857,0.028108711839166,0.7758699655532837,0.306162303948539,0.3148185312747955,1,0.2538787601809832,0.29047724081827225
Test022,73,073.tif,0.148972600698471,173.71739196777344,0.3308285176753998,0.0287203488990532,0.942334234714508,0.3451640777713018,0.3170927464962005,1,0.30275067397968325,0.33244005663381626
Test022,74,074.tif,0.1379695683717727,193.5899658203125,0.326591819524765,0.026247207743857,0.8556114435195923,0.2916543795332408,0.3113560080528259,1,0.2811056606062615,0.288489763855147
Test022,75,075.tif,0.1496106535196304,197.4072265625,0.3532137870788574,0.0288799063929369,0.735783576965332,0.3154888842042672,0.3180533051490783,1,0.2482428123511804,0.2953150626483411
Test022,76,076.tif,0.1736485511064529,184.7557373046875,0.3867007195949554,0.0298904371875332,0.7594730854034424,0.3561640055990906,0.3229267001152038,1,0.2858442050149961,0.33506806542386225
Test022,77,077.tif,0.1827296763658523,195.35592651367188,0.425046294927597,0.0295447292841187,0.8439009189605713,0.3966564501884406,0.3410255312919616,1,0.3538369617221063,0.3838106036485403
Test022,78,078.tif,0.1792334020137787,195.07928466796875,0.4150135517120361,0.0304754813317732,0.8750022649765015,0.4111866793766305,0.3542300760746002,1,0.3501481189801502,0.39287511125768637
Test022,79,079.tif,0.1733413636684417,195.0043487548828,0.426130086183548,0.0290128709711732,0.9195769429206848,0.4064375693017231,0.3771867156028747,1,0.3819384138597326,0.3990878226691259
Test022,80,080.tif,0.184256911277771,191.48252868652344,0.4587110877037048,0.0301031805127114,0.785927414894104,0.4144262152506318,0.3969742059707641,1,0.36245305288325214,0.39883426654041787
Test022,81,081.tif,0.2170020937919616,199.96026611328125,0.5041446685791016,0.0297574726092968,0.7468482255935669,0.4061409069805295,0.4069695472717285,1,0.39167220326047314,0.4018002958645126
Test022,82,082.tif,0.2207679748535156,187.57574462890625,0.5406101942062378,0.0315126050420168,0.8642635345458984,0.4621603575441743,0.4200703501701355,1,0.4481775896853146,0.45796552718651634
Test022,83,083.tif,0.2054164558649063,197.4911651611328,0.5269795060157776,0.0312200829698968,0.8780695199966431,0.4607607359376551,0.4299851357936859,1,0.44271681487217496,0.45534755961801104
Test022,84,084.tif,0.1946047991514206,195.53875732421875,0.519629180431366,0.0311668971386022,0.6694842576980591,0.4088075789540257,0.4304591715335846,1,0.3738065618107702,0.398307273811049
Test022,85,085.tif,0.1948333233594894,191.9795837402344,0.5406239032745361,0.0311934900542495,0.6788247227668762,0.4114866574639503,0.4298712313175201,1,0.3948592559509365,0.4064984370100462
Test022,86,086.tif,0.2286401242017746,200.6146697998047,0.6054214239120483,0.0326029145835549,0.6312967538833618,0.4200186686772517,0.4326468110084533,1,0.42776778122634895,0.4223434024419809
Test022,87,087.tif,0.2356254607439041,161.5429229736328,0.6266228556632996,0.0340655249441548,0.7601341009140015,0.4757880081086797,0.4353723526000976,1,0.4739328128028578,0.4752314495169331
Test022,88,088.tif,0.2441204786300659,194.5752868652344,0.6454598903656006,0.0327358791617913,0.9168367981910706,0.4957753380295602,0.4423752725124359,1,0.5321662721116522,0.5066926182541878
Test022,89,089.tif,0.2370703369379043,159.0572509765625,0.639464795589447,0.0330549941495585,0.7905999422073364,0.4681406996149479,0.4542418420314789,1,0.4954539651365827,0.4763346792714383
Test022,90,090.tif,0.2339472472667694,228.5923767089844,0.6384472846984863,0.0316189767046058,0.7759460806846619,0.4419241885211973,0.4603293836116791,1,0.4967322056316733,0.45836659365434007
Test022,91,091.tif,0.2465630173683166,184.5150909423828,0.6200416088104248,0.0330815870652058,0.8241438865661621,0.4773363395181701,0.4717929363250732,1,0.49013812619003716,0.4811768755197302
Test022,92,092.tif,0.2508583962917328,215.75619506835935,0.6290444731712341,0.0320976491862567,0.8098292350769043,0.4579597777125334,0.4682272970676422,1,0.49684688614406236,0.4696259102419921
Test022,93,093.tif,0.236026719212532,206.53321838378903,0.5918571949005127,0.0328422508243803,0.830312967300415,0.4751055396260115,0.4640932977199554,1,0.4721250214754602,0.4742113841808461
Test022,94,094.tif,0.2247776538133621,239.1025390625,0.5900905728340149,0.0311137113073077,0.6984803676605225,0.4151149503182006,0.4534881711006164,1,0.4416700398167501,0.42308147716776545
Test022,95,095.tif,0.2219316214323043,177.69859313964844,0.6142276525497437,0.0310605254760131,0.330126404762268,0.3244669053735914,0.4299967288970947,1,0.4637210099102935,0.366243136734602
Test022,96,096.tif,0.2344018220901489,209.18179321289065,0.6525713205337524,0.0318051271141367,0.68251633644104,0.4214243942683444,0.4188143312931061,1,0.48176148990374545,0.43952552295896463
Test022,97,097.tif,0.2421614825725555,197.5625,0.6714897751808167,0.0328688437400276,0.746024489402771,0.4536338227815776,0.4179491400718689,1,0.5073712472012748,0.46975505010748675
Test022,98,098.tif,0.243364468216896,177.2888946533203,0.6966298222541809,0.0337730028720348,0.7977949380874634,0.4813521613264223,0.4191984236240387,1,0.5336106640512331,0.4970297121438655
Test022,99,099.tif,0.254114419221878,154.44287109375,0.7412418723106384,0.0317785341984895,0.7379199862480164,0.4348958280208635,0.4231545925140381,1,0.5555956190441796,0.47110576532785836
Test022,100,100.tif,0.2604905664920807,195.1559600830078,0.7819123864173889,0.0342516753536857,0.8452311158180237,0.5018058933967164,0.4586223661899566,1,0.594869408244463,0.5297249478510404
Test022,101,101.tif,0.2767525613307953,175.2118682861328,0.8073318600654602,0.036139772364642,0.7853955626487732,0.515122968393996,0.4773621559143066,1,0.5908869624961408,0.5378521666246394
Test022,102,102.tif,0.2613568902015686,223.21051025390625,0.8079718351364136,0.0331347728965003,0.8240933418273926,0.4781746775165982,0.4822703003883362,1,0.6087626954344878,0.5173510828919651
Test022,103,103.tif,0.2378868013620376,202.0207977294922,0.7598091959953308,0.0332677374747367,0.8486645221710205,0.4867734471441264,0.4833545684814453,1,0.5860276976869702,0.5165497223069795
Test022,104,104.tif,0.2709901928901672,175.32034301757812,0.9001799821853638,0.0336400382937985,0.8125181198120117,0.4831788308986605,0.4930111765861511,1,0.6530753047620903,0.5341477730576895
Test022,105,105.tif,0.2537621557712555,188.2267303466797,0.8725523948669434,0.0322306137644931,0.8474185466766357,0.469627523302983,0.4865755140781402,1,0.6496223195116132,0.5236259621655721
Test022,106,106.tif,0.2482134699821472,190.8225555419922,0.8589041829109192,0.0328954366556749,0.8071631789207458,0.4699400680337117,0.477538913488388,1,0.6334392157616294,0.518989812352087
Test022,107,107.tif,0.1804566234350204,189.118896484375,0.6772164106369019,0.0261674289969152,0.8082824349403381,0.3634419497219645,0.4545923769474029,1,0.5513049218702666,0.4198008413664551
Test022,108,108.tif,0.1375275254249572,198.9461669921875,0.3102657794952392,0.0246250398893734,0.5930389165878296,0.2129706954462627,0.3998318314552307,0,0.1694866967429014,0.19992549583525432
Test022,109,109.tif,0.104151427745819,192.6673889160156,0.1844268888235092,0.0266726943942133,0.5099239945411682,0.1413545691509236,0.3314669728279114,0,0.19472103359429904,0.1573645084839362
Test022,110,110.tif,0.1274528801441192,194.8583526611328,0.2215243279933929,0.0255291990213807,0.6892095804214478,0.1904970239039886,0.2756408751010895,0,0.22485762327706016,0.20080520371591004
Test022,111,111.tif,0.133964255452156,194.6092987060547,0.2277878224849701,0.0265929156472715,0.6159088611602783,0.1883124869600658,0.2193153351545334,0,0.18118864076764785,0.1861753331023404
Test022,112,112.tif,0.1248675137758255,199.26524353027344,0.204965204000473,0.0268056589724497,0.9035955667495728,0.2357904029180027,0.1937850266695022,0,0.31442179189598896,0.25937981961139855
Test022,113,113.tif,0.1201009154319763,183.78515625,0.2168622761964798,0.0275768535262206,0.7075939178466797,0.2090587425328558,0.1930026561021804,0,0.22457230364595226,0.21371281086678473
Test022,114,114.tif,0.1181021928787231,201.30691528320312,0.1936098337173462,0.0274704818636315,0.6332148313522339,0.1780200778651409,0.2003357708454132,0,0.22118935465458067,0.19097086090197282
Test022,115,115.tif,0.1185514628887176,210.90757751464844,0.1868833750486374,0.029385171790235,0.6197340488433838,0.1845427761082837,0.1991448998451233,0,0.21124892070622525,0.19255461948766617
Test022,116,116.tif,0.1219321265816688,213.521484375,0.2373240888118744,0.0289330922242314,0.8457527160644531,0.2652119362133568,0.2145247906446457,0,0.24818174270078708,0.2601028781595859
Test022,117,117.tif,0.1180759444832801,192.5271759033203,0.2155201435089111,0.0259280927560897,0.8842807412147522,0.2292448503261549,0.2132156789302826,0,0.3021320876186946,0.2511110215139168
Test022,118,118.tif,0.1093531847000122,190.2937774658203,0.172711580991745,0.0261408360812679,0.7482324838638306,0.1791632380909051,0.20723657310009,0,0.2945379099193125,0.2137756396394273
Test022,119,119.tif,0.1040737628936767,178.923095703125,0.1521506160497665,0.0282948622486969,0.4528610110282898,0.1180580365308438,0.195244163274765,0,0.2429669321443494,0.15553070521489548
Test022,120,120.tif,0.1081670448184013,181.44140625,0.1679335087537765,0.0265929156472715,0.4921025037765503,0.1274325329367544,0.1838221102952957,0,0.22088436752267704,0.1554680833125312
Test022,121,121.tif,0.1099365428090095,206.6658172607422,0.1805502474308014,0.0275502606105733,0.5391224026679993,0.1504820480745198,0.1608761399984359,0,0.19722601749280133,0.16450523890000424
Test022,122,122.tif,0.1070879027247428,194.1480712890625,0.1849864870309829,0.0287735347303478,0.7911461591720581,0.2173620581423116,0.1584995836019516,0,0.2828684697329912,0.23701398161951548
Test022,123,123.tif,0.1045571640133857,187.4001922607422,0.1911032944917678,0.0280289330922242,0.7581062912940979,0.207690585869433,0.1642050445079803,0,0.2686881436549906,0.2259898532051003
Test022,124,124.tif,0.1114997863769531,187.97872924804688,0.2049040347337722,0.0265929156472715,0.6807632446289062,0.1880040642768541,0.1781942546367645,0,0.23306943931687307,0.20152367678885977
Test022,125,125.tif,0.1173188015818595,196.01437377929688,0.215533897280693,0.0277098181044569,0.6825130581855774,0.2039954436423733,0.1935068368911743,0,0.21520444407048522,0.20735814377080686
Test022,126,126.tif,0.1129601225256919,187.73880004882807,0.2336156219244003,0.0262206148282097,0.6509003043174744,0.1957602989182773,0.2025624811649322,0,0.19146890835667008,0.1944728817497951
Test022,127,127.tif,0.0910321101546287,203.46441650390625,0.1510085016489029,0.0248909690458461,0.918281316757202,0.1897003537580479,0.1970301568508148,0,0.3790159417700083,0.246495030161636
Test022,128,128.tif,0.0910431519150734,195.54739379882807,0.147562488913536,0.0232422082757153,0.6543132066726685,0.1272061196527236,0.180933266878128,0,0.30199479637902515,0.17964272267061404
Test022,129,129.tif,0.0957401022315025,201.58355712890625,0.1369335502386093,0.0228433145410062,0.5141235589981079,0.0952839244320495,0.1623892188072204,0,0.26804145730851303,0.14711118429498854
Test022,130,130.tif,0.0955617949366569,203.9367828369141,0.1326137334108352,0.0211945537708754,0.2583032846450805,0.0450367050652446,0.1305974721908569,0,0.3700248175621591,0.14253313881431895
Test022,131,131.tif,0.0866920351982116,188.0827789306641,0.1338052898645401,0.0212477396021699,0.1205726861953735,0.0239811131731574,0.0962416380643844,0,0.41161879373656274,0.140272417342179
Test022,132,132.tif,0.0870427712798118,197.63507080078125,0.1259843409061432,0.021939155408999,0.0624460577964782,0.0116613308013994,0.0606338381767272,0,0.4319899445133084,0.1377599149149721
Test022,133,133.tif,0.0879157334566116,193.13687133789065,0.1338346153497696,0.0226837570471226,0.3370282649993896,0.0627971350471449,0.0477520413696765,0,0.33516468970452984,0.1445074014443604
Test022,134,134.tif,0.0899422466754913,188.10174560546875,0.1398628205060959,0.0236145090947771,0.3411707878112793,0.0696693014308629,0.0426291152834892,0,0.32305028151466475,0.14568359545600346
Test022,135,135.tif,0.0941429361701011,207.92762756347656,0.1349284052848816,0.0241197744920753,0.3505534529685974,0.0704978831786099,0.0477213524281978,0,0.32178644174541615,0.14588445074865178
Test022,136,136.tif,0.0890944972634315,193.85501098632807,0.1429647356271743,0.0241729603233698,0.1349171996116638,0.0353885570327011,0.0500028356909751,0,0.38538809114323935,0.14038841726586257
Test022,137,137.tif,0.0752525329589843,184.4755706787109,0.1146642342209816,0.0237740665886607,0.6110894680023193,0.1099835559121439,0.069667287170887,0,0.3158810396363051,0.17175280102939225
Test022,138,138.tif,0.0795148313045501,201.51515197753903,0.1059992313385009,0.0222050845654717,0.555736243724823,0.092367593071024,0.0755813792347908,0,0.3134542660124463,0.1586935949534507
Test022,139,139.tif,0.0803337544202804,185.88735961914065,0.107624851167202,0.0207158812892245,0.6344476938247681,0.097156794059397,0.0810788720846176,0,0.3468290707524512,0.17205847706731325
Test022,140,140.tif,0.0842967927455902,191.2041778564453,0.1236089169979095,0.0210881821082863,0.3729177713394165,0.0586113992126391,0.0787015780806541,0,0.3410058744272042,0.14332974177700863
Test022,141,141.tif,0.0943938493728637,198.9376373291016,0.1389637887477874,0.0225773853845335,0.32706218957901,0.0632848617112673,0.0842808336019516,0,0.33430250448541143,0.14459015454351054
Test022,142,142.tif,0.0865255743265152,206.2699737548828,0.1165785565972328,0.0220189341559408,0.0965141057968139,0.0158836797725756,0.0654608607292175,0,0.42927028907571385,0.13989966256351707
Test022,143,143.tif,0.0831935480237007,186.22601318359372,0.1366839110851287,0.0217795979151154,0.6969636678695679,0.1196947398538368,0.0709262937307357,0,0.33526410547742846,0.18436554954091428
Test022,144,144.tif,0.086622878909111,191.07862854003903,0.1221145763993263,0.0229762791192426,0.3695536255836487,0.063924213698191,0.0642797797918319,0,0.3335540681315696,0.1448131700282046
Test022,145,145.tif,0.1033183857798576,215.87998962402344,0.1373413056135177,0.0257951281778534,0.3341156840324402,0.0742959450595174,0.0674166828393936,0,0.31608072721275804,0.1468313797054896
Test022,146,146.tif,0.1023289933800697,228.97894287109372,0.1372221112251281,0.0233485799383044,0.2722566723823547,0.055263251462228,0.0658123642206192,0,0.35029690001378,0.1437733460276936
Test022,147,147.tif,0.089686669409275,172.72161865234375,0.1238960027694702,0.023508137432188,0.7452037334442139,0.1328541859927473,0.0892064720392227,0,0.3542083930808758,0.19926044811918583
Test022,148,148.tif,0.0841241478919982,181.3316192626953,0.1112153828144073,0.0244920753111371,0.5783164501190186,0.1077298524812474,0.0868134871125221,0,0.30372110703240796,0.16652722884659554
Test022,149,149.tif,0.1004526317119598,160.14608764648438,0.1242085397243499,0.0257951281778534,0.5609816312789917,0.1116218456232046,0.0963530167937278,0,0.2770384966996998,0.16124684094615316
Test022,150,150.tif,0.0921560749411583,214.9081115722656,0.1376911252737045,0.0239602169981916,0.3095284700393677,0.0639627269175179,0.0942863747477531,0,0.334116336484374,0.14500880978757472
Test022,151,151.tif,0.1011406183242797,145.22731018066406,0.1434259414672851,0.024385703648548,0.5505352020263672,0.1130306478425384,0.1058398485183715,0,0.26153699175935186,0.15758255101758245
Test022,152,152.tif,0.1022796556353569,195.48568725585935,0.1667277216911316,0.026539729815977,0.6604174375534058,0.1608069388955116,0.1114304065704345,0,0.2660179097119858,0.19237023014045385
Test022,153,153.tif,0.0936131626367569,194.2091522216797,0.1413198113441467,0.0261940219125624,0.7521820068359375,0.1620568033670748,0.1222957968711853,0,0.3261908160555873,0.21129700717362854
Test022,154,154.tif,0.1047237142920494,199.03500366210935,0.1663931757211685,0.0282682693330496,0.7035068273544312,0.181994040742093,0.1363702267408371,0,0.2723766006731919,0.20910880872142268
Test022,155,155.tif,0.1054079681634903,188.8278045654297,0.1761411428451538,0.0289330922242314,0.4411334991455078,0.1340987881346963,0.1503974497318267,0,0.21759617167514322,0.15914800319683037
Test022,156,156.tif,0.0979613438248634,226.7165679931641,0.1697435826063156,0.0276566322731624,0.5328336358070374,0.143086874818259,0.1564086973667144,0,0.2061590688812206,0.16200853303714746
Test022,157,157.tif,0.0961586534976959,194.03111267089844,0.1321350932121276,0.0276300393575151,0.4961196780204773,0.111760383988611,0.1465993672609329,0,0.2515823378005849,0.1537069701322032
Test022,158,158.tif,0.0971687510609626,236.3912811279297,0.1272781938314438,0.0285873843208169,0.3023794889450073,0.0699678441425993,0.128181591629982,0,0.3216233879056757,0.14546450727152221
Test022,159,159.tif,0.1002398878335952,181.84686279296875,0.1375942379236221,0.0282948622486969,0.2557187080383301,0.0654811700504619,0.104879006743431,0,0.3294658222093645,0.14467656569813267
Test022,160,160.tif,0.1085398644208908,228.760986328125,0.167759284377098,0.0280821189235187,0.2869956493377685,0.0907881322059687,0.0962168797850608,0,0.29022650013619555,0.15061964258503674
Test022,161,161.tif,0.1025601252913475,175.95079040527344,0.1773564368486404,0.0289064993085841,0.4969946146011352,0.1473233065898231,0.0970641672611236,0,0.19371923386169954,0.16124208477138602
Test022,162,162.tif,0.0974602550268173,226.86480712890625,0.1347887516021728,0.0266461014785661,0.4165543913841247,0.0924993779917287,0.0932119637727737,0,0.28436115948409113,0.15005791243943745
Test022,163,163.tif,0.0888140276074409,177.89822387695312,0.1317307949066162,0.0262738006595043,0.4565179944038391,0.097305104357889,0.0986794233322143,0,0.2748943044548199,0.15058186438696824
Test022,164,164.tif,0.1014950051903724,202.90093994140625,0.1647338718175888,0.0280555260078715,0.4471896290779114,0.1236339297651458,0.1103099733591079,0,0.23309807812109262,0.15647317427192983
Test022,165,165.tif,0.1018726527690887,154.35546875,0.162622332572937,0.0285607914051696,0.3292585015296936,0.0986147353685443,0.111875295639038,0,0.2772074504881942,0.15219254990443926
Test022,166,166.tif,0.083667404949665,175.98382568359375,0.13025563955307,0.0302095521753005,0.4263815879821777,0.1058150347829871,0.1035736426711082,0,0.26472133229300066,0.15348692403599115
Test022,167,167.tif,0.0826179981231689,191.4510040283203,0.1151464730501174,0.0297042867780023,0.638811469078064,0.148224964782392,0.1147187575697898,0,0.2923256099555176,0.19145515833432966
Test022,168,168.tif,0.095546618103981,185.6695098876953,0.1285155862569809,0.0301031805127114,0.4401718378067016,0.1074567932439067,0.1167490929365158,0,0.2619628723771674,0.15380861698388493
Test022,169,169.tif,0.1064617931842804,195.0636444091797,0.1758224964141845,0.0318849058610786,0.4703298211097717,0.156624055365394,0.1233471184968948,0,0.18725856566242338,0.1658144084545028
Test022,170,170.tif,0.1054337918758392,198.8482666015625,0.1696000844240188,0.0305818529943623,0.2621940970420837,0.0952685073402841,0.1226778775453567,0,0.28318224223905764,0.15164262780991616
Test022,171,171.tif,0.0975352078676223,190.6686553955078,0.1342883110046386,0.0313264546324859,0.5944993495941162,0.1544845527574795,0.132411777973175,0,0.24659096344121845,0.18211647596260117
Test022,172,172.tif,0.0996700227260589,181.0430145263672,0.1522437036037445,0.0303691096691841,0.4972120523452759,0.1384573139303675,0.1304582506418228,0,0.21257224138194286,0.16069179216584012
Test022,173,173.tif,0.0963732227683067,188.8355712890625,0.1728519201278686,0.0312998617168386,0.4733749628067016,0.1520516050446951,0.1393772065639495,0,0.19317569902221543,0.16438883323795117
Test022,174,174.tif,0.1041477918624877,202.8436737060547,0.1888879984617233,0.0302893309222423,0.5865106582641602,0.1844311110906071,0.1449386179447174,0,0.1896359706912214,0.1859925689707914
Test022,175,175.tif,0.0978445708751678,185.73599243164065,0.1425003260374069,0.0317785341984895,0.5425630807876587,0.1499364897098933,0.1558722108602523,0,0.21446845064798092,0.16929607799131957
Test022,176,176.tif,0.0925454348325729,174.15150451660156,0.1216647252440452,0.0317519412828422,0.4986443519592285,0.1246640042348672,0.1499080955982208,0,0.2369073688192591,0.15833701361018476
Test022,177,177.tif,0.0905429273843765,177.9404296875,0.1435058563947677,0.0333741091373258,0.3132279515266418,0.0984980324212432,0.1419162452220916,0,0.2748562858629442,0.1514055084537535
Test022,178,178.tif,0.1088116392493248,187.81463623046875,0.2055364996194839,0.0326029145835549,0.5786784887313843,0.2106372572269808,0.1536333858966827,0,0.15150979374481,0.19289901818232955
Test022,179,179.tif,0.1234669610857963,187.85177612304688,0.2211783081293106,0.0322040208488458,0.5853787660598755,0.2209947892956904,0.1609461009502411,0,0.13828201738368395,0.19618095772208846
Test022,180,180.tif,0.1173600554466247,190.6690673828125,0.18116295337677,0.0362993298585256,0.4310511350631714,0.1738883724801311,0.1657364815473556,0,0.16859792714944266,0.17230123888092455
Test022,181,181.tif,0.1050013229250907,206.09500122070312,0.1809915453195572,0.034278268269333,0.2740271687507629,0.1203740760943293,0.1648785173892974,0,0.2451937056031408,0.15781996494697276
Test022,182,182.tif,0.1083479300141334,196.27023315429688,0.1975840777158737,0.0372034889905329,0.4194410443305969,0.189374156902276,0.1830537319183349,0,0.14999638146910999,0.17756082427232617
Test022,183,183.tif,0.0985995307564735,181.15423583984372,0.1722075492143631,0.0363525156898202,0.4661850929260254,0.1768295143221874,0.1762921810150146,0,0.16380779526998623,0.17292299860652705
Test022,184,184.tif,0.1032496467232704,185.40513610839844,0.1413657665252685,0.0381076481225401,0.337502658367157,0.1195108282433503,0.1559953987598419,0,0.25246804402184875,0.15939799297689983
Test022,185,185.tif,0.1027282699942588,192.82525634765625,0.1500568240880966,0.0379746835443038,0.6276941299438477,0.215132275284587,0.1642441749572754,0,0.21292501709560452,0.21447009782789223
Test022,186,186.tif,0.1105780154466629,203.8413848876953,0.2117268443107605,0.0362195511115838,0.2768995761871338,0.1545189162811423,0.1710731387138366,0,0.19823724779088525,0.16763441573406518
Test022,187,187.tif,0.113096073269844,209.8879547119141,0.2308033108711242,0.035155834485693,0.126529574394226,0.1229276707558977,0.1577838361263275,0,0.243747973438187,0.1591737615605845
Test022,188,188.tif,0.111461155116558,214.9859161376953,0.2213849574327469,0.034863312413573,0.1356875300407409,0.1167654266754894,0.1457710266113281,0,0.251982385120578,0.157330514209016
Test022,189,189.tif,0.1039264127612114,154.3520050048828,0.1707855761051178,0.0360599936177002,0.2482334375381469,0.1113482526707017,0.1441385149955749,0,0.2552172092768461,0.154508939652545
Test022,190,190.tif,0.1158196404576301,172.82748413085938,0.2114501744508743,0.0359536219551111,0.4290904998779297,0.1967031741984354,0.1404526978731155,0,0.13554119191414127,0.17835457951314715
Test022,191,191.tif,0.1207563653588295,177.29969787597656,0.2502018809318542,0.0343580470162748,0.33299320936203,0.1915427596431591,0.1478574573993683,0,0.1417132627461435,0.17659391057405438
Test022,192,192.tif,0.1108376607298851,211.44580078125,0.184971272945404,0.033294330390384,0.2066110968589782,0.101828884525595,0.1436376869678497,0,0.2723948987626641,0.15299868879671574
Test022,193,193.tif,0.0948211997747421,190.01907348632807,0.1525667160749435,0.0331347728965003,0.2690067887306213,0.0930106587090456,0.1388867497444152,0,0.2833110213463865,0.15010076750024787
Test022,194,194.tif,0.0975510999560356,197.2600250244141,0.1434869170188903,0.0319912775236677,0.5130624771118164,0.1443393519551431,0.1454849690198898,0,0.20569730842751166,0.16274673889685365
Test022,195,195.tif,0.1178358346223831,186.4037628173828,0.2454601526260376,0.0293053930432932,0.5242096781730652,0.2009687191282095,0.1463380753993988,0,0.10095439352332902,0.17096442144674534
Test022,196,196.tif,0.1157485619187355,187.5822296142578,0.2105334401130676,0.0300234017657696,0.4312368631362915,0.160892907792805,0.1402080953121185,0,0.17567650017451086,0.16532798550731675
Test022,197,197.tif,0.0977790877223014,160.5493621826172,0.1405408829450607,0.0292256142963514,0.295199453830719,0.0788583250755802,0.1356139928102493,0,0.30781834144510745,0.14754632998643838
Test022,198,198.tif,0.0784662887454032,190.7787933349609,0.1203735694289207,0.0322040208488458,0.3939070701599121,0.1000421581889298,0.1370202898979187,0,0.27539892760606166,0.15264918901406935
Test022,199,199.tif,0.1021828651428222,202.9939422607422,0.1749855577945709,0.0285873843208169,0.5531544089317322,0.1564419234607285,0.1394408047199249,0,0.20262540835510257,0.1702969689290407
Test022,200,200.tif,0.1114466488361358,207.68502807617188,0.2089294344186782,0.0311668971386022,0.6451375484466553,0.2190086747307546,0.1430487930774688,0,0.18531003491369535,0.20889908278563682
Test023,1,001.tif,0.0,0.0,0.0,1.0,0.0,0.0,0.0,0,0.999761782286739,0.29992853468602165
Test023,2,002.tif,0.0863449797034263,190.9434814453125,0.1264476031064987,0.0035102648654398,0.4738429188728332,0.0010222181659674,0.0010222181444987,0,0.3945424899823802,0.11907829971089123
Test023,3,003.tif,0.0988377407193183,182.18995666503903,0.1564651429653167,0.0028986278055526,0.5004686117172241,0.0,0.0005111090722493,0,0.36279910562659323,0.10883973168797796
Test023,4,004.tif,0.1129609122872352,202.5118865966797,0.2227843999862671,0.0024731411551962,0.4163488149642944,0.0,0.0003407393814995,0,0.3319936829669208,0.09959810489007623
Test023,5,005.tif,0.1027003228664398,175.74127197265625,0.1738243550062179,0.0009573449633017,0.5199435353279114,0.0,0.0002555545361246,0,0.3506014638396253,0.10518043915188759
Test023,6,006.tif,0.0878878310322761,210.22366333007807,0.133262351155281,0.0015955749388362,0.4612976312637329,0.0,0.0002044436259893,0,0.4018123945819,0.12054371837457
Test023,7,007.tif,0.0922691971063613,150.6638946533203,0.132119819521904,0.0007977874694181,0.531743049621582,0.0,0.0,0,0.39216415308046715,0.11764924592414014
Test023,8,008.tif,0.1089085862040519,209.327392578125,0.2303321659564972,0.0011169024571854,0.4527375102043152,0.0,0.0,1,0.31956842940297303,0.0958705288208919
Test023,9,009.tif,0.1046252846717834,210.7250213623047,0.1973741948604583,0.001568982023189,0.6011431217193604,0.0,0.0,1,0.3527755097588108,0.10583265292764323
Test023,10,010.tif,0.1022770926356315,210.78912353515625,0.1747407615184784,0.0002393362408254,0.9121376276016236,0.0,0.0,1,0.47091990815729357,0.14127597244718806
Test023,11,011.tif,0.0980846285820007,159.7921905517578,0.1544928699731826,0.0018880970109562,0.6752780675888062,0.0,0.0,1,0.41195054990777713,0.12358516497233313
Test023,12,012.tif,0.1092548891901969,203.9023284912109,0.2229687422513961,0.0023667694926071,0.5936257839202881,0.0,0.0,1,0.32207692378458563,0.09662307713537568
Test023,13,013.tif,0.1186399459838867,152.4722442626953,0.215640053153038,0.0036166365280289,0.4716557264328003,0.0022552507518363,0.0004510501457843,1,0.31349293244625687,0.09562655526016246
Test023,14,014.tif,0.0942879095673561,172.83602905273438,0.1576906889677047,0.0009041591320072,0.3364756107330322,0.0,0.0004510501457843,1,0.42230038530698777,0.12669011559209634
Test023,15,015.tif,0.090448647737503,172.50302124023438,0.1394108831882476,0.0010371237102435,0.2494494915008545,0.0,0.0004510501457843,1,0.46094259121103154,0.13828277736330946
Test023,16,016.tif,0.1018364354968071,187.28094482421875,0.189996913075447,0.0011434953728326,0.5626819133758545,0.0,0.0004510501457843,1,0.34897677473707556,0.10469303242112267
Test023,17,017.tif,0.1110547557473182,187.2964782714844,0.2322849482297897,0.0028986278055526,0.663774847984314,0.0,0.0004510501457843,1,0.3344804043340863,0.1003441213002259
Test023,18,018.tif,0.1006399020552635,196.1488037109375,0.1861560642719268,0.0027124773960217,0.6732635498046875,0.0,0.0,1,0.38037338591210423,0.11411201577363127
Test023,19,019.tif,0.0845677927136421,189.5612945556641,0.1289065331220626,0.0028720348899053,0.2611151337623596,0.0,0.0,1,0.45781498249648056,0.13734449474894417
Test023,20,020.tif,0.0916285216808319,189.5314178466797,0.1559043228626251,0.0014892032762472,0.6637628078460693,0.0,0.0,1,0.4091833224833301,0.12275499674499903
Test023,21,021.tif,0.1078115329146385,184.63815307617188,0.2393795102834701,0.000983937878949,0.5746637582778931,0.0,0.0,1,0.3071227615413561,0.09213682846240683
Test023,22,022.tif,0.1106189712882042,198.26194763183597,0.206602856516838,0.0051058398042761,0.6228291392326355,0.0139471575933884,0.0027894314844161,1,0.33294665892044417,0.10964700799150513
Test023,23,023.tif,0.10457743704319,177.72885131835938,0.166301742196083,0.0046803531539197,0.6086924076080322,0.0090931240215808,0.0046080565080046,1,0.36741629119217256,0.11659007417275832
Test023,24,024.tif,0.0927358046174049,179.74301147460938,0.1424246728420257,0.0039091586001489,0.3600350618362427,0.002337715849776,0.0050755995325744,1,0.4138711114077158,0.12579773451715795
Test023,25,025.tif,0.1146191954612732,192.30960083007807,0.2070224434137344,0.0047601319008616,0.576796293258667,0.0107349933998561,0.0072225979529321,1,0.3185412759584261,0.1030768781674271
Test023,26,026.tif,0.1215733811259269,207.85012817382807,0.2178609520196914,0.0052122114668652,0.657321035861969,0.0158999245744401,0.0104025825858116,1,0.33354174391809976,0.11119247037753799
Test023,27,027.tif,0.1166694834828376,153.4228515625,0.1828140020370483,0.0088022550792468,0.9089518785476683,0.0525681724022342,0.0181267857551574,1,0.42605913298187337,0.16461546057612592
Test023,28,028.tif,0.1043489873409271,176.7803192138672,0.1586225628852844,0.0063291139240506,0.5041904449462891,0.0163158993628906,0.019571341574192,1,0.3418582794345154,0.11397861338437804
Test023,29,029.tif,0.104890689253807,186.08399963378903,0.1830147355794906,0.0061163705988724,0.7028217315673828,0.0219122302053475,0.0234862435609102,1,0.3756277142358234,0.12802687541449026
Test023,30,030.tif,0.1279119104146957,224.57521057128903,0.2329583615064621,0.0078715030315923,0.6629184484481812,0.0396603207854765,0.0292713101953268,1,0.3065650950867209,0.11973175307584982
Test023,31,031.tif,0.1114261075854301,192.87245178222656,0.190104067325592,0.0097064142112541,0.8301047086715698,0.0578985807406555,0.0376710407435894,1,0.3918970881040722,0.1580981329496805
Test023,32,032.tif,0.1068538799881935,230.90011596679688,0.1748268455266952,0.0098659717051377,0.5244098901748657,0.039068889223133,0.034971185028553,1,0.30331501014104534,0.1183427254985067
Test023,33,033.tif,0.1058875992894172,227.28955078125,0.1712722182273864,0.0089086267418359,0.5226160287857056,0.0327997307235759,0.0382679514586925,1,0.3114486591467669,0.1163944092505332
Test023,34,034.tif,0.1387613266706466,245.013671875,0.2649642527103424,0.0090681842357196,0.8092983961105347,0.0621479952576116,0.0463151037693023,1,0.3203650897123055,0.13961312359401976
Test023,35,035.tif,0.1372133940458297,160.09262084960938,0.240016832947731,0.0143069886182321,0.8473320007324219,0.11497222316536,0.0613774843513965,1,0.3290323921723385,0.17919027386745354
Test023,36,036.tif,0.1244502887129783,195.14976501464844,0.2469280362129211,0.0139346877991703,0.8870850205421448,0.1166917233497427,0.0731361135840416,1,0.3380557705512979,0.18310093751020926
Test023,37,037.tif,0.1125199794769287,156.03359985351562,0.1903337687253952,0.0133762365705775,0.7891802787780762,0.087336926246919,0.0827897265553474,1,0.36037111603054095,0.16924718318200557
Test023,38,038.tif,0.1282363086938858,177.07887268066406,0.2399117052555084,0.0116211041378576,0.9506396651268004,0.0945451173471477,0.0951388031244278,1,0.3771437182487076,0.17932469761761566
Test023,39,039.tif,0.1344518214464187,140.1556854248047,0.2216115593910217,0.0131369003297521,0.9007499814033508,0.1027877049971747,0.1032667383551597,1,0.3697665184964173,0.18288134904694747
Test023,40,040.tif,0.1090784817934036,167.19744873046875,0.1935901641845703,0.0140942452930539,0.8745183348655701,0.1025471918009701,0.1007817238569259,1,0.3813190938757727,0.18617876242341086
Test023,41,041.tif,0.0959020778536796,169.92120361328125,0.1578216552734375,0.0134294224018721,0.5907043218612671,0.0616887739225542,0.0897811502218246,1,0.3235310786150538,0.14024146533030407
Test023,42,042.tif,0.1043252646923065,178.68133544921875,0.1793917566537857,0.0134028294862248,0.5636664628982544,0.0646860599051723,0.085250973701477,1,0.29306099741651337,0.1331985411585746
Test023,43,043.tif,0.1326332092285156,180.2798309326172,0.2771642804145813,0.0142538027869375,0.7142773866653442,0.1119759893665987,0.0887371450662612,1,0.24705698137777798,0.15250028696995246
Test023,44,044.tif,0.1240207999944686,188.3282165527344,0.2535054981708526,0.0145463248590575,0.7468113899230957,0.1113873196702445,0.0904570668935775,1,0.2786958800745575,0.16157988779153837
Test023,45,045.tif,0.11845613270998,177.49349975585938,0.2336486577987671,0.0156366344005956,0.7228659987449646,0.1133068735230106,0.0926090031862258,1,0.2837869575487363,0.1644508987307283
Test023,46,046.tif,0.1157611981034278,186.77975463867188,0.2164141535758972,0.0161684927135411,0.673402726650238,0.1069208675103659,0.1016554236412048,1,0.2800489739862735,0.15885929945313818
Test023,47,047.tif,0.1298258155584335,171.36453247070312,0.268961489200592,0.0153972981597702,0.6079121232032776,0.1097781202371869,0.1106738299131393,1,0.20313828795291544,0.13778617055190545
Test023,48,048.tif,0.1233639419078826,177.0926513671875,0.2299237847328186,0.0150781831720029,0.6719134449958801,0.1017894564564923,0.1086365357041359,1,0.2719936131515285,0.15285070346500315
Test023,49,049.tif,0.124323584139347,195.9573516845703,0.210153043270111,0.0156898202318902,0.5035256147384644,0.0824537508619551,0.1028498187661171,1,0.23753986847348263,0.12897958614541336
Test023,50,050.tif,0.1176245659589767,182.896240234375,0.1909906268119812,0.0157430060631847,0.4445720314979553,0.0702681558580362,0.0942420735955238,1,0.279614134800125,0.13307194954066282
Test023,51,051.tif,0.1234829202294349,186.71826171875,0.2322117239236831,0.0170194660142538,0.6269654035568237,0.1138991867110576,0.0956377387046814,1,0.24098891726220184,0.15202610587640086
Test023,52,052.tif,0.1255522668361663,183.1097717285156,0.2484010010957718,0.015477076906712,0.621118426322937,0.1055265617066965,0.0947874188423156,1,0.23065144975477248,0.1430640281211193
Test023,53,053.tif,0.1248634532094001,187.1237335205078,0.2601950466632843,0.0154504839910647,0.6353538036346436,0.1104755031190261,0.096524640917778,1,0.2235732161700743,0.14440481703434055
Test023,54,054.tif,0.1250562816858291,190.95330810546875,0.2343578040599823,0.016647165195192,0.6066293716430664,0.1091580372820802,0.1018654853105545,1,0.23301301426888688,0.1463145303781222
Test023,55,055.tif,0.1348889768123626,184.51063537597656,0.2336556911468505,0.0175513243271992,0.6498138904571533,0.121694104616951,0.1121506839990615,1,0.24507387271168946,0.15870803504537254
Test023,56,056.tif,0.1244281455874443,184.2084045410156,0.2425624281167984,0.0185618551217955,0.5850943326950073,0.1250845323507923,0.1143877357244491,1,0.2034049450967207,0.14858065617457084
Test023,57,057.tif,0.1129973083734512,199.66392517089844,0.2073840647935867,0.0180831826401446,0.5699918270111084,0.1059408266456336,0.1144706010818481,1,0.23903357779442203,0.1458686519902701
Test023,58,058.tif,0.1088017672300338,180.76470947265625,0.2011705636978149,0.0163280502074247,0.3526466488838196,0.066411069827867,0.1056577116250991,1,0.2994733736693317,0.1363297609803064
Test023,59,059.tif,0.1158758774399757,194.28355407714844,0.1885968446731567,0.0165939793638974,0.3644639253616333,0.0648810818767661,0.0968023240566253,1,0.30615532881658325,0.13726335595871125
Test023,60,060.tif,0.1293211132287979,177.8771209716797,0.2454093098640442,0.0168599085203701,0.6271682977676392,0.117167112214932,0.0958969295024871,1,0.22778107012601723,0.15035129958825755
Test023,61,061.tif,0.1286720186471939,203.5534210205078,0.2156311273574829,0.0197319434102755,0.6430758237838745,0.1317485119832474,0.0972297191619873,1,0.24853045646888738,0.1667830953289394
Test023,62,062.tif,0.1198485940694809,174.60592651367188,0.2142369747161865,0.0175247314115519,0.4984964728355407,0.0954877131711646,0.0951391011476516,1,0.2238134333582159,0.13398542922728
Test023,63,063.tif,0.1093799471855163,204.0470733642578,0.1646274626255035,0.0189341559408573,0.3421612381935119,0.0636524035819101,0.0945873633027076,1,0.32433679889269096,0.14185772217514436
Test023,64,064.tif,0.1191234067082405,186.6455993652344,0.2015473842620849,0.0199978725667482,0.3811327815055847,0.0894177783029183,0.0994947031140327,1,0.267674396923528,0.14289476388910122
Test023,65,065.tif,0.1127577126026153,197.09494018554688,0.1934798508882522,0.0209286246144027,0.490149974822998,0.1076646465325858,0.09759421646595,1,0.2287590614808399,0.14399297101706204
Test023,66,066.tif,0.1088571771979332,214.60610961914065,0.1851471811532974,0.0188277842782682,0.3531216979026794,0.0728431942754172,0.0858131498098373,1,0.3011656246813964,0.14133992339721096
Test023,67,067.tif,0.1097241342067718,133.2407989501953,0.1643241792917251,0.0198383150728645,0.2314314842224121,0.0510947433718574,0.0769345536828041,1,0.35717234773006157,0.14291802467931863
Test023,68,068.tif,0.105236604809761,168.85665893554688,0.1693823635578155,0.0191468992660355,0.4392968416213989,0.0799757636652238,0.0801992267370224,1,0.28394025251604027,0.14116511032046875
Test023,69,069.tif,0.1140177249908447,185.991943359375,0.2079988867044448,0.0190937134347409,0.5612289905548096,0.1121982487410425,0.0847553163766861,1,0.2287562436537356,0.14716564721485043
Test023,70,070.tif,0.1113077104091644,192.52197265625,0.1840480118989944,0.0191468992660355,0.5140087604522705,0.0963149548068489,0.0824853777885437,1,0.24050017950185543,0.13957052221535085
Test023,71,071.tif,0.11337660998106,182.49786376953125,0.1866474002599716,0.0198383150728645,0.3669193387031555,0.0802138256261088,0.0839595049619674,1,0.2890139903263075,0.14285387503616842
Test023,72,072.tif,0.1046295538544654,214.8632354736328,0.1637970060110092,0.0218593766620572,0.2753729224205017,0.0642479205702885,0.0865901485085487,1,0.3323715552561197,0.14468501097603786
Test023,73,073.tif,0.1027787402272224,187.98692321777344,0.1853305697441101,0.0209286246144027,0.3295305371284485,0.0791050209562936,0.0864159911870956,1,0.29768348670705647,0.14467856068152246
Test023,74,074.tif,0.104608915746212,226.6071929931641,0.1612281203269958,0.0196255717476864,0.3451632857322693,0.0654776994353328,0.0770718902349472,1,0.32281061308870485,0.14267757353134441
Test023,75,075.tif,0.1055718287825584,202.39427185058597,0.1641213446855545,0.0201042442293373,0.1799001693725586,0.0442132561066122,0.0666515454649925,1,0.3727350303023401,0.14276978836533055
Test023,76,076.tif,0.1129841208457946,228.5819549560547,0.1824438273906707,0.0212477396021699,0.2299273610115051,0.0634956710600251,0.063307911157608,1,0.33356879561263153,0.14451760842580702
Test023,77,077.tif,0.1266713589429855,225.4431915283203,0.2014136314392089,0.0216998191681736,0.3840011954307556,0.0989164918836895,0.070241630077362,1,0.25670699567426813,0.14625364302086308
Test023,78,078.tif,0.1227188035845756,231.1887359619141,0.1807690262794494,0.0214338900117008,0.4875955581665039,0.1044609693815755,0.075312815606594,1,0.24040413099284408,0.14524391786495605
Test023,79,079.tif,0.116337850689888,161.8841094970703,0.198650062084198,0.0225773853845335,0.4572187662124634,0.1146768523670599,0.08515265583992,1,0.22595780814779154,0.14806113910127938
Test023,80,080.tif,0.1083687245845794,200.0958709716797,0.1783550828695297,0.0238272524199553,0.2948812842369079,0.0821872082820687,0.0927474349737167,1,0.30078011728443155,0.14776508098277755
Test023,81,081.tif,0.1241261735558509,159.11917114257812,0.2087658494710922,0.023215615360068,0.2075111269950866,0.0798852227762646,0.0960253477096557,1,0.30539532076194775,0.14753825217196953
Test023,82,082.tif,0.1179670542478561,197.27197265625,0.2101084142923355,0.0244920753111371,0.3507366180419922,0.1124030987943821,0.0987226665019989,1,0.24353996602487338,0.15174415896352947
Test023,83,083.tif,0.1192128434777259,141.21449279785156,0.1896872669458389,0.0235879161791298,0.2103235125541687,0.0720107156181331,0.092232622206211,1,0.32086344184255344,0.14666653348545922
Test023,84,084.tif,0.1113656908273696,192.3190460205078,0.19116972386837,0.0237474736730135,0.191386342048645,0.0699450530909795,0.0832862630486488,1,0.32513856005049224,0.1465031051788333
Test023,85,085.tif,0.1182457506656646,144.60568237304688,0.1880391985177993,0.0256887565152643,0.1844621896743774,0.073426733303861,0.0815341621637344,1,0.32003125507952535,0.14740808983656029
Test023,86,086.tif,0.1360130310058593,197.26063537597656,0.2469885945320129,0.0242527390703116,0.389822781085968,0.1380324214384269,0.0931636095046997,1,0.18858487624488707,0.15319815788036495
Test023,87,087.tif,0.1286038607358932,195.2151031494141,0.2201562225818634,0.0240399957451334,0.4207144975662231,0.1280788297334884,0.0962987393140792,1,0.2076537856006262,0.15195131649362972
Test023,88,088.tif,0.1216590330004692,220.0354156494141,0.1932112425565719,0.0256887565152643,0.2410709261894226,0.0875180130840546,0.0994002074003219,1,0.29493670781866776,0.14974362150443854
Test023,89,089.tif,0.1091001629829406,229.1700897216797,0.1774184554815292,0.0255557919370279,0.1292213797569275,0.0561602165550319,0.0966432392597198,1,0.349492586396824,0.14415992750756954
Test023,90,090.tif,0.1179830506443977,181.8077850341797,0.2079837918281555,0.0268854377193915,0.1929644346237182,0.091097632584716,0.1001774221658706,1,0.2908264731560266,0.15101628475610918
Test023,91,091.tif,0.1306556463241577,186.49436950683597,0.2363004386425018,0.0260610573343261,0.2041835784912109,0.1065895876166136,0.0938888564705848,1,0.2625301550626703,0.1533717578504306
Test023,92,092.tif,0.1219584345817565,173.244140625,0.2177151292562484,0.0264333581533879,0.1038857698440551,0.0769798644958332,0.0836690664291381,1,0.3155005378074427,0.14853606648931605
Test023,93,093.tif,0.0989976972341537,184.5516662597656,0.1882301568984985,0.0278693755983406,0.074237585067749,0.0568878255971581,0.0775430276989936,1,0.3458247609565178,0.143568906204966
Test023,94,094.tif,0.1127412244677543,165.9806671142578,0.1853641718626022,0.0275768535262206,0.2403374910354614,0.0898769742946207,0.0842863768339157,1,0.29237834554731157,0.15062738567042794
Test023,95,095.tif,0.1234231516718864,181.83441162109372,0.207677811384201,0.0282682693330496,0.3250326514244079,0.1252165968276185,0.0911101698875427,1,0.2332005237833199,0.1576117749143289
Test023,96,096.tif,0.1217007413506507,175.05294799804688,0.2202632427215576,0.0298106584405914,0.2756368517875671,0.1299372449092254,0.0957797020673751,1,0.22949082722792236,0.15980331960483446
Test023,97,097.tif,0.1231078878045082,177.15591430664062,0.2358661144971847,0.0286405701521114,0.2419987320899963,0.1267940648913948,0.1057425513863563,1,0.23296083581187266,0.15864409616753816
Test023,98,098.tif,0.1171011105179786,172.3789825439453,0.2128393799066543,0.0289596851398787,0.1810543537139892,0.0995884842415757,0.1142826825380325,1,0.27843303958914734,0.15324185084584718
Test023,99,099.tif,0.1189341023564338,175.3016357421875,0.2011253386735916,0.0274970747792788,0.3137885928153991,0.1149217461314137,0.1192916259169578,1,0.24925131306118242,0.1552206162103443
Test023,100,100.tif,0.113391064107418,172.93177795410156,0.1935112327337265,0.0280023401765769,0.3077195882797241,0.1112074330754961,0.1164898052811622,1,0.25658512392482635,0.15482074033029516
Test023,101,101.tif,0.1290986537933349,187.99560546875,0.20240518450737,0.0286671630677587,0.121242344379425,0.0783752462966828,0.1061773896217346,1,0.3120035978074037,0.14846375174989906
Test023,102,102.tif,0.1239298582077026,190.21075439453125,0.235129103064537,0.030262738006595,0.1229314804077148,0.1061835151017804,0.1020552888512611,1,0.2696109120002609,0.15521173417132453
Test023,103,103.tif,0.132585659623146,186.59971618652344,0.2457923293113708,0.028986278055526,0.3255075812339782,0.1538699001137748,0.1129115596413612,1,0.18596650124609282,0.1634988804534702
Test023,104,104.tif,0.1210125163197517,175.43824768066406,0.2382480949163437,0.0282416764174024,0.3657170534133911,0.1534329859007791,0.1206138134002685,1,0.18273444503347314,0.1622234236405873
Test023,105,105.tif,0.1285656243562698,201.1602783203125,0.2227281928062439,0.0291724284650569,0.3263161778450012,0.1399605396069115,0.1263644397258758,1,0.21054371247512393,0.1611354914673752
Test023,106,106.tif,0.1314486861228943,183.12245178222656,0.240653783082962,0.0295447292841187,0.1633577942848205,0.1163776356191845,0.1339649111032486,1,0.252816539416017,0.15730930675823424
Test023,107,107.tif,0.1382785588502884,167.66302490234375,0.2714112401008606,0.0294649505371768,0.2408403754234314,0.1543484638328594,0.1435979157686233,1,0.1886484667332592,0.16463846470297933
Test023,108,108.tif,0.1411975026130676,186.7803497314453,0.2738370597362518,0.0302095521753005,0.3285459280014038,0.1811387846577964,0.1490516662597656,1,0.14345418241992347,0.16983340398643448
Test023,109,109.tif,0.1372542977333068,141.1898956298828,0.2538008391857147,0.0302893309222423,0.1184860467910766,0.1180755765152154,0.1419802010059356,1,0.251648001326915,0.15814730395872528
Test023,110,110.tif,0.1261646300554275,209.69476318359372,0.2212449312210083,0.031140304222955,0.1458139419555664,0.1053837283140893,0.1350648403167724,1,0.27026373396743775,0.15484773001009383
Test023,111,111.tif,0.1235818639397621,191.2061767578125,0.2341842502355575,0.0290394638868205,0.104897141456604,0.0966724061818246,0.1311237961053848,1,0.28430222018791673,0.15296135038365222
Test023,112,112.tif,0.1327136009931564,204.6529693603516,0.2542201280593872,0.0297574726092968,0.3297443985939026,0.1651514731974563,0.1332843899726867,1,0.16933986548921043,0.16640799088498254
Test023,113,113.tif,0.1466011554002761,142.550048828125,0.2661527395248413,0.0297840655249441,0.2848058342933655,0.1629119724916235,0.1296390295028686,1,0.17424114684227843,0.16631072479681996
Test023,114,114.tif,0.1434672325849533,194.90440368652344,0.2564607262611389,0.0294649505371768,0.2554222345352173,0.1477325754958208,0.1355704367160797,1,0.19964734498334957,0.16330700634207942
Test023,115,115.tif,0.1360261142253875,157.43780517578125,0.2626570165157318,0.0311668971386022,0.1721064448356628,0.1413293729204693,0.1427595615386963,1,0.21569897349550404,0.1636402530929797
Test023,116,116.tif,0.1251067072153091,179.8917694091797,0.2354457527399063,0.0313530475481331,0.2557658553123474,0.143443119517616,0.1521137058734893,1,0.2111014821456192,0.16374062830601696
Test023,117,117.tif,0.1370862424373626,147.48692321777344,0.2535640001296997,0.0315657908733113,0.2546893358230591,0.1573121607188247,0.1505458354949951,1,0.18973537812473196,0.16703912594059686
Test023,118,118.tif,0.1382761001586914,164.85829162597656,0.2713573575019836,0.0294649505371768,0.1351185441017151,0.1300037441375838,0.1439642012119293,1,0.23139495890647155,0.16042110856825012
Test023,119,119.tif,0.1428142338991165,132.0113067626953,0.2781106829643249,0.0289330922242314,0.0905484557151794,0.1217357702581461,0.1387648284435272,1,0.25032309885393345,0.1603119688368823
Test023,120,120.tif,0.1307269781827926,182.4039001464844,0.274258553981781,0.0271513668758642,0.0546074509620666,0.1034083177708144,0.1311806142330169,1,0.27291575790884703,0.1542605498122242
Test023,121,121.tif,0.1394339352846145,167.36480712890625,0.2758198082447052,0.0287469418147005,0.2790823578834533,0.1615288096058987,0.1347977668046951,1,0.17302538171453552,0.16497778123848972
Test023,122,122.tif,0.1375667452812194,196.5178680419922,0.2674707472324371,0.0268854377193915,0.2355467677116394,0.1356834105943025,0.1304720193147659,1,0.21173101470021893,0.15849769182607742
Test023,123,123.tif,0.1317542493343353,145.89964294433594,0.2564271688461303,0.0261674289969152,0.1654869318008422,0.1110402926260796,0.1266793310642242,1,0.2555082535080485,0.15438068089067028
Test023,124,124.tif,0.125676229596138,191.5748748779297,0.2636224627494812,0.0254228273587916,0.2247873544692993,0.1230178663404066,0.1269357353448867,1,0.22935331888061883,0.15491850210247027
Test023,125,125.tif,0.1296711564064026,168.79518127441406,0.2720140218734741,0.0262738006595043,0.2632277011871338,0.140418977103216,0.1343378722667694,1,0.1992723881298445,0.15807500041120454
Test023,126,126.tif,0.1349084973335266,211.03370666503903,0.2777409851551056,0.0268056589724497,0.3508970141410827,0.1652080017309212,0.1350737065076828,1,0.15758085051620774,0.16291985636650716
Test023,127,127.tif,0.1334585100412368,179.37071228027344,0.317242830991745,0.0288001276459951,0.2601487636566162,0.1845421718940776,0.1448454558849334,1,0.22717869665861345,0.19733312932343833
Test023,128,128.tif,0.1491991579532623,210.5179748535156,0.3499055206775665,0.0294649505371768,0.3339512348175049,0.2280960905867272,0.1682566106319427,1,0.2295460395091543,0.2285310752634553
Test023,129,129.tif,0.1527702510356903,213.57077026367188,0.3623228669166565,0.0305818529943623,0.3989085555076599,0.2620267592987298,0.1960584223270416,1,0.210360216822705,0.24652679655592236
Test023,130,130.tif,0.160258486866951,183.08966064453125,0.4057884216308594,0.0314062333794277,0.5036773681640625,0.3269403537828405,0.2333626747131347,1,0.21131682033881227,0.292253293749632
Test023,131,131.tif,0.1724549084901809,184.7790069580078,0.4212064445018768,0.0309275608977768,0.5612180233001709,0.3462018877099618,0.2695614695549011,1,0.24098030801771508,0.31463541380228777
Test023,132,132.tif,0.1742143481969833,188.64979553222656,0.4535913467407226,0.031539197957664,0.6207067966461182,0.3919228658455939,0.3110376000404358,1,0.2931737627167931,0.3622981349069536
Test023,133,133.tif,0.1751411706209182,179.21617126464844,0.4258628189563751,0.030555260078715,0.8467180728912354,0.4131535134179174,0.3480490744113922,1,0.35028966418686736,0.39429435864860235
Test023,134,134.tif,0.1730556637048721,193.8932037353516,0.4154801964759826,0.0294915434528241,0.7472696900367737,0.3672274437062515,0.3690892159938812,1,0.3121772559838536,0.3507123873895321
Test023,135,135.tif,0.175350546836853,186.26329040527344,0.4131636917591095,0.0305818529943623,0.6980158090591431,0.369078422942512,0.3775168061256408,1,0.28614091721920143,0.3441971712255188
Test023,136,136.tif,0.1731624752283096,180.06552124023438,0.4221912622451782,0.0328422508243803,0.6079294681549072,0.3830350539930175,0.3848834633827209,1,0.2485210290325054,0.34268084650486386
Test023,137,137.tif,0.1737667620182037,176.82826232910156,0.4351925849914551,0.0318849058610786,0.6653026342391968,0.3945156735460541,0.3854020237922668,1,0.28896817924997387,0.36285142525723
Test023,138,138.tif,0.1622435897588729,173.72947692871094,0.4102111160755157,0.0325763216679076,0.6887913346290588,0.391454779463188,0.3810622692108154,1,0.26821117436103536,0.3544816979325422
Test023,139,139.tif,0.1761585921049118,175.09376525878906,0.3944666385650635,0.0343580470162748,0.7153106927871704,0.4100311261043958,0.3896230161190033,1,0.25126638286493785,0.36240170313255843
Test023,140,140.tif,0.168060153722763,189.18186950683597,0.380746841430664,0.0332677374747367,0.593459963798523,0.3530900841017774,0.3864253461360931,1,0.19460012918986014,0.3055430976282022
Test023,141,141.tif,0.1692737787961959,172.6144256591797,0.3883937001228332,0.0338527816189767,0.598526656627655,0.3672892691829482,0.3832761645317077,1,0.201587572630902,0.31757876021733433
Test023,142,142.tif,0.168023020029068,198.4775848388672,0.4034187495708465,0.032416764174024,0.7414900064468384,0.3977666721427779,0.3839263916015625,1,0.28171608387595315,0.36295149566273044
Test023,143,143.tif,0.1518915444612503,200.4526824951172,0.3624460697174072,0.0311137113073077,0.8602844476699829,0.3799785841074404,0.3816311955451965,1,0.2912049304585751,0.3533464880127808
Test023,144,144.tif,0.1410513073205948,190.8598480224609,0.3297848999500274,0.0302893309222423,0.676194429397583,0.3026051515451598,0.3601459562778473,1,0.18986518343593417,0.2687831611123921
Test023,145,145.tif,0.1422489285469055,192.8996124267578,0.3406573534011841,0.0311668971386022,0.4979918003082275,0.2765173558105425,0.3448314070701599,1,0.13952534815740958,0.2354197535146026
Test023,146,146.tif,0.1413316875696182,165.3269500732422,0.3449524044990539,0.0324699500053185,0.5850961208343506,0.3149511249433346,0.3343637883663177,1,0.1546321737624109,0.2668554395890575
Test023,147,147.tif,0.156746044754982,159.54083251953125,0.3645587861537933,0.0346239761727475,0.6670475006103516,0.3763862928733625,0.3300876915454864,1,0.19776883457712158,0.32280105538449017
Test023,148,148.tif,0.159273162484169,183.9738006591797,0.3765582144260406,0.0363525156898202,0.8718065619468689,0.466700359146515,0.3474320471286773,1,0.27976343916703106,0.41061928315266977
Test023,149,149.tif,0.1645596921443939,179.5150146484375,0.4009799361228943,0.0386926922667801,0.8180662989616394,0.5050240364490048,0.3879157900810241,1,0.2900817736677106,0.44054135761461655
Test023,150,150.tif,0.1711343675851822,176.10125732421875,0.412863940000534,0.0387724710137219,0.7449464797973633,0.49411470432078,0.4314352869987488,1,0.2757629001714793,0.4286091630759898
Test023,151,151.tif,0.1768321990966797,173.53271484375,0.441849410533905,0.0396500372300819,0.6200476884841919,0.4932856726790909,0.4671021997928619,1,0.2641326929840522,0.42453977877057925
Test023,152,152.tif,0.1838375627994537,179.9874267578125,0.4508392214775085,0.0418838421444527,0.7791343927383423,0.5863308105149042,0.5090911388397217,1,0.34200540513226474,0.5130331889001123
Test023,153,153.tif,0.1972816437482834,176.4015655517578,0.4809374511241913,0.0431337091798744,0.8424829840660095,0.644703505314104,0.5446917414665222,1,0.3955329911546507,0.5699523510662681
Test023,154,154.tif,0.2005961835384369,185.7093963623047,0.5082902312278748,0.0412722050845654,0.9121537208557128,0.6378383883204034,0.5712546110153198,1,0.43037378152335204,0.575599006281288
Test023,155,155.tif,0.2029322981834411,174.08612060546875,0.4718563556671142,0.0416710988192745,0.7585279941558838,0.5927505202137726,0.5909817814826965,1,0.35337749604488533,0.5209386129631064
Test023,156,156.tif,0.213177353143692,188.17686462402344,0.5231375694274902,0.0392511434953728,0.7106999158859253,0.5402914631160217,0.600382924079895,1,0.37161901769005723,0.48968972948823236
Test023,157,157.tif,0.1985539048910141,197.05691528320312,0.4809215068817138,0.0390118072545473,0.7731940746307373,0.5563039227677724,0.5943775773048401,1,0.3527715643158439,0.49524421523219386
Test023,158,158.tif,0.191556304693222,181.83058166503903,0.4726173281669616,0.0407137538559727,0.7542799711227417,0.5765771249862535,0.5807523131370544,1,0.347700916037899,0.5079142623017471
Test023,159,159.tif,0.2054779529571533,161.22560119628906,0.5127646327018738,0.0404212317838527,0.8106958270072937,0.5904700534425537,0.5712786912918091,1,0.39976185706453693,0.5332575945291487
Test023,160,160.tif,0.2018464654684066,175.05279541015625,0.4828092455863952,0.0399425593022018,0.8262961506843567,0.587884002677295,0.5703052878379822,1,0.3764327405744794,0.5244486240464503
Test023,161,161.tif,0.1886103600263595,171.08009338378906,0.5127413272857666,0.03957025848314,0.8615320324897766,0.5931431224360667,0.5808756947517395,1,0.41115431924274937,0.5385464814780715
Test023,162,162.tif,0.1693225651979446,212.1273193359375,0.4154888689517975,0.0374960110626529,0.8585053086280823,0.5127521919505167,0.572165310382843,1,0.3121646145820597,0.45257591873997954
Test023,163,163.tif,0.1759249716997146,206.9776306152344,0.4062286615371704,0.0371237102435911,0.9332438111305236,0.5214039658030797,0.5611306428909302,1,0.3272426775784101,0.46315557933567875
Test023,164,164.tif,0.1688376665115356,215.9649810791016,0.4186204969882965,0.035155834485693,0.8256600499153137,0.4710424666948953,0.5372451543807983,1,0.3116869340961804,0.42323580691528084
Test023,165,165.tif,0.1576434820890426,210.2157440185547,0.3783469200134277,0.0328422508243803,0.5831562280654907,0.3436007975659731,0.4883884787559509,1,0.19035389748095688,0.2976267275404682
Test023,166,166.tif,0.1621173471212387,225.2000274658203,0.3283413648605346,0.0309275608977768,0.6083483695983887,0.2922657156919542,0.428212970495224,0,0.15526874827196646,0.25116662546595786
Test023,167,167.tif,0.1360191404819488,160.82211303710938,0.3078655898571014,0.0291724284650569,0.553036093711853,0.2476425579523425,0.3751910626888275,0,0.11800478249892254,0.2087512253163165
Test023,168,168.tif,0.1391993910074234,204.66192626953125,0.2810571789741516,0.030555260078715,0.6237754225730896,0.2591858947228047,0.3227474987506866,0,0.10671625096941262,0.21344500159678703
Test023,169,169.tif,0.1600248366594314,163.13803100585938,0.3656598031520843,0.030847782150835,0.700886607170105,0.3400201610344047,0.2965430319309234,0,0.23613132492349587,0.30885351020113205
Test023,170,170.tif,0.1414139866828918,194.5093536376953,0.3004623055458069,0.0310605254760131,0.577095091342926,0.2663254353755331,0.2810879647731781,0,0.10626367146507487,0.21830690620239562
Test023,171,171.tif,0.1598642915487289,165.30702209472656,0.4386533796787262,0.0313530475481331,0.5991725921630859,0.3733555718659595,0.2973059117794037,0,0.2712041981673077,0.34271015975636393
Test023,172,172.tif,0.1412793546915054,186.94583129882807,0.3178049325942993,0.0306616317413041,0.8878995180130005,0.3493232064860755,0.3176420629024505,0,0.2583677028061153,0.3220365553820874
Test023,173,173.tif,0.1431038379669189,149.34393310546875,0.2973740696907043,0.0303159238378895,0.8761475086212158,0.3280590858936461,0.3314166665077209,0,0.23418463444973536,0.2998967504604728
Test023,174,174.tif,0.151752084493637,199.59901428222656,0.3780504763126373,0.0303957025848314,0.7311803698539734,0.3502147343464226,0.3334556221961975,0,0.2635735362583693,0.3242223749200066
Test023,175,175.tif,0.1531700640916824,183.9487762451172,0.3881880640983581,0.0315657908733113,0.8737866878509521,0.4080423589021473,0.3617990016937256,0,0.318745238020143,0.38125322263754596
Test023,176,176.tif,0.1322517842054367,195.4720458984375,0.2936972081661224,0.0304754813317732,0.7612031698226929,0.2999993089891343,0.3471277356147766,0,0.18256776785335505,0.26476984664840053
Test023,177,177.tif,0.1201454550027847,183.96551513671875,0.2574567496776581,0.0312732688011913,0.6893380880355835,0.2652991986270979,0.3303229212760925,0,0.14631714695367548,0.22960458312507115
Test023,178,178.tif,0.1242800429463386,195.3090057373047,0.2475916743278503,0.0317519412828422,0.6588535308837891,0.2550605697877173,0.3157232403755188,0,0.14162537376799478,0.22103001098180053
Test023,179,179.tif,0.1390800476074218,197.24899291992188,0.3191150426864624,0.0330284012339112,0.5092183351516724,0.2815830322091594,0.3019968867301941,0,0.09449463833248317,0.22545651404615652
Test023,180,180.tif,0.1442970484495163,196.29026794433597,0.3440931141376495,0.0344112328475694,0.5438932776451111,0.3239456857329642,0.2851775586605072,0,0.12208735193621523,0.26338818559393945
Test023,181,181.tif,0.1306068450212478,188.62112426757807,0.2876957058906555,0.0342250824380385,0.733493447303772,0.3290881865837882,0.290995329618454,0,0.13844365543238235,0.27189482723836644
Test023,182,182.tif,0.1360716968774795,174.9936981201172,0.296441376209259,0.0335070737155621,0.9012808203697203,0.3727190287177251,0.3124793171882629,0,0.22343116420098263,0.3279326693627024
Test023,183,183.tif,0.133338063955307,188.59197998046875,0.249021366238594,0.0357674715455802,0.8710799813270569,0.3527405806684028,0.3320153355598449,0,0.20318681009507922,0.3078744494964057
Test023,184,184.tif,0.1495672613382339,187.1353302001953,0.2978454828262329,0.0330815870652058,0.7979016304016113,0.3414878567954814,0.3439962863922119,0,0.185677139082584,0.29474464148161217
Test023,185,185.tif,0.144548550248146,172.1767120361328,0.3176722526550293,0.0359536219551111,0.7829524874687195,0.3865922737995324,0.3565255999565124,0,0.1835697965911124,0.3256855306370064
Test023,186,186.tif,0.1382645070552826,192.62716674804688,0.2753505706787109,0.0351292415700457,0.8266441822052002,0.3547385296437322,0.3616556525230407,0,0.15831379105744225,0.29581110806784516
Test023,187,187.tif,0.1304848343133926,184.43484497070312,0.2272163480520248,0.0355015423891075,0.8095048069953918,0.3145437200021588,0.3500205874443054,0,0.2043200512036233,0.28147661936259816
Test023,188,188.tif,0.1114295199513435,171.59681701660156,0.199631467461586,0.0362195511115838,0.6176639199256897,0.2429304325320557,0.3280585706233978,0,0.1509941487736285,0.21534954740452752
Test023,189,189.tif,0.1152870953083038,188.60606384277344,0.2274014800786972,0.036724816508882,0.6081286072731018,0.2675037555075749,0.3132617473602295,0,0.10915200516678525,0.219998230405338
Test023,190,190.tif,0.1284859776496887,196.76409912109372,0.2801938951015472,0.0378151260504201,0.5423798561096191,0.3027068511372311,0.2964846491813659,0,0.02387328781517628,0.21905678214061466
Test023,191,191.tif,0.1197522357106208,186.1288909912109,0.2385602742433548,0.0379480906286565,0.5678379535675049,0.2748707155654453,0.2805110812187195,0,0.08028432500238969,0.2164947983965286
Test023,192,192.tif,0.1179923489689827,186.2291717529297,0.22988361120224,0.0378683118817147,0.7498948574066162,0.3218863509654271,0.2819796204566955,0,0.17169542071231325,0.2768290718894929
Test023,193,193.tif,0.1065956130623817,175.16954040527344,0.210544005036354,0.0378949047973619,0.8304356932640076,0.3295670961838288,0.2993069291114807,0,0.226678681728411,0.29870057184720344
Test023,194,194.tif,0.1117426678538322,178.55160522460938,0.2114484161138534,0.0396234443144346,0.8232035636901855,0.344548648460435,0.3147159516811371,0,0.23347388040501527,0.311226218043809
Test023,195,195.tif,0.1492281854152679,188.88348388671875,0.3399823904037475,0.0402084884586746,0.8493706583976746,0.4794316713016567,0.3500608801841736,0,0.247691241543599,0.4099095423742394
Test023,196,196.tif,0.1694928258657455,177.69712829589844,0.4287236332893371,0.0448090628656525,0.8881791830062866,0.6471237475021598,0.4245115220546722,0,0.372769591210139,0.5648175006145535
Test023,197,197.tif,0.1685617715120315,195.51280212402344,0.4743245840072632,0.0442240187214126,0.8009048700332642,0.6473900510132696,0.4896122515201568,0,0.3821578048613625,0.5678203771676974
Test023,198,198.tif,0.1594527959823608,185.07858276367188,0.4290583729743957,0.0438251249867035,0.7295995950698853,0.5756899763042073,0.5388368368148804,0,0.3147612830228971,0.4974113683198142
Test023,199,199.tif,0.1788409203290939,202.21047973632807,0.5050156712532043,0.0461918944793107,0.5441898107528687,0.5817790718864473,0.5862829089164734,0,0.33589493647956437,0.5080138312643824
Test023,200,200.tif,0.2010632902383804,187.78369140625,0.5180188417434692,0.0452877353473034,0.5071592330932617,0.5558663653564159,0.6015698313713074,0,0.33941189332671473,0.4909300237475055
Test024,1,001.tif,0.0,0.0,0.0,1.0,0.0,0.0,0.0,0,0.999761782286739,0.29992853468602165
Test024,2,002.tif,0.2088931500911712,177.7372589111328,0.5306321978569031,0.0164078289543665,0.5436978340148926,0.1780219700882005,0.1780219674110412,0,0.41558889266332155,0.2492920468607368
Test024,3,003.tif,0.1985962837934494,184.8145751953125,0.5559297204017639,0.0084565471758323,0.57941734790802,0.0719089936967553,0.1249654814600944,0,0.48034990250133636,0.1944412663381296
Test024,4,004.tif,0.1890739649534225,194.03550720214844,0.5187720656394958,0.005291990213807,0.700237512588501,0.0301820706349487,0.0933710113167762,0,0.49801253489745634,0.170531209913701
Test024,5,005.tif,0.1820074170827865,184.57501220703125,0.4720378518104553,0.0065418572492288,0.8247780799865723,0.0524121500971228,0.0831312984228134,0,0.4918111720297713,0.18423185667691735
Test024,6,006.tif,0.1956577599048614,184.99974060058597,0.5274968147277832,0.0042814594192107,0.8435782194137573,0.0163740544259207,0.0697798505425453,0,0.5428955036051593,0.17433048917969227
Test024,7,007.tif,0.1929429024457931,179.89065551757812,0.4796966314315796,0.0046803531539197,0.8033779263496399,0.0223312103072159,0.038641694933176,0,0.4992428265915696,0.165404695192522
Test024,8,008.tif,0.2049241513013839,189.5818023681641,0.5747776627540588,0.0032709286246144,0.6948269605636597,1.9765242186058305e-05,0.0242638476192951,0,0.5423290698489421,0.16271255662421288
Test024,9,009.tif,0.182231456041336,195.82846069335935,0.4308093786239624,0.0030049994681416,0.7341578006744385,0.0,0.0182274356484413,0,0.4515253245650376,0.13545759736951127
Test024,10,010.tif,0.1830287277698516,186.05892944335935,0.4559352695941925,0.0035102648654398,0.8033122420310974,0.0037366236857654,0.008492331020534,0,0.4869597857934923,0.14870357231808345
Test024,11,011.tif,0.2255061119794845,164.5333251953125,0.5410214066505432,0.0055047335389852,0.6241099834442139,0.0318634937639454,0.0115902181714773,0,0.49336754499048296,0.17031470913190666
Test024,12,012.tif,0.240977942943573,223.0414276123047,0.6296898722648621,0.0093872992234868,0.7046835422515869,0.0915390438125862,0.0254317857325077,0,0.5575049793751846,0.2313288244813657
Test024,13,013.tif,0.2064612060785293,196.8686065673828,0.4899221956729889,0.007738538453356,0.6326907873153687,0.0640446413516214,0.0382367596030235,0,0.44810239304105637,0.17926196685845186
Test024,14,014.tif,0.2026110291481018,194.79234313964844,0.5149081945419312,0.0066482289118178,0.6306698322296143,0.0483594121553613,0.047908641397953,0,0.47129964671727764,0.17524148252393618
Test024,15,015.tif,0.1712671816349029,191.7293701171875,0.4015139043331146,0.0035634506967343,0.904633402824402,0.0044166807125092,0.0480446517467498,0,0.4737376524840953,0.14521297224398502
Test024,16,016.tif,0.2081106156110763,180.7078399658203,0.5788187980651855,0.006169556430167,0.9403657913208008,0.049391198493565,0.0515501908957958,0,0.5892188578219762,0.21133949629208837
Test024,17,017.tif,0.2000060081481933,186.77394104003903,0.4704114496707916,0.0093341133921923,0.9749969244003296,0.1051324693646392,0.0542688779532909,0,0.5176622929580903,0.22889141644267452
Test024,18,018.tif,0.2158372402191162,207.1073303222656,0.5081513524055481,0.008031060525476,0.8314133882522583,0.0765422201642933,0.0567683987319469,0,0.5129468009864258,0.20746359441093304
Test024,19,019.tif,0.1881114095449447,174.19261169433594,0.4179132878780365,0.0093872992234868,0.8321381211280823,0.0906120361286733,0.0652189254760742,0,0.4409676194490991,0.19571871112480105
Test024,20,020.tif,0.2070299237966537,202.25946044921875,0.5358529686927795,0.011754068716094,0.9040446877479552,0.141800013405484,0.0926955863833427,0,0.5350815472267492,0.2597844735518635
Test024,21,021.tif,0.2022216916084289,191.32504272460935,0.4643575847148895,0.0147856610998829,0.8060330748558044,0.1815451615811687,0.1191263794898986,0,0.44604047332168484,0.2608937551033236
Test024,22,022.tif,0.1993914097547531,189.2681427001953,0.434129536151886,0.012046590788214,0.694672703742981,0.123032476987384,0.1227063909173011,0,0.4012621274456173,0.20650137212485398
Test024,23,023.tif,0.1999605894088745,171.71441650390625,0.4404786825180053,0.0120997766195085,0.7202951908111572,0.1271910160178101,0.1328361332416534,0,0.4140776404556945,0.2132570033491754
Test024,24,024.tif,0.2043821066617965,187.70947265625,0.4535688161849975,0.0119136262099776,0.8271749019622803,0.1354992041307598,0.1418135911226272,0,0.4561989292750952,0.2317091216740604
Test024,25,025.tif,0.19186832010746,192.0575408935547,0.4642155170440674,0.0148654398468248,0.7841496467590332,0.1805335337184743,0.1495602875947952,0,0.4393389506480845,0.2581751587973573
Test024,26,026.tif,0.1782524734735489,189.2655029296875,0.3665107190608978,0.0172056164237847,0.9471383094787598,0.2022460093252937,0.1537004560232162,0,0.39671391897264685,0.26058638221949965
Test024,27,027.tif,0.1865120530128479,198.2461395263672,0.392417699098587,0.0165673864482501,0.9314095377922058,0.1999169207534487,0.1690773367881775,0,0.4166614049856109,0.26494026602309734
Test024,28,028.tif,0.1841943711042404,194.79656982421875,0.419658750295639,0.0163014572917774,0.9086455702781676,0.202351324935586,0.1841093897819519,0,0.43330014204866873,0.2716359700695108
Test024,29,029.tif,0.1836297959089279,182.04959106445312,0.4427172243595123,0.0183757047122646,0.8879467844963074,0.2406808065345933,0.2051457166671753,0,0.4363560211579377,0.2993833709215966
Test024,30,030.tif,0.1591248363256454,204.4907684326172,0.2916940152645111,0.0200510583980427,0.9378234148025512,0.2102097439199937,0.2110809534788131,0,0.3108362717117209,0.24039770225751184
Test024,31,031.tif,0.1739357709884643,179.79367065429688,0.3563587963581085,0.0201840229762791,0.9153721332550048,0.2363829590952873,0.2179083377122879,0,0.36301919851266684,0.27437383092050116
Test024,32,032.tif,0.1812389492988586,193.2134704589844,0.3346155881881714,0.0211679608552281,0.8618682622909546,0.231822091280265,0.2242893874645233,0,0.31962812928262385,0.25816390268097267
Test024,33,033.tif,0.1870835274457931,181.7188873291016,0.3745029866695404,0.016753536857781,0.8990908265113831,0.1927416245806392,0.2223674356937408,0,0.3908503213839155,0.25217423362162206
Test024,34,034.tif,0.1772784739732742,188.37696838378903,0.3486809134483337,0.0178438463993192,0.8688700199127197,0.1948812928065061,0.2132075279951095,0,0.3527919311165998,0.24225448429953417
Test024,35,035.tif,0.1738047450780868,192.2858123779297,0.3072620332241058,0.0199446867354536,0.9813172221183776,0.2218512030013198,0.2155358344316482,0,0.3412006268698392,0.2576560301618756
Test024,36,036.tif,0.1767729520797729,182.6836853027344,0.3226643800735473,0.021939155408999,0.8925963640213013,0.2411667996181418,0.2164926081895828,0,0.31463115428573873,0.26320610601842087
Test024,37,037.tif,0.1597463935613632,199.5240936279297,0.276037335395813,0.0227103499627699,0.8453965783119202,0.2200012159968212,0.2141284197568893,0,0.24549562537734648,0.22764953881097877
Test024,38,038.tif,0.1620708256959915,175.19871520996094,0.3174283802509308,0.0251037123710243,0.8297786712646484,0.2670963897426828,0.228999376296997,0,0.2687710684328527,0.26759879334973374
Test024,39,039.tif,0.1519397646188736,184.43760681152344,0.2425219714641571,0.0226039783001808,0.5846105217933655,0.1580454663307497,0.2216322124004364,0,0.17712282606975993,0.16376867425245276
Test024,40,040.tif,0.1648949533700943,177.07693481445312,0.2908504605293274,0.0261408360812679,0.6900744438171387,0.2362645070102049,0.2245148867368698,0,0.17783271835596703,0.21873497041393353
Test024,41,041.tif,0.1687079966068267,185.80224609375,0.2834458947181701,0.0263801723220933,0.638851523399353,0.2239902723294195,0.2210795879364013,0,0.14551980533394204,0.20044913223077626
Test024,42,042.tif,0.1664203107357025,184.1659698486328,0.2775585949420929,0.0244654823954898,0.749611496925354,0.2228632619920843,0.2216519862413406,0,0.19817212743473112,0.21545592162487834
Test024,43,043.tif,0.1744744777679443,179.19630432128906,0.2934589982032776,0.0280555260078715,0.7167160511016846,0.2634855382730184,0.220929816365242,0,0.17948869457987982,0.2382864851650768
Test024,44,044.tif,0.1758773773908615,178.5290069580078,0.2896456122398376,0.0280821189235187,0.6846692562103271,0.2543801758804666,0.2401967495679855,0,0.1612555185344815,0.22644277867667104
Test024,45,045.tif,0.1620812863111496,153.48178100585938,0.2754973471164703,0.026938623550686,0.6514538526535034,0.2272322568577081,0.2383902966976165,0,0.13759160414165983,0.2003400610428936
Test024,46,046.tif,0.1710468828678131,190.24957275390625,0.3025144934654236,0.0285607914051696,0.7314379215240479,0.2779545461172098,0.2491831481456756,0,0.19273436113058473,0.25238849062122226
Test024,47,047.tif,0.186524823307991,160.18589782714844,0.3161410391330719,0.0307414104882459,0.6596226692199707,0.2941313591873976,0.2634367942810058,0,0.16407321060949176,0.2551139146140258
Test024,48,048.tif,0.1652574688196182,206.87315368652344,0.2814249396324157,0.0313530475481331,0.7074902653694153,0.2876630389292837,0.2682723104953766,0,0.1391185639345427,0.24309969643086138
Test024,49,049.tif,0.1717625856399536,199.35667419433597,0.2918238043785095,0.0323635783427294,0.6255465745925903,0.2847887444019557,0.2743540108203888,0,0.10820374030882396,0.23181324317401614
Test024,50,050.tif,0.1688583493232727,217.32945251464844,0.2811107337474823,0.0323103925114349,0.5579880475997925,0.2591277397942959,0.2807330787181854,1,0.06319681309042846,0.20034846178313565
Test024,51,051.tif,0.1713110953569412,185.15272521972656,0.2836297452449798,0.0338793745346239,0.5145227909088135,0.2634120441533184,0.2778245806694031,1,0.03889026859511091,0.19605551148585615
Test024,52,052.tif,0.1922198683023452,223.79837036132807,0.3105640411376953,0.0360068077864057,0.6448599696159363,0.3416167682474295,0.2873216867446899,1,0.11463789517097378,0.2735231063244928
Test024,53,053.tif,0.1941769570112228,175.0269317626953,0.3179271519184112,0.0385331347728965,0.6287533640861511,0.3696030084584329,0.3037096858024597,1,0.11954351817312847,0.2945851613728415
Test024,54,054.tif,0.194005087018013,198.61593627929688,0.3504819571971893,0.0393841080736091,0.5530821681022644,0.384461095222357,0.3236441612243652,1,0.13183755843303002,0.3086740341855589
Test024,55,055.tif,0.1869676411151886,167.1549835205078,0.3268203437328338,0.0415647271566854,0.6451677083969116,0.415563949308773,0.3549313843250274,1,0.1584099801844958,0.33841775857148987
Test024,56,056.tif,0.1938786804676056,172.16285705566406,0.3204361498355865,0.0448888416125944,0.6882463693618774,0.4606099703776208,0.394370973110199,1,0.19104476894402245,0.37974040994754127
Test024,57,057.tif,0.2178654223680496,155.42892456054688,0.3585068583488464,0.0460589299010743,0.6215987801551819,0.4899930407955601,0.4240462183952331,1,0.21417425725618688,0.4072474057337481
Test024,58,058.tif,0.2078810632228851,182.62681579589844,0.3487951159477234,0.0467503457079034,0.61164391040802,0.4833626827744667,0.4467981457710266,1,0.20367041785079532,0.3994550032973653
Test024,59,059.tif,0.1990755498409271,170.90924072265625,0.335050106048584,0.0488245931283905,0.564001202583313,0.4714327305041407,0.4641924798488617,1,0.1817141162911763,0.38451714624025135
Test024,60,060.tif,0.185600608587265,222.5576019287109,0.2994472086429596,0.0482395489841506,0.5115108489990234,0.4039052785419839,0.4618607461452484,1,0.11965154728980654,0.31862915916633067
Test024,61,061.tif,0.1791765391826629,189.3067779541016,0.3133349418640136,0.0506860972236996,0.5225160121917725,0.44722150695171,0.4591830372810364,1,0.1508708307308415,0.3583163040854494
Test024,62,062.tif,0.1930609047412872,211.25991821289065,0.3306640982627868,0.0518295925965322,0.5278249979019165,0.4816893707926714,0.457522302865982,1,0.1811451284782637,0.39152609809834904
Test024,63,063.tif,0.1889938414096832,172.8453369140625,0.3235378265380859,0.0560312732688011,0.5447826385498047,0.5216506108373181,0.4651798605918884,1,0.20705588470174108,0.427272192996645
Test024,64,064.tif,0.1857776641845703,178.35546875,0.3267794251441955,0.0554994149558557,0.4962218999862671,0.4984390448407498,0.4705811440944671,1,0.20689047924312964,0.41097447516146374
Test024,65,065.tif,0.2000874727964401,182.4515380859375,0.3467805087566376,0.0586905648335283,0.479927659034729,0.5491816982400052,0.4996364712715149,1,0.25459935726886695,0.46080699594866364
Test024,66,066.tif,0.1970534473657608,180.4244537353516,0.3564565777778625,0.0572811403042229,0.4958853721618652,0.5560835616293686,0.5214088559150696,1,0.25029963269044564,0.46434838294769165
Test024,67,067.tif,0.2090026885271072,184.21047973632807,0.379228800535202,0.060126582278481,0.553205132484436,0.646942624388602,0.5544594526290894,1,0.2936290357667235,0.5409485478020384
Test024,68,068.tif,0.1977760642766952,200.54808044433597,0.3555225133895874,0.0600468035315392,0.5117297172546387,0.5911042028148944,0.5683502554893494,1,0.25973179463864426,0.49169248036201935
Test024,69,069.tif,0.2081661075353622,193.68402099609372,0.3568551242351532,0.0603925114349537,0.5517679452896118,0.6149935028210283,0.5916610956192017,1,0.27197589004419787,0.5120882189879792
Test024,70,070.tif,0.1963459849357605,210.7402801513672,0.3495524227619171,0.0590362727369428,0.4451985359191894,0.5395423610938639,0.5897332429885864,1,0.2725868579116243,0.45945571013919195
Test024,71,071.tif,0.2111410796642303,149.58770751953125,0.351063996553421,0.0602861397723646,0.4740242958068847,0.5677248033450324,0.5920615196228027,1,0.27067518879757313,0.4786099189807946
Test024,72,072.tif,0.2061884552240371,178.44287109375,0.3710021078586578,0.0618817147112009,0.4874000549316406,0.6033220477627808,0.5833374261856079,1,0.29508653878753144,0.5108513950702059
Test024,73,073.tif,0.2199566513299942,160.06910705566406,0.3738625645637512,0.0630518029996808,0.4328844547271728,0.5802117812596204,0.5811589360237122,1,0.3235720437192985,0.5032198599975237
Test024,74,074.tif,0.2017261832952499,190.4644927978516,0.3461503386497497,0.0624667588554409,0.3755311965942383,0.5113536707259541,0.5604309439659119,1,0.3137145750809237,0.45206194203244493
Test024,75,075.tif,0.2107037007808685,198.2462310791016,0.3568550646305084,0.06111052015743,0.3865126967430115,0.5323657921236733,0.5589956045150757,1,0.3128004152607574,0.4664961790647985
Test024,76,076.tif,0.2068295329809188,220.52651977539065,0.3647643625736236,0.0623072013615572,0.3611034154891968,0.5311292778647481,0.5516765117645264,1,0.33557859225914966,0.4724640721830685
Test024,77,077.tif,0.2191755324602127,182.08018493652344,0.3895977437496185,0.0640889267099244,0.3492085337638855,0.5611891230493302,0.5432499647140503,1,0.3713609610218138,0.5042406744410752
Test024,78,078.tif,0.2074826657772064,207.5843811035156,0.3605455160140991,0.0624401659397936,0.4050219655036926,0.5469714150653631,0.5366019010543823,1,0.31715853395331794,0.4780275507317495
Test024,79,079.tif,0.2017622888088226,154.6153106689453,0.34897181391716,0.0635038825656845,0.4247843027114868,0.5400712360518509,0.542345404624939,1,0.3047922744105743,0.4694875475594679
Test024,80,080.tif,0.2041409611701965,196.12112426757807,0.3592292368412018,0.0636102542282735,0.4700288772583008,0.5775663253297827,0.5513855218887329,1,0.2993469721378509,0.4941005193722031
Test024,81,081.tif,0.2088336944580078,156.73951721191406,0.3448724448680877,0.0644878204446335,0.4157984256744385,0.5296343967444233,0.5510865449905396,1,0.3094087505549823,0.46356670288759094
Test024,82,082.tif,0.1970724910497665,170.58953857421875,0.3360933363437652,0.0634506967343899,0.3429391980171203,0.4804754703169388,0.5349437594413757,1,0.3207613836228578,0.43256124430871445
Test024,83,083.tif,0.1971757113933563,163.9865264892578,0.3348511457443237,0.0657376874800553,0.2361301183700561,0.4252698099805658,0.5106034874916077,1,0.36738387568358344,0.40790402969147105
Test024,84,084.tif,0.2056621313095092,191.6330718994141,0.3431407809257507,0.0656845016487607,0.282459557056427,0.4604541275850391,0.4946800172328949,1,0.35948533735849775,0.4301634905170767
Test024,85,085.tif,0.2037966847419738,178.5702362060547,0.3316275477409363,0.0690352090203169,0.3460382223129272,0.4755497897994151,0.4742767214775085,1,0.3452348273022541,0.43645530105026675
Test024,86,086.tif,0.1831284016370773,181.4732818603516,0.3154804408550262,0.0692745452611424,0.2777577638626098,0.4179969816605842,0.4519492089748382,1,0.35435381876452987,0.3989040327917679
Test024,87,087.tif,0.1871068626642227,164.10227966308594,0.332020103931427,0.0718274651632805,0.2615861296653747,0.4338929323001666,0.4426327347755432,1,0.3870666618786952,0.41984505117372517
Test024,88,088.tif,0.2137697786092758,181.3636474609375,0.368612140417099,0.072173173066695,0.2214734554290771,0.4668934026885278,0.4509574472904205,1,0.43130893000274895,0.45621806088279415
Test024,89,089.tif,0.2130144387483596,190.7557373046875,0.3587414622306824,0.0798053398574619,0.3160527944564819,0.4998710326768958,0.4588408470153808,1,0.43053866581428357,0.47907132261811214
Test024,90,090.tif,0.2159128785133361,164.4508514404297,0.3576332926750183,0.0759227741729603,0.3420934677124023,0.5112845732791016,0.4659877717494964,1,0.4038070657548194,0.47904132102181696
Test024,91,091.tif,0.2012179046869278,177.72503662109375,0.3379885256290436,0.0768801191362621,0.324122667312622,0.4738151442092513,0.4771514534950256,1,0.3972731758119966,0.4508525536900749
Test024,92,092.tif,0.2036440968513488,171.43130493164062,0.3479330539703369,0.0789543665567492,0.345227301120758,0.4987865800424784,0.4901301264762878,1,0.40909439743668197,0.47187892526073943
Test024,93,093.tif,0.2068875283002853,187.72825622558597,0.3445529043674469,0.0761621104137857,0.3429528474807739,0.4927482882901215,0.4953011572360992,1,0.39358973059877445,0.46300072098271733
Test024,94,094.tif,0.2006482779979705,178.32603454589844,0.3195259273052215,0.0789011807254547,0.1980852484703064,0.3840264974078496,0.4721322059631347,1,0.4292472660815395,0.3975927280099566
Test024,95,095.tif,0.1924909800291061,167.6929473876953,0.3267499208450317,0.0759759600042548,0.2190369367599487,0.4049768073512622,0.4508706629276275,1,0.41546098809619614,0.40812206157474235
Test024,96,096.tif,0.1910757422447204,179.4392547607422,0.3140551149845123,0.0758429954260185,0.2131416797637939,0.383622281190142,0.4328320920467376,1,0.4060525916384723,0.39035137432464106
Test024,97,097.tif,0.1959498971700668,170.90176391601562,0.3168095052242279,0.073449633017764,0.2307195663452148,0.3964049664745133,0.4123557507991791,1,0.39150025471143923,0.394933552945591
Test024,98,098.tif,0.1940644830465316,166.25389099121094,0.3304575681686401,0.0782629507499202,0.2188893556594848,0.4102789387021724,0.3958618938922882,1,0.42907587810639614,0.4159180205234395
Test024,99,099.tif,0.2184894979000091,161.8502960205078,0.3623015582561493,0.0767471545580257,0.195830762386322,0.4449219957954454,0.4080410003662109,1,0.45399970456104066,0.44764530842512396
Test024,100,100.tif,0.2125551551580429,178.40097045898438,0.3476387560367584,0.074912243378364,0.1908477544784546,0.4211700879510404,0.4112796187400818,1,0.43579448526138886,0.4255574071441449
Test024,101,101.tif,0.2382675409317016,161.90158081054688,0.3527160286903381,0.072758217210935,0.1885502338409423,0.4273831446753047,0.4200318455696106,1,0.43077615758027066,0.42840104854679445
Test024,102,102.tif,0.2234120219945907,214.15985107421875,0.3471081852912903,0.0740878629932985,0.3395242691040039,0.4947390415405333,0.4396986365318298,1,0.38675976160611036,0.4623452575602064
Test024,103,103.tif,0.1991554051637649,190.4143829345703,0.3297364115715027,0.0727316242952877,0.3317878246307373,0.4656825285494809,0.450779378414154,1,0.36720241552705424,0.4361384946427529
Test024,104,104.tif,0.1920035928487777,220.0364532470703,0.2898355424404144,0.0692745452611424,0.2476289272308349,0.3657486137921531,0.4349446892738342,1,0.3407858952576617,0.35825979823180565
Test024,105,105.tif,0.1922609359025955,199.07701110839844,0.2964561283588409,0.069434102755026,0.1483458280563354,0.3257066160853189,0.4158520102500915,1,0.38002900102670123,0.34200333156773355
Test024,106,106.tif,0.1861299127340316,211.56121826171875,0.2730533480644226,0.0662429528773534,0.2343791127204895,0.3347902793200371,0.3973334431648254,1,0.3177984910206154,0.32969274283021055
Test024,107,107.tif,0.1767504960298538,162.34075927734375,0.2749207317829132,0.0702584831400914,0.1349821090698242,0.2877993999177293,0.3559454977512359,1,0.37039767709242455,0.3125788830701378
Test024,108,108.tif,0.179380252957344,194.09580993652344,0.269526869058609,0.0678385278161897,0.2452684640884399,0.335121719017257,0.3298333287239074,1,0.32603652218131995,0.33239615996647587
Test024,109,109.tif,0.1842842549085617,144.0828399658203,0.2875969111919403,0.0663227316242952,0.1164582967758178,0.2969173839166621,0.3160670697689056,1,0.3668446371993316,0.31789555990146295
Test024,110,110.tif,0.1930329501628875,183.36546325683597,0.3192867040634155,0.0677321561536006,0.1757348775863647,0.3725044490221736,0.3254266679286957,1,0.3828973427271378,0.37562231713366284
Test024,111,111.tif,0.1989314258098602,143.65234375,0.314940869808197,0.0639825550473354,0.1985808610916137,0.3776261765195384,0.3339938223361969,1,0.35271656600594614,0.3701532933654607
Test024,112,112.tif,0.1795444190502166,199.70953369140625,0.2813761532306671,0.0663759174555898,0.1242265105247497,0.2917816714699187,0.334790289402008,1,0.35899094965660516,0.3119444549259246
Test024,113,113.tif,0.1956635415554046,146.80892944335938,0.3065685927867889,0.0635038825656845,0.2696852684020996,0.4010389549615943,0.3479737341403961,1,0.31817403108207876,0.37617947779773964
Test024,114,114.tif,0.1889211982488632,174.4728240966797,0.2785565257072449,0.0605786618444846,0.3492817878723144,0.4002209770221256,0.368634432554245,1,0.2437583967725252,0.3532822029472455
Test024,115,115.tif,0.1871981620788574,143.41697692871094,0.2787140309810638,0.0618551217955536,0.3183405995368957,0.3849787584190708,0.3711293041706085,1,0.26333744694389416,0.34848636497651775
Test024,116,116.tif,0.1523531228303909,178.55313110351562,0.2366308867931366,0.0606318476757791,0.2792516946792602,0.3044156392286521,0.3564872145652771,1,0.30657107163952646,0.3050622689519144
Test024,117,117.tif,0.1483601033687591,173.52491760253906,0.2330179661512375,0.0570683969790447,0.2451443672180175,0.2664502646425623,0.3514209389686584,1,0.30245922009956727,0.27725295127966376
Test024,118,118.tif,0.171534389257431,177.75091552734375,0.2611120939254761,0.0566695032443357,0.2126873731613159,0.2874483183737677,0.3287027776241302,1,0.283907536194164,0.2863860837198866
Test024,119,119.tif,0.1796122938394546,173.92037963867188,0.2714315354824066,0.0559514945218593,0.3701044917106628,0.3702141261501224,0.3227013945579529,1,0.20798180126640553,0.3215444286850073
Test024,120,120.tif,0.1857649534940719,167.96890258789062,0.2896771728992462,0.0596213168811828,0.3790832161903381,0.4266157063969032,0.3310287892818451,1,0.23830843919812295,0.37012352623726913
Test024,121,121.tif,0.1845740228891372,153.9709014892578,0.3225080072879791,0.0593553877247101,0.3746762871742248,0.4693028182352614,0.3640062212944031,1,0.27289646371683074,0.4103809118797322
Test024,122,122.tif,0.1861924827098846,175.44654846191406,0.3054938912391662,0.0613232634826082,0.3270264863967895,0.4281512950399221,0.3963464796543121,1,0.2844761467761705,0.38504875056079657
Test024,123,123.tif,0.1930308192968368,176.62551879882812,0.3019477128982544,0.058956493990001,0.3378449082374573,0.4188185405213792,0.4226204752922058,1,0.26310428561270616,0.3721042640487773
Test024,124,124.tif,0.1973944306373596,174.010009765625,0.3306300938129425,0.0575736623763429,0.4203579425811767,0.4873954715811973,0.4460567831993103,1,0.2536592862005871,0.4172746159670142
Test024,125,125.tif,0.189467653632164,170.92831420898438,0.3176283240318298,0.0596745027124773,0.3695456385612488,0.4624269089445975,0.4532190263271332,1,0.2716466583087894,0.405192833753855
Test024,126,126.tif,0.1854355484247207,168.66384887695312,0.30758136510849,0.0607914051696628,0.3099586963653564,0.4226441432693635,0.4438872933387756,1,0.2897700037002816,0.3827819013986389
Test024,127,127.tif,0.1812717020511627,177.4961395263672,0.2983173131942749,0.0602595468567173,0.262606143951416,0.3855354083541908,0.4353640973567962,1,0.29464322077759886,0.3582677520812132
Test024,128,128.tif,0.1849585026502609,162.6012725830078,0.2788785696029663,0.0591160514838846,0.2983265519142151,0.3678534403919423,0.4251710772514343,1,0.25488897401420163,0.3339641004786201
Test024,129,129.tif,0.1981060653924942,170.05050659179688,0.3115697801113128,0.0604456972662482,0.3019012212753296,0.4243984281353522,0.4125716686248779,1,0.2947166197422191,0.38549388561741227
Test024,130,130.tif,0.2072357237339019,175.175537109375,0.3427943289279938,0.0615891926390809,0.2620265483856201,0.4497352834314505,0.4100333154201507,1,0.3447545105164759,0.4182410515569581
Test024,131,131.tif,0.1972083896398544,179.32444763183594,0.3269766867160797,0.06169556430167,0.2535821795463562,0.4225782290607301,0.4100201725959778,1,0.33341251966459384,0.3958285162418892
Test024,132,132.tif,0.1843275278806686,172.43222045898438,0.3163997530937195,0.0581852994362301,0.268411636352539,0.3997512883909535,0.4128633141517639,1,0.29886051102374767,0.3694840551807917
Test024,133,133.tif,0.2058696150779724,182.4459381103516,0.3381587862968445,0.0601797681097755,0.3429153561592102,0.4830069945259768,0.4358940720558166,1,0.3048287561070844,0.429553523000309
Test024,134,134.tif,0.2270402610301971,175.5190887451172,0.3778290152549743,0.0636368471439208,0.3845958113670349,0.5618186347263812,0.4633781015872955,1,0.34680888169939894,0.49731570881828646
Test024,135,135.tif,0.2475413531064987,169.16424560546875,0.412740558385849,0.0574141048824593,0.4134432077407837,0.5958420585423958,0.4925994277000427,1,0.33683976268772053,0.5181413697859932
Test024,136,136.tif,0.2421185821294784,181.6241149902344,0.4414371252059936,0.0584512285927029,0.3955850005149841,0.6389127180476866,0.535866379737854,1,0.3741566977358929,0.5594859119541484
Test024,137,137.tif,0.2383956164121627,142.5074920654297,0.4252355694770813,0.0572013615572811,0.4167304635047912,0.612210050820064,0.5783580541610718,1,0.3462283810871948,0.5324155499002032
Test024,138,138.tif,0.2280295193195343,219.45513916015625,0.403956800699234,0.0569620253164556,0.48242849111557,0.6113743657147583,0.6040315628051758,1,0.3019491224945853,0.5185467927487064
Test024,139,139.tif,0.2422396689653396,172.9392547607422,0.443752259016037,0.0580257419423465,0.2668062448501587,0.5753186232490728,0.6067315340042114,1,0.4139568474246499,0.5269100905017459
Test024,140,140.tif,0.2673236727714538,192.1311492919922,0.4887846410274505,0.0579459631954047,0.2885416150093078,0.6184043717113048,0.6112440228462219,1,0.4435507894919952,0.5659482970455119
Test024,141,141.tif,0.2635872662067413,160.2008056640625,0.4815365970134735,0.0560844591000957,0.2640611529350281,0.5860014525670284,0.6006617546081543,1,0.4365079851544198,0.5411534123432458
Test024,142,142.tif,0.2459624409675598,187.5238037109375,0.4765916466712951,0.0542761408360812,0.2747185826301574,0.5707089333706389,0.592361569404602,1,0.42116447264061907,0.525845595151633
Test024,143,143.tif,0.2495380192995071,155.95681762695312,0.4971718490123749,0.0554994149558557,0.2882530093193054,0.590600941597287,0.5882068872451782,1,0.43933630549620684,0.5452215507669629
Test024,144,144.tif,0.2708553671836853,198.955078125,0.5325261354446411,0.0558983086905648,0.271097183227539,0.5871863520446012,0.590580403804779,1,0.4729680379856097,0.5529208578269037
Test024,145,145.tif,0.286447674036026,203.02407836914065,0.5623243451118469,0.0553132645463248,0.3591191172599792,0.6208688517895763,0.5910733342170715,1,0.4689431130722862,0.5752911301743893
Test024,146,146.tif,0.2909840941429138,180.55670166015625,0.5952762961387634,0.0548345920646739,0.3295183181762695,0.601760619122629,0.5942251682281494,1,0.4987805883482467,0.5708666098903142
Test024,147,147.tif,0.3001425564289093,178.512451171875,0.6277486085891724,0.0503137964046378,0.3791396021842956,0.5694934928736816,0.5939821004867554,1,0.49088866738986836,0.5459120452285375
Test024,148,148.tif,0.2876487076282501,179.95314025878906,0.6245865225791931,0.0526805658972449,0.3624548316001892,0.5909080945970838,0.594043493270874,1,0.5024453571277196,0.5643692733562745
Test024,149,149.tif,0.2958844602108001,191.8336944580078,0.6547217965126038,0.0537974683544303,0.2716653943061828,0.563998971570208,0.5894060134887695,1,0.5488335131405284,0.559449334041304
Test024,150,150.tif,0.3102732002735138,195.2144775390625,0.6810796856880188,0.0577332198702265,0.2937545776367187,0.618490288244738,0.5889302492141724,1,0.5739732596312206,0.6051351796606828
Test024,151,151.tif,0.308948814868927,159.7513885498047,0.706476628780365,0.0542229550047867,0.165060818195343,0.5210697533736569,0.572792112827301,1,0.6042096071161773,0.546011709496413
Test024,152,152.tif,0.3218784034252167,144.83670043945312,0.7601054310798645,0.0573077332198702,0.1444178223609924,0.5428244892894913,0.5674583315849304,1,0.6457497682773106,0.5737020729858371
Test024,153,153.tif,0.3492940068244934,158.3920135498047,0.8065533638000488,0.0585576002552919,0.1497315168380737,0.5579583749591682,0.5608683824539185,1,0.6706314281291418,0.5917602909101602
Test024,154,154.tif,0.3692476153373718,188.9874725341797,0.9023931622505188,0.0614562280608445,0.1718513965606689,0.5859256982803345,0.565253734588623,1,0.7156913845237922,0.6248554041533718
Test024,155,155.tif,0.4124588966369629,144.6534881591797,0.9984552264213562,0.0624667588554409,0.2343710064888,0.6171855032444,0.5649927854537964,1,0.7457401847660186,0.6557519077008855
Test024,156,156.tif,0.4238151311874389,188.2875213623047,1.071575164794922,0.0617753430486118,0.1787900328636169,0.5893950164318085,0.5786578059196472,1,0.7758650643417383,0.6453360308047874
Test024,157,157.tif,0.441374659538269,170.88003540039062,1.1317628622055054,0.0649133070949899,0.1667860150337219,0.583393007516861,0.5867714881896973,1,0.8004428603219679,0.648507963358393
Test024,158,158.tif,0.4438414871692657,211.17320251464844,1.1374448537826538,0.062386980108499,0.2724896073341369,0.6362448036670685,0.6024287939071655,1,0.7867878230158878,0.6814077094717143
Test024,159,159.tif,0.4677717685699463,157.73880004882812,1.2095277309417725,0.0633975109030954,0.2319286465644836,0.6159643232822418,0.6084364652633667,1,0.8128829216108711,0.6750399027808306
Test024,160,160.tif,0.4712094664573669,209.51174926757807,1.2636116743087769,0.0613232634826082,0.1392567753791809,0.5696283876895905,0.5989251136779785,1,0.8318973901320627,0.648309088422332
Test024,161,161.tif,0.4659081995487213,171.43548583984375,1.2876014709472656,0.0578927773641102,0.1330271959304809,0.5432400436567644,0.5896941423416138,1,0.8335135569815042,0.6303220976541863
Test024,162,162.tif,0.471572995185852,192.1683654785156,1.3419471979141235,0.0596745027124773,0.1624149680137634,0.5755095441397307,0.5881174206733704,1,0.845684256715214,0.6565619579123756
Test024,163,163.tif,0.472853422164917,168.8954315185547,1.3582239151000977,0.0604988830975428,0.1382253170013427,0.5691126585006714,0.5746909976005554,1,0.8520199867370327,0.6539848569715797
Test024,164,164.tif,0.5273715257644653,180.52975463867188,1.5153437852859497,0.0646473779385171,0.1253410577774047,0.5626705288887024,0.5640321969985962,1,0.8860698214523742,0.6596903166578039
Test024,165,165.tif,0.5357630252838135,166.474365234375,1.503975510597229,0.06198808637379,0.1774162054061889,0.5887081027030945,0.5678482055664062,1,0.878552065288656,0.675661291478763
Test024,166,166.tif,0.506890058517456,167.14486694335938,1.4903862476348877,0.0594085735560046,0.1912754774093628,0.5870176396244345,0.5766037106513977,1,0.8727254474446011,0.6727299819704845
Test024,167,167.tif,0.4637199342250824,158.1063995361328,1.4568663835525513,0.0504201680672268,0.1476509571075439,0.4749755287436337,0.5564969182014465,1,0.8597931528820066,0.5904208159851456
Test024,168,168.tif,0.4286337196826935,200.1872100830078,1.446218729019165,0.0465376023827252,0.1986783742904663,0.4552437554578613,0.5337231159210205,1,0.8493089320341476,0.5734633084307472
Test024,169,169.tif,0.3806959092617035,182.8917694091797,1.315904140472412,0.0447292841187107,0.2889478802680969,0.4690680232236792,0.5150026082992554,1,0.8075638004734096,0.5706167563985983
Test024,170,170.tif,0.3386074006557464,155.430419921875,1.1902267932891846,0.03986278055526,0.1832805871963501,0.3800689405978599,0.4732747972011566,1,0.7736691093627007,0.4981489912273121
Test024,171,171.tif,0.3145978450775146,173.96136474609375,1.168373465538025,0.0319114987767258,0.1438769102096557,0.2875779485867572,0.4133868217468261,1,0.775467969865273,0.43394495497031194
Test024,172,172.tif,0.2615179717540741,181.72439575195312,1.2857080698013306,0.0362993298585256,0.1743472814559936,0.340467804883188,0.3864852786064148,0,0.7998633590626852,0.47828647113703715
Test024,173,173.tif,0.1125163435935974,187.71592712402344,0.1807445287704467,0.0328422508243803,0.1927725076675415,0.0935218184959982,0.3141409158706665,0,0.28440936912797254,0.1507880836855905
Test024,174,174.tif,0.1201547160744667,176.2261505126953,0.2123803943395614,0.0344644186788639,0.1596423983573913,0.1147004072414952,0.2432673871517181,0,0.2547066801277703,0.1567022891073777
Test024,175,175.tif,0.1356665641069412,184.9243927001953,0.2308956533670425,0.0351824274013402,0.1714593768119812,0.1356908129422881,0.1943917721509933,0,0.2259110555913807,0.16275688573701586
Test024,176,176.tif,0.1489981263875961,169.75039672851562,0.2828240990638733,0.0353951707265184,0.0879374742507934,0.1555069348318449,0.1679775714874267,0,0.21691272741495804,0.17392867260677886
Test024,177,177.tif,0.1330263316631317,187.87884521484372,0.2313873171806335,0.0383735772790128,0.1630774140357971,0.1471159366561266,0.1293071806430816,0,0.22523939729693976,0.17055297484837054
Test024,178,178.tif,0.1241393163800239,175.95652770996094,0.244533821940422,0.0392777364110201,0.2255661487579345,0.1827051128226431,0.1471438407897949,0,0.1909675827492049,0.18518385380061161
Test024,179,179.tif,0.1375517845153808,172.31166076660156,0.2764116823673248,0.0369907456653547,0.1204547882080078,0.1673512054593048,0.1576739847660064,0,0.1862462756716513,0.17301972652300873
Test024,180,180.tif,0.1575289815664291,176.32289123535156,0.310361385345459,0.0333475162216785,0.1423837542533874,0.18105226958988,0.1667462885379791,0,0.23806553115709583,0.19815624806004473
Test024,181,181.tif,0.1384286731481552,172.14149475097656,0.2530335187911987,0.033294330390384,0.078697383403778,0.1201348491974851,0.1596718728542328,0,0.24972517211474254,0.15901194607266234
Test024,182,182.tif,0.1162484660744667,169.3428955078125,0.1871532797813415,0.0326295074992022,0.1278697252273559,0.0809124809153159,0.1464311778545379,0,0.30265798632209495,0.1474361325373496
Test024,183,183.tif,0.1054069325327873,179.29916381835938,0.1796189099550247,0.0319380916923731,0.1632542610168457,0.082413100350929,0.1263727843761444,0,0.30130771200751194,0.14808148384790387
Test024,184,184.tif,0.1088130921125412,189.21066284179688,0.1889450550079345,0.033294330390384,0.1159079074859619,0.0809615592651431,0.1090948581695556,0,0.30145642015438257,0.14711001753191494
Test024,185,185.tif,0.144251137971878,182.56570434570312,0.2410017400979995,0.0288799063929369,0.2473847270011901,0.1325487835400386,0.0993941575288772,0,0.22376806809538863,0.1599145689066436
Test024,186,186.tif,0.1415876746177673,184.11703491210935,0.2660558819770813,0.0295979151154132,0.1015442013740539,0.1193517742533298,0.0992375388741493,0,0.24931120518617578,0.15833960353318358
Test024,187,187.tif,0.121339164674282,189.66444396972656,0.2325813025236129,0.0277364110201042,0.1193488836288452,0.0938895244599919,0.1018329486250877,0,0.2880693094957818,0.15214345997072887
Test024,188,188.tif,0.1151162907481193,196.8694610595703,0.2213524281978607,0.0300765875970641,0.037626564502716,0.0759784676528106,0.1005460247397422,0,0.31526344320472466,0.14776396031838482
Test024,189,189.tif,0.1290751099586486,183.90200805664065,0.2892733514308929,0.0294383576215296,0.1009383201599121,0.1339545487930131,0.1111446171998977,0,0.25511424796938387,0.17030245854592432
Test024,190,190.tif,0.1788216233253479,191.8384246826172,0.3995948433876037,0.0280023401765769,0.0759971141815185,0.1906422435426181,0.1227633133530616,0,0.3777825559746135,0.24678433727221671
Test024,191,191.tif,0.1367117315530777,185.3392333984375,0.2491073757410049,0.0266726943942133,0.1267629265785217,0.1011752915485927,0.1191280111670494,0,0.27468480029399756,0.15322814417221414
Test024,192,192.tif,0.1087324768304824,172.13861083984375,0.1840652823448181,0.027523667694926,0.0534296035766601,0.0490872569959701,0.1101675480604171,0,0.3583142758569344,0.1418553626542594
Test024,193,193.tif,0.1001438871026039,176.1954345703125,0.1631305366754531,0.0241995532390171,0.0722116231918335,0.0346570973923978,0.1019032821059227,0,0.38746152447152027,0.14049842551613453
Test024,194,194.tif,0.1199666187167167,192.3061981201172,0.2325961291790008,0.027816189767046,0.093362808227539,0.088605986415692,0.0928335785865783,0,0.2970023459455585,0.15112489427465195
Test024,195,195.tif,0.133030354976654,184.5681304931641,0.2725881338119507,0.0267258802255079,0.084624707698822,0.1067488441353207,0.0760549008846283,0,0.2659087960531812,0.15449682971067885
Test024,196,196.tif,0.1258298307657241,173.8293914794922,0.230671614408493,0.027231145622806,0.0983035564422607,0.0863595051349347,0.0730917379260063,0,0.30041161829629026,0.15057513908334136
Test024,197,197.tif,0.1135426610708236,193.29869079589844,0.2064045965671539,0.0274172960323369,0.148122489452362,0.0826739809061783,0.079809084534645,0,0.30549965001492174,0.14952168163880133
Test024,198,198.tif,0.1020287424325943,184.2342529296875,0.2041437029838562,0.0245984469737262,0.0544698238372802,0.054262453503205,0.0837301462888717,0,0.35476215447109294,0.1444123637935714
Test024,199,199.tif,0.1229954808950424,178.50546264648438,0.2723012566566467,0.0252898627805552,0.1223571896553039,0.1073458770775788,0.0874781385064125,0,0.2604411519056756,0.15327445952600785
Test024,200,200.tif,0.139207437634468,184.66075134277344,0.3190984427928924,0.0252100840336134,0.1118735671043396,0.1310731335591511,0.0923429951071739,0,0.30565789087203876,0.18344856075301738
Test032,1,001.tif,0.0,0.0,0.0,1.0,0.0,0.0,0.0,1,0.999761782286739,0.29992853468602165
Test032,2,002.tif,0.2179408967494964,197.50509643554688,0.4656212925910949,0.0153175194128284,0.7949482202529907,0.1891449530387901,0.18914495408535,1,0.4415188813238208,0.2648571315242993
Test032,3,003.tif,0.2185040712356567,198.0203094482422,0.4669116735458374,0.0116476970535049,0.8130053281784058,0.1331340821940864,0.1611395180225372,1,0.4636054278642492,0.23227548589513525
Test032,4,004.tif,0.2181519716978073,197.49148559570312,0.46564781665802,0.0112753962344431,0.8838337659835815,0.1319376184518258,0.1514055579900741,1,0.483294953551334,0.23734481898167825
Test032,5,005.tif,0.209486722946167,189.63519287109372,0.4034792482852936,0.0067546005744069,0.8630315065383911,0.0512825464591373,0.1263747960329055,1,0.450081399794401,0.1709222024597164
Test032,6,006.tif,0.2122234404087066,199.8525238037109,0.3973191678524017,0.0067014147431124,0.8367894291877747,0.0491713073066847,0.1109341010451316,1,0.4380253474152437,0.16582751933925238
Test032,7,007.tif,0.2003998756408691,156.90538024902344,0.4034155607223511,0.0050260610573343,0.8803998827934265,0.0261116379499508,0.0783274322748184,1,0.4623643174641524,0.1569874418042113
Test032,8,008.tif,0.2164161801338195,211.0709686279297,0.4828595817089081,0.0051590256355706,0.8972162008285522,0.0314645199594606,0.0579935237765312,1,0.5230054016404037,0.1789267844637435
Test032,9,009.tif,0.2169000506401062,177.0851287841797,0.4552446603775024,0.0057174768641633,0.9016445875167848,0.0400761355600616,0.0396212264895439,1,0.5029553145783663,0.178939889265553
Test032,10,010.tif,0.2131039649248123,214.41403198242188,0.4084493517875671,0.0079778746941814,0.8419041037559509,0.0690057992340898,0.0431658811867237,1,0.44257855595924767,0.18107762625163715
Test032,11,011.tif,0.2098626643419265,175.12734985351562,0.4201002120971679,0.0107435379214977,0.7665342092514038,0.1068121374046586,0.0546940453350544,1,0.4174083081320068,0.19999098862286308
Test032,12,012.tif,0.2121609002351761,187.721435546875,0.4322459399700165,0.0113817678970322,0.7942183017730713,0.1204124640530543,0.0735542103648185,1,0.43247519396984935,0.2140312830280928
Test032,13,013.tif,0.2210950553417205,164.39170837402344,0.4620608389377594,0.0092809275608977,0.8881453275680542,0.098746895819889,0.0870106890797615,1,0.49000116599506705,0.21612317687244242
Test032,14,014.tif,0.211330845952034,190.50543212890625,0.4420672059059143,0.006568450164876,0.8064612746238708,0.0501454722010451,0.0890245586633682,1,0.46474940328573633,0.17452665152645247
Test032,15,015.tif,0.2113966941833496,164.76657104492188,0.4275455176830292,0.0079246888628869,0.8125951290130615,0.0692914489671717,0.0890816822648048,1,0.4494459787746984,0.18333780790942972
Test032,16,016.tif,0.2098468542098999,193.62168884277344,0.4323931336402893,0.0128177853419848,0.8811041712760925,0.1490455706272979,0.097528375685215,1,0.4509867935351365,0.23962793749964945
Test032,17,017.tif,0.2200226485729217,164.68658447265625,0.4674000144004822,0.0138549090522284,0.7626639008522034,0.1636624822391405,0.106178380548954,1,0.4402232815045508,0.2466307220187636
Test032,18,018.tif,0.2494639903306961,194.95559692382807,0.5623317956924438,0.0148654398468248,0.8244638442993164,0.1857000206695812,0.1235689967870712,1,0.5218095546232071,0.28653288085566897
Test032,19,019.tif,0.2475293576717376,164.73828125,0.5361624360084534,0.0142538027869375,0.8170921802520752,0.175194304675263,0.1485787630081176,1,0.5043676218312279,0.27394629982205243
Test032,20,020.tif,0.2271157056093216,209.61546325683597,0.5379576683044434,0.0121263695351558,0.8540329933166504,0.1441342804836854,0.1635473370552063,1,0.5230408675189762,0.25780625659427264
Test032,21,021.tif,0.2300884276628494,187.54042053222656,0.5431926250457764,0.0173119880863737,0.8585712313652039,0.2290839506191244,0.1795550137758255,1,0.5076841024052288,0.31266399615495566
Test032,22,022.tif,0.241175040602684,186.2995758056641,0.5760661959648132,0.0169662801829592,0.8609178066253662,0.2237262735085073,0.1915677636861801,1,0.5318645143136234,0.3161677457500421
Test032,23,023.tif,0.2632812857627868,180.26124572753903,0.6273077130317688,0.0176576959897883,0.8642449378967285,0.2354402884919434,0.2015158236026764,1,0.5628633137865475,0.33366719608032464
Test032,24,024.tif,0.2724297344684601,215.7359771728516,0.6649504899978638,0.0181629613870864,0.873965322971344,0.2449789450750391,0.2154727429151535,1,0.5858720099226163,0.34724686452931225
Test032,25,025.tif,0.2534230947494507,200.8501434326172,0.6359238624572754,0.0195723859163918,0.9240675568580629,0.2753319587781629,0.241712287068367,1,0.5747035384331152,0.36514343267464855
Test032,26,026.tif,0.250533789396286,225.1969451904297,0.6687375903129578,0.0220987129028826,0.9214524030685424,0.3175659808885257,0.2594086527824402,1,0.5851265324999397,0.3978341463719499
Test032,27,027.tif,0.2752689719200134,229.9955291748047,0.7131302952766418,0.0234549516008935,0.866944432258606,0.3307822466943262,0.280819833278656,1,0.5949526699420946,0.41003337366865666
Test032,28,028.tif,0.3168546259403229,200.32310485839844,0.8194447159767151,0.0260078715030315,0.7471466064453125,0.3487074925627952,0.3034733235836029,1,0.621748450518202,0.43061977994941725
Test032,29,029.tif,0.3019243478775024,197.0613250732422,0.813500165939331,0.0264067652377406,0.8323875069618225,0.3721362290678774,0.328904777765274,1,0.6336616072404642,0.4505938425196534
Test032,30,030.tif,0.2690189182758331,177.9440460205078,0.7573024034500122,0.0278427826826933,0.973850667476654,0.4257456157359072,0.3589875102043152,1,0.6268320287460931,0.486071539638963
Test032,31,031.tif,0.2598000764846802,203.78561401367188,0.7026627659797668,0.0281353047548133,0.8540940284729004,0.4046755914080683,0.3764094412326813,1,0.570460115127236,0.4544109485238186
Test032,32,032.tif,0.2601356506347656,190.5887451171875,0.6877445578575134,0.0282150835017551,0.7922924757003784,0.3924418277972033,0.3887413442134857,1,0.5469491665947763,0.43879402943647516
Test032,33,033.tif,0.2735444009304046,203.0373687744141,0.7296931743621826,0.0279225614296351,0.8147493004798889,0.3926993804717248,0.397539734840393,1,0.5788558668843788,0.44854632639552094
Test032,34,034.tif,0.2174131870269775,191.1366271972656,0.583618700504303,0.028986278055526,0.7004355192184448,0.3838393704190673,0.3998803496360779,1,0.44658857234733684,0.40266413099754816
Test032,35,035.tif,0.2080166488885879,195.6431427001953,0.443844199180603,0.031831720029784,0.6900774240493774,0.4062835396711532,0.3959879279136657,1,0.3067333908338432,0.3764184950199602
Test032,36,036.tif,0.2564422786235809,185.1187286376953,0.6801283955574036,0.0340123391128603,0.8658227324485779,0.5034860264934456,0.4157500267028808,1,0.5380546688874057,0.5138566192116336
Test032,37,037.tif,0.2756252884864807,182.87921142578125,0.7167147994041443,0.0329220295713221,0.7905645966529846,0.4660416793881992,0.4304699897766113,1,0.5480497461304513,0.49064409941087483
Test032,38,038.tif,0.3170635402202606,217.6838836669922,0.7919183373451233,0.0285076055738751,0.8141859173774719,0.4018937992131641,0.4323088526725769,1,0.6123515422848633,0.4650311221346738
Test032,39,039.tif,0.3321258425712585,190.35926818847656,0.8102088570594788,0.0274438889479842,0.7108839750289917,0.3630352109630729,0.4281480312347412,1,0.605113083012316,0.4356585725778458
Test032,40,040.tif,0.3294035494327545,178.64718627929688,0.7857590317726135,0.0329220295713221,0.834847092628479,0.4775673673362895,0.4424048364162445,1,0.5991957824865817,0.5140558918813771
Test032,41,041.tif,0.3250230848789215,150.74578857421875,0.7895739674568176,0.0322837995957876,0.9642403721809388,0.5002414904720495,0.4417559206485748,1,0.6287621100796684,0.5387976763543351
Test032,42,042.tif,0.3209388256072998,211.2790069580078,0.808748185634613,0.0342516753536857,0.9120044708251952,0.5199647369026777,0.4525405466556549,1,0.6230198856502867,0.5508812815269604
Test032,43,043.tif,0.3417890667915344,152.49581909179688,0.8315193057060242,0.0322572066801404,0.8931199908256531,0.4816870645104708,0.4684991836547851,1,0.6372256664737619,0.5283486450994581
Test032,44,044.tif,0.3401547074317932,184.0926971435547,0.8619350790977478,0.0363525156898202,0.7822798490524292,0.5175521978769423,0.4994025826454162,1,0.619986530412879,0.5482824976377232
Test032,45,045.tif,0.3126862347126007,163.46241760253906,0.839459240436554,0.034570790341453,0.8151592016220093,0.498712274383533,0.5036315321922302,1,0.6197231442204413,0.5350155353346054
Test032,46,046.tif,0.2926387190818786,195.88833618164065,0.8274596333503723,0.0375226039783001,0.9046761989593506,0.5726566416856478,0.5181145668029785,1,0.624518503228535,0.5882152001485139
Test032,47,047.tif,0.314893513917923,166.47862243652344,0.9375798106193542,0.0342250824380385,0.8415300846099854,0.5003695551022189,0.5141955614089966,1,0.6742421489386269,0.5525313332531413
Test032,48,048.tif,0.2962564826011657,192.58151245117188,0.8922306299209595,0.0348101265822784,0.8279877305030823,0.5060771145483137,0.5190735459327698,1,0.6486574594572607,0.5488512180209978
Test032,49,049.tif,0.2826559245586395,197.1843414306641,0.8505021333694458,0.0363259227741729,0.7582854628562927,0.5101741013240418,0.5175979137420654,1,0.6091204737094855,0.539858013039675
Test032,50,050.tif,0.3295746445655823,235.77520751953125,1.0121212005615234,0.0376821614721838,0.85187166929245,0.5593741208875714,0.5297302603721619,1,0.7031376620048824,0.6025031832227647
Test032,51,051.tif,0.3300036787986755,172.63735961914062,1.047102928161621,0.0405807892777364,0.8212708234786987,0.5964693124687417,0.5344927906990051,1,0.719550863858542,0.6333937778856817
Test032,52,052.tif,0.2856742143630981,219.27346801757807,0.8939508199691772,0.0362461440272311,0.6504485607147217,0.4777290102064688,0.5299647450447083,1,0.6117842737912441,0.5179455892819014
Test032,53,053.tif,0.219104379415512,187.2139587402344,0.5951588153839111,0.0340921178598021,0.5435903668403625,0.4176136204257266,0.5122720003128052,0,0.3855310646813018,0.4079888537023991
Test032,54,054.tif,0.1769614517688751,215.84423828125,0.3431144952774048,0.0341718966067439,0.3310693502426147,0.2629583647813249,0.4628288745880127,0,0.19352698258861056,0.24212895012351057
Test032,55,055.tif,0.1655797511339187,177.9532470703125,0.3249819874763489,0.0344112328475694,0.4669193625450134,0.2877559270540172,0.4085052609443664,0,0.11141798015450322,0.23485454298416297
Test032,56,056.tif,0.1461664587259292,209.4029693603516,0.2765668034553528,0.0314594192107222,0.4494063258171081,0.2214068422947286,0.3334927558898926,0,0.07900993538676337,0.17868777022233903
Test032,57,057.tif,0.1622843891382217,151.24880981445312,0.2838424742221832,0.0306616317413041,0.6377906799316406,0.2655081068901064,0.2910485863685608,0,0.1158233676962741,0.2206026851319567
Test032,58,058.tif,0.1631738990545272,206.0857696533203,0.2913625538349151,0.0338261887033294,0.4922552704811096,0.2629964444931264,0.2601251602172851,0,0.06048405428985104,0.2022427274321438
Test032,59,059.tif,0.1620112508535385,170.62857055664062,0.299293041229248,0.0310339325603659,0.6309057474136353,0.2783580941776785,0.2632050812244415,0,0.1292635121050586,0.23362971955589248
Test032,60,060.tif,0.1674707382917404,178.70460510253906,0.3035388886928558,0.0360599936177002,0.6105884313583374,0.3264441712191547,0.270942747592926,0,0.08962334571247155,0.25539792356714974
Test032,61,061.tif,0.1767668724060058,180.2262725830078,0.3314611911773681,0.0347037549196894,0.6576378345489502,0.348265310741105,0.2963144183158874,0,0.15480812695096036,0.29022815560406157
Test032,62,062.tif,0.1597025394439697,203.35487365722656,0.3016601204872131,0.035448356557813,0.6916966438293457,0.3417252897773021,0.3115578591823578,0,0.12854649361607318,0.2777716509289334
Test032,63,063.tif,0.1675119698047638,196.22674560546875,0.2958048582077026,0.0348899053292202,0.7419794797897339,0.345038026408673,0.3279661834239959,0,0.1474233251874445,0.2857536160423044
Test032,64,064.tif,0.1613387912511825,199.07969665527344,0.2973983585834503,0.0358738432081693,0.6778208017349243,0.3387358147146887,0.3400417268276214,0,0.11404258623492736,0.2713278461707603
Test032,65,065.tif,0.169379323720932,199.61729431152344,0.3287438154220581,0.0362461440272311,0.6963639259338379,0.3742822330290296,0.3496093451976776,1,0.15788620369224882,0.30936342422799534
Test032,66,066.tif,0.1811123043298721,176.9139404296875,0.3626366853713989,0.0378151260504201,0.7702560424804688,0.444299053179726,0.368816077709198,1,0.2266576052932875,0.37900661881379444
Test032,67,067.tif,0.1928634196519851,197.58372497558597,0.405587375164032,0.0381874268694819,0.6648139357566833,0.4549447239342449,0.391459971666336,1,0.23411885362591278,0.3886969628417452
Test032,68,068.tif,0.200110986828804,194.78375244140625,0.4380868971347809,0.0408201255185618,0.8202720284461975,0.5715491737887328,0.4367622435092926,1,0.3384015051341047,0.5016048731923444
Test032,69,069.tif,0.1914584040641784,197.5225830078125,0.4214225113391876,0.0418306563131581,0.9182738065719604,0.6037444138979896,0.4897639155387878,1,0.36093076855833306,0.5309003202960926
Test032,70,070.tif,0.1922969669103622,211.9696044921875,0.4123773872852325,0.0443303903840017,0.935341477394104,0.6395801089660964,0.5428234934806824,1,0.3710206133178282,0.5590122602716159
Test032,71,071.tif,0.2052085399627685,193.24205017089844,0.4229117035865783,0.0447292841187107,0.8085286617279053,0.6107614007642886,0.5761159658432007,1,0.3409005147785854,0.5298031349685777
Test032,72,072.tif,0.225347951054573,202.8849639892578,0.4523575603961944,0.0422561429635145,0.6658386588096619,0.5547200759550044,0.5960710644721985,1,0.30632653112198394,0.4802020125050982
Test032,73,073.tif,0.2051564753055572,201.19644165039065,0.4113819897174835,0.044463354962238,0.6910175681114197,0.5522645572027105,0.5922141075134277,1,0.28709538791774103,0.47271380641721966
Test032,74,074.tif,0.1915130913257599,194.602294921875,0.374643862247467,0.0423891075417508,0.833549439907074,0.5368157596964156,0.5788283348083496,1,0.29025966902120204,0.4628489324938515
Test032,75,075.tif,0.1879310309886932,201.5145568847656,0.387690007686615,0.0457132219976598,0.8585048913955688,0.6058226107107653,0.5720769166946411,1,0.3300603259726882,0.5230939252893421
Test032,76,076.tif,0.1991372257471084,194.02305603027344,0.4157067835330963,0.0441176470588235,0.943394422531128,0.6426154376133146,0.578447699546814,1,0.3754818755008399,0.5624753689795722
Test032,77,077.tif,0.2059641033411026,191.45950317382807,0.4214650690555572,0.0409796830124454,0.8578068614006042,0.5704469664583701,0.5815930366516113,1,0.33641367968055325,0.5002369804250251
Test032,78,078.tif,0.226239413022995,202.81060791015625,0.4348956644535064,0.0418306563131581,0.7508465647697449,0.5602993314335186,0.5832000970840454,1,0.3169361848302493,0.48729038745253783
Test032,79,079.tif,0.2088275700807571,205.5315704345703,0.428438276052475,0.0435060099989362,0.9007132649421692,0.6309586041428284,0.6020286083221436,1,0.3700050081116135,0.5526725253334639
Test032,80,080.tif,0.2056984901428222,178.28848266601562,0.4247021675109863,0.0406605680246782,0.9588854312896729,0.601874773596071,0.601239025592804,1,0.37110590820744904,0.5326441139794844
Test032,81,081.tif,0.2125488966703415,194.96261596679688,0.4352909028530121,0.0421231783852781,0.8675901889801025,0.6047548794076425,0.5936669111251831,1,0.35836972034761116,0.530839331689633
Test032,82,082.tif,0.2155950963497162,193.6051483154297,0.4580655694007873,0.0423359217104563,0.838640570640564,0.6207863319378553,0.6037347912788391,1,0.3704748793112026,0.5456928961498594
Test032,83,083.tif,0.2260170876979828,190.04379272460935,0.4920901656150818,0.0429741516859908,0.6963768601417542,0.591203666238179,0.6099156141281128,1,0.3580105414239517,0.5212457287939108
Test032,84,084.tif,0.2257750034332275,215.64405822753903,0.5177340507507324,0.0447824699500053,0.7592771053314209,0.6410493912282641,0.6119338274002075,1,0.4090208836658663,0.5714408389595447
Test032,85,085.tif,0.2328221201896667,202.9480438232422,0.5364095568656921,0.0451813636847143,0.7194780707359314,0.6325677699936272,0.6180723905563354,1,0.41443286512706157,0.5671272985336574
Test032,86,086.tif,0.2263278663158416,215.2730712890625,0.5498165488243103,0.0441442399744708,0.7138227224349976,0.6148855953836803,0.6200985312461853,1,0.4189556853031552,0.5561066223595227
Test032,87,087.tif,0.2396125644445419,194.4169464111328,0.5815619826316833,0.0464046378044888,0.754936158657074,0.6644556328598773,0.6288323998451233,1,0.46570294396966805,0.6048298261928144
Test032,88,088.tif,0.2311162203550338,214.27691650390625,0.5966184139251709,0.0468833102861397,0.7651723027229309,0.6757477695402054,0.6457412838935852,1,0.48165330238305815,0.6175194293930613
Test032,89,089.tif,0.227534070611,188.47994995117188,0.5891423225402832,0.0466971598766088,0.7963861227035522,0.6847619206491347,0.6544837355613708,1,0.48368036428861516,0.6244374537409788
Test032,90,090.tif,0.2213765978813171,227.2548065185547,0.5802000164985657,0.0473619827677906,0.8203372955322266,0.7045144711563821,0.6688730716705322,1,0.4862192961498276,0.6390259186544157
Test032,91,091.tif,0.2297162562608719,207.2025909423828,0.6036057472229004,0.0475747260929688,0.8016020655632019,0.7006277429621921,0.6860215067863464,1,0.4989843433611728,0.6401347230818862
Test032,92,092.tif,0.2200625836849212,220.46615600585935,0.588340163230896,0.0458195936602489,0.8180596828460693,0.6790192990673336,0.6889342069625854,1,0.485197052047989,0.6208726249615302
Test032,93,093.tif,0.2012633383274078,168.98388671875,0.5576872229576111,0.0458195936602489,0.7379660606384277,0.6491054762570395,0.6836057901382446,1,0.439965107837205,0.5863633657310892
Test032,94,094.tif,0.1670546978712082,200.5521697998047,0.4022593796253204,0.0431071162642272,0.7127279043197632,0.5324231165380154,0.6531380414962769,1,0.27805182772278814,0.4561117298934472
Test032,95,095.tif,0.1676625162363052,154.47747802734375,0.3729878067970276,0.0413785767471545,0.8531216382980347,0.527889352171502,0.617812991142273,1,0.2899762058892592,0.4565154082868291
Test032,96,096.tif,0.180380493402481,191.08338928222656,0.4185836017131805,0.0470428677800234,0.8019828796386719,0.6375063851737327,0.6051887273788452,1,0.34681538107785925,0.5502990839449706
Test032,97,097.tif,0.2003088593482971,159.11764526367188,0.5256326198577881,0.0529464950537176,0.8473673462867737,0.8055308701748843,0.6304910182952881,1,0.4765614849027203,0.7068400545932351
Test032,98,098.tif,0.2737742364406585,195.10362243652344,0.8404914140701294,0.0499946814168705,0.8641787171363831,0.7645609179744062,0.6535821557044983,1,0.6593189301725491,0.7329883216338491
Test032,99,099.tif,0.3089574575424194,170.13629150390625,0.955942153930664,0.0513243271992341,0.960210144519806,0.8268242979746677,0.712462306022644,1,0.7273276066886201,0.7969752905888533
Test032,100,100.tif,0.3265227377414703,209.84483337402344,1.014392375946045,0.0499149026699287,0.9217601418495178,0.7868312123108624,0.7642506957054138,1,0.7410400076993959,0.7730938509274223
Test032,101,101.tif,0.3346630930900574,195.89263916015625,0.9785272479057312,0.0486916285501542,0.9597280025482178,0.7813341497847466,0.793016254901886,1,0.7302069188116548,0.765995980492819
Test032,102,102.tif,0.3291195631027221,240.2686462402344,0.9594438672065736,0.0466439740453143,0.8979561924934387,0.7225932271788001,0.7764288187026978,1,0.7092337256154864,0.718585376709806
Test032,103,103.tif,0.3363846838474273,212.9614715576172,0.9615494608879088,0.0481331773215615,0.8889690637588501,0.7438634635250811,0.7722892761230469,1,0.7122036756303867,0.7343655271566728
Test032,104,104.tif,0.3211482465267181,199.82940673828125,0.968739092350006,0.0505797255611105,0.8521111607551575,0.7691227040584925,0.7607489824295044,1,0.715305910802192,0.7529776660816023
Test032,105,105.tif,0.347227931022644,197.33706665039065,1.0591636896133425,0.0529730879693649,0.7818495035171509,0.7773782209199743,0.758858323097229,1,0.7451723720096242,0.7677164662468692
Test032,106,106.tif,0.3772290647029876,186.58380126953125,1.1639398336410522,0.0541697691734921,0.8312095403671265,0.8181477686687983,0.7662210464477539,1,0.7877211260885615,0.8090197758947273
Test032,107,107.tif,0.401790052652359,191.06314086914065,1.2504782676696775,0.052095521753005,0.9466478228569032,0.8342809392308272,0.7885586023330688,1,0.81993995514313,0.829978644004518
Test032,108,108.tif,0.4280418455600738,194.84217834472656,1.315310001373291,0.0510318051271141,0.9536471366882324,0.8190397447525695,0.8035939335823059,1,0.8348771088579793,0.8237909539841923
Test032,109,109.tif,0.437539279460907,200.31802368164065,1.3850486278533936,0.0484256993936815,0.9409133791923524,0.769302344975639,0.8036298751831055,1,0.8462135460107236,0.7923757052861644
Test032,110,110.tif,0.4413753449916839,185.3265838623047,1.435266613960266,0.048186363152856,0.8912087082862854,0.7456283173541756,0.7972798347473145,1,0.8527693823119136,0.7777706368414969
Test032,111,111.tif,0.4591318964958191,193.65635681152344,1.500995635986328,0.0471492394426124,0.9159516096115112,0.737941727612984,0.7812386751174927,1,0.8664000526764468,0.7764792251320229
Test032,112,112.tif,0.5350797176361084,202.9806060791016,1.6846123933792114,0.0484522923093287,0.9263270497322084,0.7639705387340059,0.7671765685081482,1,0.8985104879016464,0.804332523484298
Test032,113,113.tif,0.5085664391517639,193.96771240234372,1.6970312595367432,0.0466705669609616,0.9292417168617249,0.7349546332266672,0.7503595352172852,1,0.8989960390898657,0.7841670549856268
Test032,114,114.tif,0.4294289350509643,190.4564666748047,1.5443249940872192,0.0442240187214126,0.8791354298591614,0.6755124060355806,0.7316015362739563,1,0.868912821326964,0.7335325306229956
Test032,115,115.tif,0.329118013381958,182.67987060546875,1.2099413871765137,0.0382406127007765,0.8901405334472656,0.580198747101749,0.6985155940055847,1,0.7807945069856815,0.6403774750669288
Test032,116,116.tif,0.1624325662851333,192.93800354003903,0.3322064876556396,0.0397032230613764,0.8332751989364624,0.4605152205400374,0.6430302858352661,0,0.23000402917736518,0.3913618631312357
Test032,117,117.tif,0.1481117308139801,192.7471618652344,0.2458826750516891,0.039463886820551,0.7622101306915283,0.3553830612503738,0.5613128542900085,0,0.16875008539420644,0.2993931684935236
Test032,118,118.tif,0.1534418165683746,193.3034210205078,0.254486620426178,0.0385331347728965,0.7601170539855957,0.3533192998185431,0.484985738992691,0,0.1514099366396543,0.2927464908648765
Test032,119,119.tif,0.1471864581108093,148.21946716308594,0.2371716797351837,0.0419370279757472,0.7561281323432922,0.3690282009788365,0.4236888885498047,0,0.19245455073026174,0.31605610590426403
Test032,120,120.tif,0.1405960768461227,192.7411956787109,0.2331308126449585,0.0399691522178491,0.9413900375366212,0.406151667608231,0.3888794779777527,0,0.2580405824362769,0.36171834205664477
Test032,121,121.tif,0.1489319056272506,180.7507781982422,0.266564667224884,0.0392245505797255,0.8304335474967957,0.3934924301727775,0.3754749298095703,0,0.17188054742824488,0.32700886534941775
Test032,122,122.tif,0.1520527601242065,226.5918731689453,0.2762288153171539,0.0402084884586746,0.7705487012863159,0.3939306985693138,0.3831844627857208,0,0.14300220655623774,0.31865215096539096
Test032,123,123.tif,0.1503801643848419,144.54779052734375,0.251423567533493,0.0369109669184129,0.7480592727661133,0.3308826888312032,0.3786971271038055,0,0.14077396124247443,0.27385007055458455
Test032,124,124.tif,0.1473491936922073,181.1630706787109,0.2596771419048309,0.0378417189660674,0.800323486328125,0.3631604315650727,0.3775235712528229,0,0.1579257560001287,0.3015900288955895
Test032,125,125.tif,0.1440194547176361,150.67535400390625,0.243780568242073,0.0384267631103074,0.772450864315033,0.3464788579812206,0.3655890226364136,0,0.16868587813957492,0.29314096402872686
Test032,126,126.tif,0.1317442655563354,173.92076110839844,0.2271875888109207,0.0373896394000638,0.8371962308883667,0.3412375607853885,0.3551380336284637,0,0.2078381242586138,0.3012177298273561
Test032,127,127.tif,0.1406970620155334,179.113037109375,0.2445965558290481,0.0371768960748856,0.7059812545776367,0.3150825673439283,0.3393684029579162,0,0.13032543583023137,0.2596554278898192
Test032,128,128.tif,0.1388108432292938,199.35142517089844,0.2516319453716278,0.037017338581002,0.5671117305755615,0.2785070467776119,0.3288932740688324,0,0.05642003910495441,0.21188094447581465
Test032,129,129.tif,0.1322897374629974,191.0217742919922,0.2396320402622223,0.0400223380491437,0.7756218314170837,0.3593454383020689,0.328130304813385,0,0.18532239763268388,0.30713852610125336
Test032,130,130.tif,0.1343902349472046,212.09323120117188,0.2113357037305832,0.0394107009892564,0.7235817313194275,0.3108255039610879,0.3209996223449707,0,0.1921812379270229,0.2752322241508684
Test032,131,131.tif,0.140209749341011,214.36331176757807,0.2355029284954071,0.0377885331347728,0.7709691524505615,0.3324669070512072,0.3192454874515533,0,0.17351969525662025,0.28478274351283106
Test032,132,132.tif,0.1581374704837799,222.07778930664065,0.2836381793022156,0.0369907456653547,0.8892521858215332,0.4011102435839689,0.33645099401474,0,0.1819535601619705,0.3353632385573694
Test032,133,133.tif,0.153105542063713,182.49176025390625,0.258314698934555,0.0366450377619402,0.9331983923912048,0.3883589374732212,0.3584213852882385,0,0.21240208996941523,0.3355718832220794
Test032,134,134.tif,0.1401562392711639,217.0822296142578,0.239477589726448,0.0366184448462929,0.7599596381187439,0.3213485097457675,0.3508220314979553,0,0.1622243684439899,0.2736112673552342
Test032,135,135.tif,0.1490046232938766,158.43150329589844,0.2459443807601928,0.0360334007020529,0.8098340034484863,0.335447389253511,0.3557464182376861,0,0.17966672963757635,0.2887131913687306
Test032,136,136.tif,0.1394695788621902,195.3363342285156,0.2322912961244583,0.0369641527497074,0.7941582202911377,0.3286307443517204,0.3549791872501373,0,0.18280068735129185,0.28488172725159183
Test032,137,137.tif,0.1336874961853027,191.0600128173828,0.2158026546239853,0.0362727369428784,0.8332710862159729,0.3193661400629604,0.3386303782463074,0,0.2217151060909397,0.2900708298713542
Test032,138,138.tif,0.1373598873615265,208.763916015625,0.2346940636634826,0.0372832677374747,0.8678354024887085,0.355820311498335,0.3321226239204407,0,0.2111728547449061,0.3124260744723063
Test032,139,139.tif,0.1348304897546768,169.03179931640625,0.2152706384658813,0.0366716306775874,0.8435287475585938,0.3257812715808396,0.3330091536045074,0,0.22389935127991278,0.2952166954905615
Test032,140,140.tif,0.1443165987730026,201.82440185546875,0.2301115244626999,0.0374428252313583,0.871803879737854,0.3546937072308615,0.3368584215641022,0,0.21884309778276134,0.31393852439643144
Test032,141,141.tif,0.1512634605169296,173.52740478515625,0.2509222328662872,0.0386660993511328,0.863873302936554,0.3836766389326018,0.3478676080703735,0,0.20013731075995578,0.32861484048080797
Test032,142,142.tif,0.1558041423559188,185.8332061767578,0.2655847370624542,0.0361929581959366,0.8696091771125793,0.370814598713768,0.3581573069095611,0,0.18094654840580215,0.31385418362137824
Test032,143,143.tif,0.1567720174789428,163.29751586914062,0.2746446430683136,0.0371768960748856,0.8826078176498413,0.3935848040809777,0.3657101988792419,0,0.17098583860190086,0.32680511443725463
Test032,144,144.tif,0.1461779326200485,192.9374542236328,0.2388259768486023,0.0354217636421657,0.8004059791564941,0.3206987245323929,0.3646937012672424,0,0.18791950257499979,0.28086495794517496
Test032,145,145.tif,0.1384946405887603,210.1438751220703,0.2238323241472244,0.0361131794489947,0.9037835001945496,0.3448627887449935,0.3627275228500366,0,0.24168019439409472,0.31390801043972383
Test032,146,146.tif,0.1600487381219864,240.8751220703125,0.250019758939743,0.0349962769918093,0.8781967759132385,0.3471580153204073,0.3554237782955169,0,0.2098408212552051,0.3059628571008466
Test032,147,147.tif,0.1607107669115066,225.48223876953125,0.2839251160621643,0.0362195511115838,0.9219900965690612,0.4016460847886856,0.3615900874137878,0,0.20079245654649636,0.3413899963160288
Test032,148,148.tif,0.1558825224637985,211.63658142089844,0.2563213109970093,0.0348899053292202,0.9438027143478394,0.3692749024414085,0.3567281365394592,0,0.22973041236405467,0.3274115554182023
Test032,149,149.tif,0.1541500836610794,200.1756134033203,0.2545449137687683,0.0361663652802893,0.8158901929855347,0.3457592175632858,0.3617401719093323,0,0.17133470532322914,0.2934318638912688
Test032,150,150.tif,0.1485533416271209,192.5813140869141,0.2551168501377105,0.037017338581002,0.886825680732727,0.3762073613964362,0.368009090423584,0,0.1947497680544804,0.32177008339384944
Test032,151,151.tif,0.1448607444763183,194.9134979248047,0.2598762214183807,0.0386129135198383,0.8633220195770264,0.3909844330973989,0.3767743706703186,0,0.18939112277492387,0.3305064400006563
Test032,152,152.tif,0.1617071628570556,173.80857849121094,0.2685988545417785,0.0378151260504201,0.863632321357727,0.3899230768358461,0.3744297921657562,0,0.17423623345961148,0.3252170238229757
Test032,153,153.tif,0.1714564114809036,200.72219848632807,0.2933848798274994,0.038293798532071,0.9127974510192872,0.4325377124195669,0.3870823681354522,0,0.21019777356926916,0.36583573076447756
Test032,154,154.tif,0.1510466635227203,196.9980010986328,0.2881150245666504,0.0387724710137219,0.8515075445175171,0.414587100553326,0.4008479118347168,0,0.1821057488469665,0.3448426950414181
Test032,155,155.tif,0.1575085222721099,179.84494018554688,0.2656918466091156,0.0383735772790128,0.8071463108062744,0.3762239977396772,0.4008512496948242,0,0.15728887320213847,0.3105434603784155
Test032,156,156.tif,0.1481519490480423,191.6391143798828,0.2560795247554779,0.0402882672056164,0.7300213575363159,0.3626265096148917,0.3951796889305115,0,0.148330587301307,0.2983377329208163
Test032,157,157.tif,0.1588901281356811,200.69357299804688,0.3022540807723999,0.0416976917349218,0.7328885197639465,0.4225659121419821,0.4017082750797272,0,0.1678082299713719,0.34613860749079906
Test032,158,158.tif,0.1631724089384079,202.96273803710935,0.2901863157749176,0.0402084884586746,0.883497953414917,0.4436761898515974,0.403935968875885,0,0.2068674068374473,0.37263355494735234
Test032,159,159.tif,0.1543040722608566,196.87225341796875,0.268310546875,0.0395170726518455,0.8019484877586365,0.3892416934245976,0.3988668620586395,0,0.159624436211255,0.32035651626059475
Test032,160,160.tif,0.1494146883487701,194.07118225097656,0.2516863048076629,0.0399425593022018,0.8220884203910828,0.3847754013399471,0.4005771577358246,0,0.19027905832093983,0.32642649843424487
Test032,161,161.tif,0.1489214450120926,183.1090545654297,0.2542629539966583,0.0389054355919583,0.8363394141197205,0.3806887078671375,0.4041895866394043,0,0.18652017792434128,0.32243814888429856
Test032,162,162.tif,0.1432438790798187,192.7714080810547,0.2468851208686828,0.0402350813743218,0.6924998164176941,0.3412797506497776,0.3879323601722717,0,0.14266678907611574,0.28169586217767906
Test032,163,163.tif,0.1412112563848495,193.7130584716797,0.2559732794761657,0.0399691522178491,0.8515156507492065,0.398538605355396,0.3789048194885254,0,0.1976983586976062,0.338286531358059
Test032,164,164.tif,0.1565575003623962,187.5481414794922,0.2757240831851959,0.0401287097117327,0.979362428188324,0.4601646044483629,0.3930893838405609,0,0.2287342637777635,0.390735502247183
Test032,165,165.tif,0.1443448662757873,193.2963409423828,0.2661493718624115,0.041724284650569,0.9069572687149048,0.446272843311276,0.4053888916969299,0,0.2198443867031339,0.37834430632883337
Test032,166,166.tif,0.1493908911943435,187.89991760253903,0.2669757604598999,0.0406339751090309,0.7597143650054932,0.386114543321382,0.4064740538597107,0,0.15050733924979753,0.31543238209990665
Test032,167,167.tif,0.1446346938610077,194.56100463867188,0.2686913311481476,0.0408201255185618,0.6504383087158203,0.3536602882474425,0.4089501798152923,0,0.10085891353838838,0.2778198758347262
Test032,168,168.tif,0.1528993397951126,189.7156982421875,0.2929359376430511,0.0393841080736091,0.8359377384185791,0.4212256353531269,0.4134875833988189,0,0.18514942147753832,0.35040277119045027
Test032,169,169.tif,0.1534086167812347,175.868896484375,0.279194176197052,0.0400755238804382,0.8669846653938293,0.4264461029591083,0.4067439138889313,0,0.18677310864776997,0.35454420466570674
Test032,170,170.tif,0.1478111892938614,181.25314331054688,0.2687135934829712,0.038586320604191,0.7056014537811279,0.3497420705292475,0.3874377310276031,0,0.1101046094843513,0.2778508322157786
Test032,171,171.tif,0.1500632166862487,201.5348052978516,0.2759388089179992,0.0408201255185618,0.7846366763114929,0.4048196730904299,0.3911787569522857,0,0.1529501738214637,0.32925882330974
Test032,172,172.tif,0.1437169462442398,184.60533142089844,0.2568556070327759,0.0385065418572492,0.6233423948287964,0.3128739655263808,0.3830214738845825,0,0.08670790990826238,0.24502414884094526
Test032,173,173.tif,0.1435900181531906,191.03536987304688,0.2623578608036041,0.0408201255185618,0.5892269611358643,0.3274312323137963,0.3642626106739044,0,0.08053416013904435,0.2533621106613707
Test032,174,174.tif,0.1476447284221649,205.0325469970703,0.2887546420097351,0.0397830018083182,0.7563853859901428,0.3964955486557945,0.3582724928855896,0,0.14901723106182285,0.322252053377603
Test032,175,175.tif,0.1476447880268097,188.8160552978516,0.2862214744091034,0.0422827358791617,0.777282178401947,0.4282802793637693,0.3739801347255707,0,0.17173930525854486,0.35131798713220197
Test032,176,176.tif,0.1526049524545669,199.4302520751953,0.282098114490509,0.0418572492288054,0.783988356590271,0.4218307407310994,0.3773823380470276,0,0.16693070768309948,0.3453607308166994
Test032,177,177.tif,0.1465948522090912,188.9550323486328,0.2933566868305206,0.0407669396872673,0.8075202703475952,0.4284028354802947,0.4004881381988525,0,0.18278773883448574,0.354718306486552
Test032,178,178.tif,0.1450669318437576,189.75863647460935,0.2776032090187073,0.0427880012764599,0.8896331191062927,0.4641296304140026,0.4278278350830078,0,0.21158680696974075,0.38836678338072406
Test032,179,179.tif,0.1532415002584457,179.411865234375,0.3454923927783966,0.043186895011169,0.9281880259513856,0.5513028535166308,0.4587892889976501,0,0.29984814893828204,0.4758664421431261
Test032,180,180.tif,0.1725679337978363,197.8954315185547,0.3819969594478607,0.0422561429635145,0.9243715405464172,0.5733681354445812,0.4878068566322326,0,0.32874414439014066,0.499980938128249
Test032,181,181.tif,0.1699938625097274,189.8334503173828,0.3642391562461853,0.0399691522178491,0.9140286445617676,0.519813409479767,0.5074033737182617,0,0.2953068551225335,0.4524614431725969
Test032,182,182.tif,0.1662527173757553,211.56781005859372,0.362626850605011,0.0401287097117327,0.8801296949386597,0.5095932439467419,0.5236414670944214,0,0.2822691435097473,0.4413960138156435
Test032,183,183.tif,0.1647702902555465,188.3468475341797,0.3665681183338165,0.0436655674928199,0.887515664100647,0.5651633422837443,0.5438481569290161,0,0.3087380167153052,0.48823574461321256
Test032,184,184.tif,0.1685019582509994,185.24832153320312,0.4103761613368988,0.0456866290820125,0.7960458397865295,0.6066823914221808,0.5549241304397583,0,0.3299797936832213,0.523671612100493
Test032,185,185.tif,0.1873545497655868,188.7022857666016,0.4532424807548523,0.0426816296138708,0.8250495195388794,0.6167395884050936,0.5635983943939209,0,0.3635142311011327,0.5407719812139054
Test032,186,186.tif,0.1880685985088348,192.62701416015625,0.4264185726642608,0.0440378683118817,0.9017565250396729,0.6375762609092603,0.5871509909629822,0,0.37121877372572454,0.5576690147541996
Test032,187,187.tif,0.1803054064512252,195.6306304931641,0.3868606686592102,0.0441176470588235,0.8632878661155701,0.5839006495404693,0.6020124554634094,0,0.3223361308132403,0.5054312939223006
Test032,188,188.tif,0.1857255697250366,195.7899932861328,0.4211995303630829,0.0442240187214126,0.9225118160247804,0.6425079464379285,0.6174814105033875,0,0.3741857749833487,0.5620112950015546
Test032,189,189.tif,0.2025314569473266,177.89808654785156,0.4654597043991089,0.0430539304329326,0.8399969339370728,0.6401574316787657,0.6241763830184937,0,0.38100152051402214,0.5624106583293427
Test032,190,190.tif,0.1890814751386642,187.34017944335935,0.3960998952388763,0.043186895011169,0.8063907623291016,0.5600482431346759,0.612838089466095,0,0.30623884532447043,0.4839054237916143
Test032,191,191.tif,0.1753166913986206,198.80316162109372,0.3941645622253418,0.0412987980002127,0.9233916997909546,0.5707398206940624,0.5994707942008972,0,0.3347792987045699,0.4999516640972146
Test032,192,192.tif,0.1806152462959289,202.20748901367188,0.3788615465164184,0.0405541963620891,0.6574620008468628,0.4580112221736913,0.5742929577827454,0,0.21662169786283492,0.38559436488043436
Test032,193,193.tif,0.1751617640256881,192.1417388916016,0.3712195158004761,0.0398095947239655,0.7963528037071228,0.4863033672232029,0.5430520176887512,0,0.2580050774011625,0.4178138802765908
Test032,194,194.tif,0.1923001557588577,187.78717041015625,0.4527299702167511,0.0376821614721838,0.8300703167915344,0.539573000763193,0.5229350924491882,0,0.33881615644217056,0.4793459474668863
Test032,195,195.tif,0.1739530712366104,182.5172119140625,0.4047031104564667,0.0372566748218274,0.7728486657142639,0.4742823155880915,0.5057819485664368,0,0.2689547917827053,0.4126840584464756
Test032,196,196.tif,0.1735581457614898,188.13336181640625,0.4152361452579498,0.0362461440272311,0.8849320411682129,0.5014648935003223,0.4919269680976867,0,0.32316745463333174,0.4479756618402251
Test032,197,197.tif,0.1646451354026794,201.5585784912109,0.363946259021759,0.037309860653122,0.783287763595581,0.4428291642529194,0.4888905584812164,0,0.23011209670393795,0.3790140439882249
Test032,198,198.tif,0.2284423410892486,209.8652801513672,0.5385743975639343,0.0365918519306456,0.7425768375396729,0.5096837211031725,0.4935666024684906,0,0.38669651857308684,0.47278756034414676
Test032,199,199.tif,0.1843569278717041,207.7396697998047,0.4039103090763092,0.0388522497606637,0.8151048421859741,0.5090280021669251,0.4874576032161712,0,0.2928424166012161,0.4441723264972124
Test032,200,200.tif,0.1657872051000595,181.8555603027344,0.3555594086647033,0.0385331347728965,0.8781143426895142,0.4805661517748197,0.4887143969535827,0,0.26502287461988416,0.415903168628339
